Date,fc_precip_day,fc_precip_evening,fc_temp,fc_cloud,lead
2023-06-01,0.0,0.0,20.51666666666667,50.0,1
2023-06-02,0.0,0.0,20.150000000000002,36.291666666666664,1
2023-06-03,0.0,0.0,20.791666666666668,8.166666666666666,1
2023-06-04,0.0,0.0,20.070833333333333,27.791666666666668,1
2023-06-05,0.0,0.0,19.266666666666666,30.625,1
2023-06-06,0.0,0.0,19.208333333333332,21.75,1
2023-06-07,0.0,0.0,20.587500000000002,65.125,1
2023-06-08,0.2,0.2,20.224999999999998,48.083333333333336,1
2023-06-09,0.3,0.0,21.0625,50.833333333333336,1
2023-06-10,7.8,1.8000000000000003,20.983333333333334,67.25,1
2023-06-11,7.8,0.1,21.429166666666664,69.08333333333333,1
2023-06-12,0.5,0.0,20.675,41.375,1
2023-06-13,0.0,0.0,19.908333333333335,34.291666666666664,1
2023-06-14,0.8,0.0,20.654166666666665,31.208333333333332,1
2023-06-15,0.0,0.0,21.304166666666667,31.5,1
2023-06-16,0.0,0.0,22.183333333333334,2.1666666666666665,1
2023-06-17,0.0,0.0,21.675,30.875,1
2023-06-18,0.0,0.0,23.191666666666666,44.166666666666664,1
2023-06-19,0.0,0.0,25.545833333333334,25.833333333333332,1
2023-06-20,1.5000000000000002,0.0,22.4375,69.66666666666667,1
2023-06-21,35.5,0.0,20.120833333333334,77.91666666666667,1
2023-06-22,0.0,0.0,21.916666666666668,16.0,1
2023-06-23,0.0,0.0,23.416666666666668,18.5,1
2023-06-24,0.0,0.0,24.820833333333336,20.208333333333332,1
2023-06-25,0.0,0.0,25.791666666666668,48.666666666666664,1
2023-06-26,32.0,0.5,23.3625,78.29166666666667,1
2023-06-27,4.7,0.0,24.40416666666667,38.083333333333336,1
2023-06-28,0.0,0.0,24.2625,68.5,1
2023-06-29,71.8,0.6000000000000001,23.416666666666668,90.875,1
2023-06-30,0.0,0.0,24.566666666666666,78.0,1
2023-07-01,0.0,0.0,26.15416666666667,31.958333333333332,1
2023-07-02,0.0,0.0,23.46666666666667,68.125,1
2023-07-03,0.0,0.0,26.5,54.083333333333336,1
2023-07-04,32.1,17.8,24.90416666666667,63.375,1
2023-07-05,13.2,0.0,24.791666666666668,37.75,1
2023-07-06,0.0,0.0,25.879166666666666,37.375,1
2023-07-07,0.0,0.0,25.4875,59.541666666666664,1
2023-07-08,0.0,0.0,26.45,27.375,1
2023-07-09,8.7,5.7,25.566666666666666,67.79166666666667,1
2023-07-10,106.6,0.7,24.337500000000002,82.125,1
2023-07-11,81.7,34.9,24.858333333333334,93.79166666666667,1
2023-07-12,20.6,0.0,25.745833333333334,70.16666666666667,1
2023-07-13,56.4,6.6000000000000005,24.65833333333333,87.08333333333333,1
2023-07-14,143.7,14.8,24.808333333333334,82.0,1
2023-07-15,3.0,0.1,25.224999999999998,78.33333333333333,1
2023-07-16,0.8,0.0,23.7375,69.04166666666667,1
2023-07-17,11.799999999999999,0.2,24.304166666666664,64.375,1
2023-07-18,4.800000000000001,0.0,24.320833333333336,65.33333333333333,1
2023-07-19,0.0,0.0,26.770833333333332,12.0,1
2023-07-20,0.0,0.0,26.895833333333332,11.625,1
2023-07-21,0.0,0.0,27.78333333333333,7.708333333333333,1
2023-07-22,6.5,4.0,27.0,41.291666666666664,1
2023-07-23,63.7,1.2,25.6875,77.83333333333333,1
2023-07-24,1.0,0.0,26.704166666666666,58.083333333333336,1
2023-07-25,1.7,0.4,26.175,64.75,1
2023-07-26,4.5,0.5,25.212500000000002,42.208333333333336,1
2023-07-27,0.1,0.0,26.71666666666667,55.5,1
2023-07-28,0.0,0.0,28.179166666666664,32.916666666666664,1
2023-07-29,0.0,0.0,27.883333333333336,56.291666666666664,1
2023-07-30,0.0,0.0,28.758333333333336,29.0,1
2023-07-31,0.7,0.0,27.629166666666666,33.458333333333336,1
2023-08-01,0.0,0.0,28.59166666666667,49.541666666666664,1
2023-08-02,0.0,0.0,28.483333333333334,24.791666666666668,1
2023-08-03,0.0,0.0,27.770833333333332,22.041666666666668,1
2023-08-04,0.0,0.0,28.479166666666668,23.625,1
2023-08-05,0.0,0.0,28.84583333333333,19.125,1
2023-08-06,0.1,0.1,28.608333333333334,26.916666666666668,1
2023-08-07,0.4,0.4,29.704166666666666,26.5,1
2023-08-08,0.0,0.0,29.7375,21.583333333333332,1
2023-08-09,12.2,2.8,26.983333333333334,72.33333333333333,1
2023-08-10,205.3,32.1,25.620833333333334,92.04166666666667,1
2023-08-11,72.2,0.2,24.541666666666668,82.375,1
2023-08-12,6.7,0.0,23.837500000000002,69.16666666666667,1
2023-08-13,0.7999999999999999,0.0,26.125,42.583333333333336,1
2023-08-14,0.0,0.0,26.962500000000002,25.125,1
2023-08-15,0.0,0.0,27.95,24.333333333333332,1
2023-08-16,0.0,0.0,27.09583333333333,24.416666666666668,1
2023-08-17,0.0,0.0,27.633333333333336,15.875,1
2023-08-18,0.1,0.0,28.212500000000002,16.708333333333332,1
2023-08-19,0.0,0.0,27.945833333333336,27.625,1
2023-08-20,2.0,0.0,25.537499999999998,65.0,1
2023-08-21,2.1,0.1,26.587500000000002,61.666666666666664,1
2023-08-22,5.8,1.0,26.358333333333334,69.41666666666667,1
2023-08-23,47.2,1.3,25.320833333333336,84.0,1
2023-08-24,6.1000000000000005,0.5,25.083333333333332,72.41666666666667,1
2023-08-25,0.6000000000000001,0.0,26.133333333333336,37.416666666666664,1
2023-08-26,0.0,0.0,24.875,44.333333333333336,1
2023-08-27,0.0,0.0,24.72083333333333,56.5,1
2023-08-28,8.6,1.6,22.620833333333334,75.33333333333333,1
2023-08-29,27.3,7.7,24.3,79.16666666666667,1
2023-08-30,31.7,0.2,21.929166666666664,72.375,1
2023-08-31,0.0,0.0,22.954166666666666,54.333333333333336,1
2023-09-01,0.0,0.0,24.358333333333334,1.5833333333333333,1
2023-09-02,0.0,0.0,24.8625,19.541666666666668,1
2023-09-03,1.2000000000000002,0.4,24.45,56.958333333333336,1
2023-09-04,0.0,0.0,26.179166666666664,37.291666666666664,1
2023-09-05,0.30000000000000004,0.1,26.729166666666668,45.583333333333336,1
2023-09-06,0.0,0.0,26.120833333333334,4.208333333333333,1
2023-09-07,0.0,0.0,24.675,0.0,1
2023-09-08,0.0,0.0,23.7,2.7916666666666665,1
2023-09-09,0.0,0.0,24.212500000000002,18.541666666666668,1
2023-09-10,0.0,0.0,24.212500000000002,22.708333333333332,1
2023-09-11,0.0,0.0,24.15833333333333,25.458333333333332,1
2023-09-12,0.0,0.0,23.758333333333336,57.458333333333336,1
2023-09-13,2.2,0.30000000000000004,22.441666666666666,65.5,1
2023-09-14,0.0,0.0,23.087500000000002,49.666666666666664,1
2023-09-15,56.0,36.4,22.037499999999998,81.45833333333333,1
2023-09-16,45.5,20.1,23.445833333333336,66.54166666666667,1
2023-09-17,14.8,0.0,23.729166666666668,50.916666666666664,1
2023-09-18,0.1,0.0,23.620833333333334,35.708333333333336,1
2023-09-19,0.7000000000000001,0.4,22.583333333333332,58.333333333333336,1
2023-09-20,8.4,3.4000000000000004,21.433333333333334,84.08333333333333,1
2023-09-21,0.1,0.0,21.166666666666668,37.25,1
2023-09-22,0.0,0.0,20.066666666666666,5.708333333333333,1
2023-09-23,0.0,0.0,21.254166666666666,25.541666666666668,1
2023-09-24,0.0,0.0,21.241666666666667,19.708333333333332,1
2023-09-25,1.4,0.9,20.25,68.66666666666667,1
2023-09-26,10.4,0.3,19.625,82.83333333333333,1
2023-09-27,2.6,0.0,20.545833333333334,66.08333333333333,1
2023-09-28,0.0,0.0,21.77916666666667,20.916666666666668,1
2023-09-29,0.0,0.0,18.974999999999998,32.041666666666664,1
2023-09-30,1.1,0.0,19.641666666666666,27.5,1
2023-10-01,0.0,0.0,17.5625,1.2916666666666667,1
2023-10-02,0.0,0.0,17.4375,14.708333333333334,1
2023-10-03,0.0,0.0,17.7375,39.083333333333336,1
2023-10-04,0.0,0.0,18.066666666666666,25.625,1
2023-10-05,0.0,0.0,13.779166666666667,3.1666666666666665,1
2023-10-06,0.0,0.0,14.916666666666666,21.041666666666668,1
2023-10-07,0.0,0.0,16.395833333333332,51.25,1
2023-10-08,0.0,0.0,16.516666666666666,48.875,1
2023-10-09,1.7000000000000002,1.7000000000000002,16.925,42.541666666666664,1
2023-10-10,0.0,0.0,16.525,13.791666666666666,1
2023-10-11,0.0,0.0,16.6875,14.75,1
2023-10-12,0.0,0.0,16.462500000000002,17.708333333333332,1
2023-10-13,0.0,0.0,16.587500000000002,42.0,1
2023-10-14,6.0,1.6,15.129166666666668,47.333333333333336,1
2023-10-15,0.0,0.0,15.183333333333332,13.0,1
2023-10-16,0.0,0.0,13.441666666666668,0.375,1
2023-10-17,0.0,0.0,12.554166666666667,0.0,1
2023-10-18,0.0,0.0,14.441666666666668,31.333333333333332,1
2023-10-19,9.7,0.0,15.879166666666668,72.25,1
2023-10-20,0.0,0.0,11.104166666666666,10.791666666666666,1
2023-10-21,0.0,0.0,9.254166666666666,2.0416666666666665,1
2023-10-22,0.0,0.0,11.700000000000001,25.75,1
2023-10-23,0.0,0.0,14.200000000000001,32.0,1
2023-10-24,0.0,0.0,14.720833333333333,22.541666666666668,1
2023-10-25,0.0,0.0,15.616666666666667,40.625,1
2023-10-26,0.7000000000000001,0.7000000000000001,15.979166666666666,75.70833333333333,1
2023-10-27,0.0,0.0,12.491666666666667,14.541666666666666,1
2023-10-28,0.0,0.0,12.570833333333333,0.3333333333333333,1
2023-10-29,0.0,0.0,13.095833333333333,0.0,1
2023-10-30,0.0,0.0,13.233333333333334,6.708333333333333,1
2023-10-31,0.0,0.0,13.716666666666667,44.375,1
2023-11-01,1.9,0.0,17.8,39.916666666666664,1
2023-11-02,0.0,0.0,18.891666666666666,35.083333333333336,1
2023-11-03,1.7000000000000002,0.0,17.7625,42.833333333333336,1
2023-11-04,0.0,0.0,14.554166666666667,65.04166666666667,1
2023-11-05,8.700000000000001,3.4,16.554166666666667,65.20833333333333,1
2023-11-06,42.1,1.5,15.15,67.25,1
2023-11-07,2.4,0.0,5.566666666666666,28.083333333333332,1
2023-11-08,0.0,0.0,6.7375,18.375,1
2023-11-09,0.9,0.1,10.658333333333333,40.333333333333336,1
2023-11-10,0.0,0.0,3.0208333333333335,20.791666666666668,1
2023-11-11,0.0,0.0,-0.125,5.708333333333333,1
2023-11-12,0.0,0.0,0.13749999999999998,1.0416666666666667,1
2023-11-13,0.0,0.0,0.07916666666666668,1.5833333333333333,1
2023-11-14,0.0,0.0,4.495833333333333,17.666666666666668,1
2023-11-15,0.0,0.0,6.620833333333334,30.25,1
2023-11-16,17.5,0.7,7.645833333333333,69.25,1
2023-11-17,0.4,0.0,1.175,32.791666666666664,1
2023-11-18,0.0,0.0,0.7083333333333334,10.125,1
2023-11-19,0.0,0.0,6.470833333333334,30.541666666666668,1
2023-11-20,0.0,0.0,4.929166666666666,0.0,1
2023-11-21,0.0,0.0,6.0625,1.25,1
2023-11-22,0.0,0.0,8.216666666666667,34.708333333333336,1
2023-11-23,0.2,0.0,8.0875,34.75,1
2023-11-24,0.0,0.0,-2.9875000000000003,4.333333333333333,1
2023-11-25,0.0,0.0,-3.1875,13.875,1
2023-11-26,0.0,0.0,1.125,63.666666666666664,1
2023-11-27,2.5,0.4,6.445833333333333,71.91666666666667,1
2023-11-28,0.0,0.0,0.09166666666666667,10.625,1
2023-11-29,0.2,0.0,-1.7208333333333332,52.916666666666664,1
2023-11-30,0.0,0.0,-4.504166666666666,2.125,1
2023-12-01,0.0,0.0,-2.3958333333333335,17.458333333333332,1
2023-12-02,0.0,0.0,0.6041666666666666,27.625,1
2023-12-03,0.0,0.0,-0.1208333333333333,0.0,1
2023-12-04,0.0,0.0,2.2333333333333334,27.958333333333332,1
2023-12-05,0.0,0.0,5.783333333333334,39.041666666666664,1
2023-12-06,1.7000000000000002,0.0,6.3500000000000005,41.083333333333336,1
2023-12-07,0.0,0.0,3.8833333333333333,11.25,1
2023-12-08,0.0,0.0,10.245833333333334,35.083333333333336,1
2023-12-09,0.0,0.0,9.991666666666667,26.208333333333332,1
2023-12-10,0.0,0.0,7.129166666666666,32.5,1
2023-12-11,23.8,10.4,8.045833333333333,75.70833333333333,1
2023-12-12,1.0,0.0,4.575,50.166666666666664,1
2023-12-13,0.0,0.0,4.55,24.458333333333332,1
2023-12-14,25.8,12.8,6.883333333333333,84.375,1
2023-12-15,20.3,0.0,4.675,82.91666666666667,1
2023-12-16,0.39999999999999997,0.0,-3.0124999999999997,54.375,1
2023-12-17,0.0,0.0,-10.529166666666667,0.25,1
2023-12-18,0.0,0.0,-8.045833333333333,39.583333333333336,1
2023-12-19,0.5,0.1,-3.625,66.875,1
2023-12-20,0.1,0.0,-7.666666666666667,4.625,1
2023-12-21,0.0,0.0,-12.104166666666666,0.7916666666666666,1
2023-12-22,0.0,0.0,-11.5875,0.25,1
2023-12-23,0.0,0.0,-6.733333333333333,16.666666666666668,1
2023-12-24,0.3,0.0,-2.0541666666666667,41.166666666666664,1
2023-12-25,0.1,0.0,-0.09583333333333334,44.0,1
2023-12-26,0.0,0.0,2.095833333333333,25.25,1
2023-12-27,0.0,0.0,0.32916666666666666,14.208333333333334,1
2023-12-28,0.0,0.0,0.38333333333333325,12.791666666666666,1
2023-12-29,0.0,0.0,0.45,13.333333333333334,1
2023-12-30,6.2,0.3,0.6791666666666667,74.16666666666667,1
2023-12-31,3.8,0.0,3.125,53.791666666666664,1
2024-01-01,0.0,0.0,2.1875,31.958333333333332,1
2024-01-02,0.0,0.0,2.9125,60.208333333333336,1
2024-01-03,0.0,0.0,1.3,38.291666666666664,1
2024-01-04,0.0,0.0,0.06666666666666661,13.916666666666666,1
2024-01-05,0.0,0.0,3.483333333333333,8.708333333333334,1
2024-01-06,0.0,0.0,-1.7000000000000002,2.4583333333333335,1
2024-01-07,0.0,0.0,-5.945833333333333,0.75,1
2024-01-08,0.0,0.0,-7.345833333333334,15.625,1
2024-01-09,7.4,4.0,-1.2666666666666666,75.875,1
2024-01-10,0.0,0.0,-0.8083333333333335,5.083333333333333,1
2024-01-11,0.0,0.0,0.21666666666666665,29.208333333333332,1
2024-01-12,0.0,0.0,-1.8625,0.20833333333333334,1
2024-01-13,0.0,0.0,-2.2958333333333334,0.0,1
2024-01-14,5.2,0.0,-3.700743415417188e-17,39.541666666666664,1
2024-01-15,0.0,0.0,-6.216666666666666,0.0,1
2024-01-16,0.0,0.0,-3.9916666666666667,19.583333333333332,1
2024-01-17,2.5,1.2,-2.2041666666666666,70.75,1
2024-01-18,0.5,0.0,3.3625000000000003,37.916666666666664,1
2024-01-19,0.0,0.0,4.179166666666666,50.5,1
2024-01-20,0.0,0.0,3.4583333333333335,52.208333333333336,1
2024-01-21,0.0,0.0,2.379166666666667,75.20833333333333,1
2024-01-22,0.0,0.0,-9.008333333333333,29.083333333333332,1
2024-01-23,0.0,0.0,-13.295833333333334,0.0,1
2024-01-24,0.0,0.0,-10.095833333333333,0.20833333333333334,1
2024-01-25,0.0,0.0,-7.141666666666667,0.0,1
2024-01-26,0.0,0.0,-2.8166666666666664,11.208333333333334,1
2024-01-27,0.0,0.0,-2.716666666666667,5.416666666666667,1
2024-01-28,0.0,0.0,-3.908333333333333,0.0,1
2024-01-29,0.0,0.0,-2.7125,2.0833333333333335,1
2024-01-30,0.0,0.0,-0.8541666666666666,13.625,1
2024-01-31,0.0,0.0,2.3958333333333335,19.916666666666668,1
2024-02-01,0.0,0.0,-0.1791666666666667,34.166666666666664,1
2024-02-02,0.0,0.0,1.3416666666666668,38.166666666666664,1
2024-02-03,0.0,0.0,2.983333333333333,41.583333333333336,1
2024-02-04,0.0,0.0,4.620833333333334,54.125,1
2024-02-05,3.5,0.6,2.066666666666667,82.58333333333333,1
2024-02-06,0.0,0.0,-0.75,29.041666666666668,1
2024-02-07,0.0,0.0,-1.8458333333333332,30.833333333333332,1
2024-02-08,0.0,0.0,-1.8416666666666668,0.0,1
2024-02-09,0.0,0.0,-1.4000000000000001,2.875,1
2024-02-10,0.2,0.0,0.1875,24.0,1
2024-02-11,0.0,0.0,-1.0666666666666667,8.208333333333334,1
2024-02-12,0.0,0.0,0.7958333333333334,0.0,1
2024-02-13,0.0,0.0,6.070833333333333,6.333333333333333,1
2024-02-14,0.0,0.0,9.879166666666666,54.125,1
2024-02-15,8.899999999999999,0.0,4.516666666666667,71.5,1
2024-02-16,0.0,0.0,0.25833333333333336,4.25,1
2024-02-17,0.0,0.0,2.504166666666667,2.25,1
2024-02-18,3.4000000000000004,1.8,6.5249999999999995,35.875,1
2024-02-19,38.0,0.0,8.054166666666667,77.375,1
2024-02-20,0.0,0.0,2.629166666666667,78.83333333333333,1
2024-02-21,2.0,0.0,1.7208333333333332,92.33333333333333,1
2024-02-22,2.1,0.0,0.7625000000000001,60.125,1
2024-02-23,0.0,0.0,0.7541666666666665,28.208333333333332,1
2024-02-24,0.0,0.0,-0.05833333333333333,49.958333333333336,1
2024-02-25,0.6000000000000001,0.0,2.0375,53.125,1
2024-02-26,0.0,0.0,1.5458333333333334,5.25,1
2024-02-27,0.0,0.0,2.2583333333333333,36.375,1
2024-02-28,0.0,0.0,3.3874999999999997,50.208333333333336,1
2024-02-29,0.0,0.0,3.4250000000000003,54.958333333333336,1
2024-03-01,0.0,0.0,-4.5625,1.5833333333333333,1
2024-03-02,0.5,0.1,-1.5125,28.166666666666668,1
2024-03-03,0.0,0.0,1.9625000000000001,3.0833333333333335,1
2024-03-04,0.0,0.0,2.325,27.791666666666668,1
2024-03-05,0.4,0.0,4.608333333333333,66.375,1
2024-03-06,0.0,0.0,4.75,36.833333333333336,1
2024-03-07,0.0,0.0,3.170833333333333,30.291666666666668,1
2024-03-08,0.0,0.0,0.9,4.125,1
2024-03-09,0.0,0.0,-0.6458333333333334,0.0,1
2024-03-10,0.0,0.0,1.7333333333333334,2.0,1
2024-03-11,0.0,0.0,4.741666666666666,56.5,1
2024-03-12,0.7,0.0,6.091666666666666,49.791666666666664,1
2024-03-13,0.0,0.0,4.416666666666667,2.4166666666666665,1
2024-03-14,0.0,0.0,5.8500000000000005,6.708333333333333,1
2024-03-15,0.0,0.0,6.8999999999999995,32.791666666666664,1
2024-03-16,0.0,0.0,7.958333333333333,63.916666666666664,1
2024-03-17,0.0,0.0,6.9375,48.625,1
2024-03-18,0.0,0.0,3.745833333333333,19.208333333333332,1
2024-03-19,2.9000000000000004,0.4,4.841666666666667,46.166666666666664,1
2024-03-20,0.0,0.0,3.3041666666666667,0.9166666666666666,1
2024-03-21,0.0,0.0,3.029166666666667,9.5,1
2024-03-22,2.7,2.6,7.395833333333333,70.5,1
2024-03-23,0.0,0.0,10.495833333333334,66.875,1
2024-03-24,0.0,0.0,11.1625,53.541666666666664,1
2024-03-25,7.9,2.8,8.262500000000001,79.5,1
2024-03-26,13.1,0.0,6.916666666666667,49.833333333333336,1
2024-03-27,0.0,0.0,7.7250000000000005,63.75,1
2024-03-28,0.4,0.1,7.979166666666667,76.33333333333333,1
2024-03-29,0.7,0.0,5.604166666666667,35.708333333333336,1
2024-03-30,0.0,0.0,6.658333333333334,10.041666666666666,1
2024-03-31,0.0,0.0,7.204166666666667,9.625,1
2024-04-01,0.0,0.0,8.791666666666666,5.708333333333333,1
2024-04-02,0.0,0.0,11.008333333333333,66.70833333333333,1
2024-04-03,0.0,0.0,12.183333333333332,64.95833333333333,1
2024-04-04,0.0,0.0,11.9625,12.75,1
2024-04-05,0.0,0.0,10.358333333333333,10.958333333333334,1
2024-04-06,0.0,0.0,9.258333333333333,58.125,1
2024-04-07,0.0,0.0,10.920833333333334,4.666666666666667,1
2024-04-08,0.0,0.0,12.512500000000001,37.416666666666664,1
2024-04-09,0.0,0.0,11.358333333333334,9.541666666666666,1
2024-04-10,0.0,0.0,10.845833333333333,37.333333333333336,1
2024-04-11,0.2,0.0,12.054166666666667,45.833333333333336,1
2024-04-12,0.0,0.0,13.070833333333333,21.291666666666668,1
2024-04-13,0.0,0.0,14.15,23.291666666666668,1
2024-04-14,0.0,0.0,16.466666666666665,39.833333333333336,1
2024-04-15,13.8,0.0,13.870833333333332,85.41666666666667,1
2024-04-16,0.0,0.0,11.670833333333334,53.291666666666664,1
2024-04-17,0.0,0.0,11.770833333333334,42.75,1
2024-04-18,0.0,0.0,12.308333333333332,1.625,1
2024-04-19,0.0,0.0,10.758333333333333,55.875,1
2024-04-20,1.7,0.9,11.487499999999999,92.375,1
2024-04-21,0.0,0.0,14.329166666666666,50.583333333333336,1
2024-04-22,0.0,0.0,15.799999999999999,47.875,1
2024-04-23,0.0,0.0,15.237499999999999,59.791666666666664,1
2024-04-24,4.8,0.0,12.366666666666667,57.375,1
2024-04-25,0.0,0.0,13.920833333333334,37.916666666666664,1
2024-04-26,0.0,0.0,15.820833333333333,38.041666666666664,1
2024-04-27,0.0,0.0,15.679166666666667,10.583333333333334,1
2024-04-28,0.0,0.0,16.141666666666666,46.25,1
2024-04-29,0.0,0.0,17.766666666666666,68.25,1
2024-04-30,0.0,0.0,15.137500000000001,48.583333333333336,1
2024-05-01,0.0,0.0,15.924999999999999,27.375,1
2024-05-02,0.0,0.0,15.216666666666667,0.125,1
2024-05-03,0.0,0.0,16.666666666666668,0.0,1
2024-05-04,0.0,0.0,17.5625,27.5,1
2024-05-05,58.2,12.6,16.429166666666667,83.125,1
2024-05-06,5.9,0.8,12.862499999999999,96.16666666666667,1
2024-05-07,4.1000000000000005,0.2,12.391666666666666,84.79166666666667,1
2024-05-08,0.0,0.0,13.9375,24.833333333333332,1
2024-05-09,0.0,0.0,14.825000000000001,8.041666666666666,1
2024-05-10,0.0,0.0,16.116666666666667,5.541666666666667,1
2024-05-11,21.5,5.2,16.108333333333334,57.208333333333336,1
2024-05-12,0.2,0.0,15.5,2.5416666666666665,1
2024-05-13,0.0,0.0,16.2,0.0,1
2024-05-14,0.0,0.0,16.470833333333335,0.375,1
2024-05-15,10.7,2.8000000000000003,12.170833333333334,57.458333333333336,1
2024-05-16,0.0,0.0,13.341666666666667,5.125,1
2024-05-17,0.0,0.0,16.429166666666667,39.416666666666664,1
2024-05-18,0.0,0.0,18.820833333333333,12.875,1
2024-05-19,0.0,0.0,19.333333333333332,7.25,1
2024-05-20,0.2,0.0,17.041666666666668,51.708333333333336,1
2024-05-21,0.0,0.0,19.6125,15.541666666666666,1
2024-05-22,0.0,0.0,18.033333333333335,39.291666666666664,1
2024-05-23,0.0,0.0,16.04583333333333,32.458333333333336,1
2024-05-24,0.0,0.0,16.849999999999998,59.25,1
2024-05-25,0.1,0.0,18.020833333333332,51.958333333333336,1
2024-05-26,12.5,9.6,17.879166666666666,63.416666666666664,1
2024-05-27,0.0,0.0,17.708333333333332,13.916666666666666,1
2024-05-28,0.0,0.0,18.908333333333335,4.791666666666667,1
2024-05-29,0.0,0.0,18.995833333333334,12.0,1
2024-05-30,0.0,0.0,18.420833333333334,69.41666666666667,1
2024-05-31,0.0,0.0,18.729166666666668,30.625,1
2024-06-01,0.0,0.0,19.0625,15.25,1
2024-06-02,0.0,0.0,19.6375,12.75,1
2024-06-03,0.0,0.0,20.337500000000002,12.166666666666666,1
2024-06-04,0.0,0.0,20.224999999999998,9.791666666666666,1
2024-06-05,0.0,0.0,21.808333333333334,26.875,1
2024-06-06,0.0,0.0,21.066666666666666,27.416666666666668,1
2024-06-07,0.8999999999999999,0.0,19.712500000000002,54.791666666666664,1
2024-06-08,4.7,0.0,19.070833333333333,53.083333333333336,1
2024-06-09,0.0,0.0,21.087500000000002,53.041666666666664,1
2024-06-10,0.0,0.0,21.1375,39.166666666666664,1
2024-06-11,0.0,0.0,23.03333333333333,32.666666666666664,1
2024-06-12,0.0,0.0,22.2375,47.958333333333336,1
2024-06-13,0.0,0.0,22.316666666666666,25.25,1
2024-06-14,0.0,0.0,23.3875,27.916666666666668,1
2024-06-15,3.0,0.1,21.283333333333335,50.541666666666664,1
2024-06-16,0.0,0.0,22.099999999999998,23.458333333333332,1
2024-06-17,0.0,0.0,21.866666666666664,28.0,1
2024-06-18,0.0,0.0,23.0,27.041666666666668,1
2024-06-19,0.0,0.0,24.016666666666666,54.041666666666664,1
2024-06-20,0.0,0.0,26.316666666666666,22.083333333333332,1
2024-06-21,0.0,0.0,24.829166666666666,50.583333333333336,1
2024-06-22,5.0,0.6,22.041666666666668,82.25,1
2024-06-23,1.4,0.1,23.929166666666664,39.625,1
2024-06-24,0.5,0.0,23.1125,22.166666666666668,1
2024-06-25,0.0,0.0,22.55,15.0,1
2024-06-26,0.0,0.0,23.391666666666666,33.75,1
2024-06-27,0.0,0.0,24.59166666666667,23.583333333333332,1
2024-06-28,0.0,0.0,24.8125,12.458333333333334,1
2024-06-29,10.2,4.6,23.495833333333334,63.833333333333336,1
2024-06-30,55.5,0.0,24.629166666666666,46.041666666666664,1
2024-07-01,0.0,0.0,24.974999999999998,38.541666666666664,1
2024-07-02,27.2,9.2,23.054166666666664,80.04166666666667,1
2024-07-03,10.5,0.0,24.866666666666664,46.916666666666664,1
2024-07-04,2.9000000000000004,2.9000000000000004,25.020833333333332,33.208333333333336,1
2024-07-05,25.1,0.0,25.22083333333333,41.25,1
2024-07-06,5.0,4.4,24.84583333333333,63.916666666666664,1
2024-07-07,0.0,0.0,25.454166666666666,66.41666666666667,1
2024-07-08,2.1,0.0,24.266666666666666,86.79166666666667,1
2024-07-09,3.7,0.5,23.7375,85.70833333333333,1
2024-07-10,79.5,0.0,25.129166666666666,57.708333333333336,1
2024-07-11,0.0,0.0,24.90833333333333,32.625,1
2024-07-12,0.0,0.0,24.733333333333334,39.083333333333336,1
2024-07-13,0.1,0.0,26.150000000000002,32.708333333333336,1
2024-07-14,0.1,0.0,27.120833333333334,30.416666666666668,1
2024-07-15,0.0,0.0,25.954166666666666,34.375,1
2024-07-16,11.700000000000001,0.8,25.1125,62.291666666666664,1
2024-07-17,24.0,0.1,25.75,71.29166666666667,1
2024-07-18,65.8,0.1,25.245833333333334,79.58333333333333,1
2024-07-19,0.8,0.1,26.354166666666668,67.33333333333333,1
2024-07-20,8.4,0.5,25.962500000000002,70.875,1
2024-07-21,3.1999999999999997,0.1,26.641666666666666,49.541666666666664,1
2024-07-22,3.4000000000000004,0.0,26.3875,76.33333333333333,1
2024-07-23,40.7,0.2,25.691666666666666,76.16666666666667,1
2024-07-24,9.1,0.0,26.958333333333332,58.75,1
2024-07-25,3.9,0.0,27.929166666666664,35.916666666666664,1
2024-07-26,4.8,4.3,27.866666666666664,45.875,1
2024-07-27,0.8,0.0,27.308333333333334,56.958333333333336,1
2024-07-28,0.0,0.0,28.691666666666666,36.833333333333336,1
2024-07-29,0.6,0.0,26.7375,61.083333333333336,1
2024-07-30,0.0,0.0,27.0125,56.625,1
2024-07-31,0.0,0.0,27.8625,42.958333333333336,1
2024-08-01,0.0,0.0,28.34583333333333,32.041666666666664,1
2024-08-02,6.2,0.1,27.366666666666664,48.041666666666664,1
2024-08-03,0.0,0.0,28.40416666666667,37.25,1
2024-08-04,0.0,0.0,28.46666666666667,43.833333333333336,1
2024-08-05,0.2,0.0,28.837500000000002,36.0,1
2024-08-06,0.2,0.0,29.21666666666667,19.666666666666668,1
2024-08-07,0.1,0.0,28.2,25.708333333333332,1
2024-08-08,12.1,0.0,26.520833333333332,54.916666666666664,1
2024-08-09,0.0,0.0,27.724999999999998,51.5,1
2024-08-10,0.0,0.0,28.554166666666664,49.083333333333336,1
2024-08-11,0.0,0.0,29.150000000000002,26.833333333333332,1
2024-08-12,0.0,0.0,29.233333333333334,23.458333333333332,1
2024-08-13,0.0,0.0,29.579166666666666,18.0,1
2024-08-14,1.5,0.7,29.1875,26.458333333333332,1
2024-08-15,0.2,0.0,28.295833333333334,32.375,1
2024-08-16,0.1,0.0,28.65833333333333,30.416666666666668,1
2024-08-17,0.0,0.0,28.875,29.5,1
2024-08-18,0.30000000000000004,0.0,28.741666666666664,23.291666666666668,1
2024-08-19,0.1,0.1,28.941666666666666,24.0,1
2024-08-20,1.2,0.2,30.195833333333336,25.291666666666668,1
2024-08-21,23.6,4.2,28.058333333333334,83.29166666666667,1
2024-08-22,5.8,1.2,28.5,45.375,1
2024-08-23,2.8000000000000003,0.0,28.3875,19.666666666666668,1
2024-08-24,0.0,0.0,27.6875,18.875,1
2024-08-25,0.0,0.0,27.3625,18.25,1
2024-08-26,0.0,0.0,26.941666666666666,64.33333333333333,1
2024-08-27,1.5,0.0,25.108333333333334,57.916666666666664,1
2024-08-28,0.0,0.0,26.545833333333334,17.583333333333332,1
2024-08-29,0.0,0.0,26.8125,12.208333333333334,1
2024-08-30,0.0,0.0,27.166666666666668,12.125,1
2024-08-31,0.0,0.0,26.195833333333336,0.7916666666666666,1
2024-09-01,0.0,0.0,25.120833333333334,13.75,1
2024-09-02,4.0,0.0,23.229166666666668,63.708333333333336,1
2024-09-03,0.0,0.0,25.162499999999998,29.458333333333332,1
2024-09-04,0.0,0.0,24.912499999999998,24.5,1
2024-09-05,0.6,0.0,25.429166666666664,42.333333333333336,1
2024-09-06,0.0,0.0,25.2625,32.875,1
2024-09-07,0.4,0.0,24.941666666666666,38.75,1
2024-09-08,0.0,0.0,25.183333333333334,29.666666666666668,1
2024-09-09,0.0,0.0,26.9875,28.958333333333332,1
2024-09-10,0.0,0.0,27.40416666666667,11.375,1
2024-09-11,1.1,1.0,26.991666666666664,32.208333333333336,1
2024-09-12,18.7,0.0,24.27916666666667,78.125,1
2024-09-13,17.7,3.2,25.104166666666668,79.70833333333333,1
2024-09-14,4.8,0.0,26.25,40.208333333333336,1
2024-09-15,0.0,0.0,25.787499999999998,33.166666666666664,1
2024-09-16,0.0,0.0,26.712500000000002,36.541666666666664,1
2024-09-17,9.3,0.1,24.775000000000002,64.75,1
2024-09-18,0.0,0.0,25.5125,51.375,1
2024-09-19,0.0,0.0,26.7625,44.625,1
2024-09-20,79.7,32.3,24.2375,81.0,1
2024-09-21,25.4,0.1,19.004166666666666,83.04166666666667,1
2024-09-22,0.0,0.0,21.079166666666666,31.833333333333332,1
2024-09-23,0.0,0.0,20.575,7.208333333333333,1
2024-09-24,0.0,0.0,20.491666666666667,11.5,1
2024-09-25,0.0,0.0,22.316666666666666,30.375,1
2024-09-26,0.1,0.0,22.554166666666664,39.333333333333336,1
2024-09-27,0.0,0.0,22.0,24.708333333333332,1
2024-09-28,0.0,0.0,22.058333333333334,30.0,1
2024-09-29,0.0,0.0,22.079166666666666,18.5,1
2024-09-30,0.0,0.0,20.945833333333333,14.958333333333334,1
2024-10-01,2.3000000000000003,0.0,17.5,63.25,1
2024-10-02,0.0,0.0,13.983333333333334,5.125,1
2024-10-03,1.3,0.2,14.75,28.875,1
2024-10-04,0.0,0.0,16.5,3.1666666666666665,1
2024-10-05,0.0,0.0,16.433333333333334,18.958333333333332,1
2024-10-06,0.0,0.0,15.7125,61.166666666666664,1
2024-10-07,0.0,0.0,16.766666666666666,52.583333333333336,1
2024-10-08,0.0,0.0,17.166666666666668,14.833333333333334,1
2024-10-09,0.0,0.0,18.008333333333333,43.375,1
2024-10-10,0.0,0.0,17.370833333333334,21.625,1
2024-10-11,0.0,0.0,17.370833333333334,2.7083333333333335,1
2024-10-12,0.0,0.0,16.808333333333334,2.2916666666666665,1
2024-10-13,0.0,0.0,17.466666666666665,30.791666666666668,1
2024-10-14,0.0,0.0,18.341666666666665,54.166666666666664,1
2024-10-15,0.0,0.0,18.620833333333334,45.541666666666664,1
2024-10-16,0.0,0.0,16.3,10.541666666666666,1
2024-10-17,0.0,0.0,16.866666666666667,42.166666666666664,1
2024-10-18,30.1,11.6,17.383333333333333,65.41666666666667,1
2024-10-19,0.5,0.0,15.854166666666666,44.125,1
2024-10-20,0.0,0.0,12.516666666666666,11.458333333333334,1
2024-10-21,0.1,0.1,14.154166666666667,45.125,1
2024-10-22,14.7,7.4,15.741666666666667,81.625,1
2024-10-23,0.0,0.0,11.8375,37.5,1
2024-10-24,0.0,0.0,11.929166666666667,0.0,1
2024-10-25,0.0,0.0,14.608333333333334,4.416666666666667,1
2024-10-26,0.0,0.0,16.308333333333334,8.375,1
2024-10-27,0.0,0.0,14.870833333333332,49.333333333333336,1
2024-10-28,0.0,0.0,13.1875,25.583333333333332,1
2024-10-29,0.0,0.0,14.883333333333333,37.416666666666664,1
2024-10-30,0.0,0.0,14.604166666666666,9.791666666666666,1
2024-10-31,0.0,0.0,14.129166666666668,6.208333333333333,1
2024-11-01,0.0,0.0,13.945833333333333,66.95833333333333,1
2024-11-02,0.0,0.0,15.833333333333334,33.333333333333336,1
2024-11-03,0.0,0.0,14.083333333333334,3.0833333333333335,1
2024-11-04,0.5,0.0,13.008333333333333,22.833333333333332,1
2024-11-05,0.0,0.0,7.420833333333333,16.125,1
2024-11-06,0.0,0.0,5.654166666666666,3.125,1
2024-11-07,0.0,0.0,6.262499999999999,0.0,1
2024-11-08,0.0,0.0,9.141666666666667,1.7916666666666667,1
2024-11-09,0.0,0.0,11.7875,16.083333333333332,1
2024-11-10,0.0,0.0,12.720833333333333,29.875,1
2024-11-11,0.0,0.0,12.620833333333332,14.791666666666666,1
2024-11-12,0.0,0.0,12.195833333333333,13.5,1
2024-11-13,0.0,0.0,11.4625,9.125,1
2024-11-14,0.7,0.5,12.266666666666666,54.083333333333336,1
2024-11-15,0.1,0.0,13.637500000000001,53.333333333333336,1
2024-11-16,0.6000000000000001,0.2,14.058333333333332,48.041666666666664,1
2024-11-17,0.0,0.0,6.283333333333334,40.041666666666664,1
2024-11-18,0.0,0.0,0.3541666666666666,1.9583333333333333,1
2024-11-19,0.0,0.0,3.245833333333333,35.041666666666664,1
2024-11-20,0.5,0.5,5.6625000000000005,45.75,1
2024-11-21,0.0,0.0,8.516666666666667,26.541666666666668,1
2024-11-22,0.0,0.0,4.508333333333334,0.0,1
2024-11-23,0.0,0.0,4.466666666666667,4.416666666666667,1
2024-11-24,0.0,0.0,5.8875,4.5,1
2024-11-25,0.1,0.0,7.745833333333334,31.791666666666668,1
2024-11-26,24.7,0.9999999999999999,7.3,79.83333333333333,1
2024-11-27,11.4,0.39999999999999997,2.0458333333333334,57.041666666666664,1
2024-11-28,7.2,0.0,1.05,71.95833333333333,1
2024-11-29,1.0,0.0,-1.5791666666666666,27.541666666666668,1
2024-11-30,0.0,0.0,1.125,25.208333333333332,1
2024-12-01,0.0,0.0,5.095833333333333,41.666666666666664,1
2024-12-02,0.2,0.0,7.408333333333334,20.541666666666668,1
2024-12-03,0.0,0.0,-0.6750000000000002,29.666666666666668,1
2024-12-04,0.0,0.0,-0.04583333333333334,8.458333333333334,1
2024-12-05,0.0,0.0,1.8499999999999999,29.791666666666668,1
2024-12-06,0.0,0.0,0.125,11.708333333333334,1
2024-12-07,0.0,0.0,-1.9666666666666668,4.166666666666667,1
2024-12-08,0.0,0.0,-2.533333333333333,0.0,1
2024-12-09,0.0,0.0,-0.5125,3.5,1
2024-12-10,0.0,0.0,1.2541666666666667,13.5,1
2024-12-11,0.0,0.0,0.9916666666666667,38.333333333333336,1
2024-12-12,0.0,0.0,-1.4375,29.375,1
2024-12-13,1.4,0.0,-0.9708333333333333,47.375,1
2024-12-14,0.0,0.0,-2.8833333333333333,4.458333333333333,1
2024-12-15,0.0,0.0,0.6749999999999999,44.0,1
2024-12-16,0.2,0.0,-1.2750000000000001,25.833333333333332,1
2024-12-17,0.0,0.0,-2.283333333333333,6.625,1
2024-12-18,0.0,0.0,-5.7875000000000005,0.0,1
2024-12-19,0.0,0.0,-3.466666666666667,12.25,1
2024-12-20,0.2,0.0,-0.8208333333333333,68.25,1
2024-12-21,2.4,0.0,-0.2625,43.666666666666664,1
2024-12-22,0.0,0.0,-4.975,0.0,1
2024-12-23,0.0,0.0,-1.3583333333333334,8.875,1
2024-12-24,0.0,0.0,-3.0500000000000003,6.416666666666667,1
2024-12-25,0.0,0.0,0.008333333333333267,45.166666666666664,1
2024-12-26,0.0,0.0,-1.0125,9.875,1
2024-12-27,0.0,0.0,-4.441666666666666,22.375,1
2024-12-28,0.0,0.0,-4.508333333333334,7.625,1
2024-12-29,0.0,0.0,-0.8458333333333333,33.083333333333336,1
2024-12-30,0.0,0.0,4.845833333333333,47.25,1
2024-12-31,0.0,0.0,-1.7583333333333335,0.0,1
2025-01-01,0.0,0.0,0.4958333333333333,11.25,1
2025-01-02,0.0,0.0,-0.35000000000000003,4.708333333333333,1
2025-01-03,0.0,0.0,-2.9583333333333335,7.25,1
2025-01-04,0.0,0.0,-1.875,10.416666666666666,1
2025-01-05,5.4,0.0,2.05,51.75,1
2025-01-06,0.0,0.0,0.10833333333333338,38.666666666666664,1
2025-01-07,0.0,0.0,-4.008333333333334,12.75,1
2025-01-08,0.0,0.0,-5.633333333333333,12.5,1
2025-01-09,0.0,0.0,-11.658333333333333,0.20833333333333334,1
2025-01-10,0.0,0.0,-8.854166666666666,0.0,1
2025-01-11,0.0,0.0,-5.491666666666667,11.791666666666666,1
2025-01-12,0.0,0.0,-3.4166666666666665,25.125,1
2025-01-13,0.0,0.0,-0.5916666666666666,40.916666666666664,1
2025-01-14,0.8,0.0,1.8208333333333335,29.583333333333332,1
2025-01-15,0.0,0.0,-5.2250000000000005,0.125,1
2025-01-16,0.0,0.0,-1.8625,49.541666666666664,1
2025-01-17,0.0,0.0,-2.0791666666666666,0.0,1
2025-01-18,0.0,0.0,-0.7666666666666667,19.375,1
2025-01-19,0.0,0.0,1.8458333333333332,46.0,1
2025-01-20,0.0,0.0,1.4208333333333334,57.291666666666664,1
2025-01-21,0.0,0.0,-0.00833333333333329,55.458333333333336,1
2025-01-22,0.0,0.0,0.8208333333333333,50.208333333333336,1
2025-01-23,0.0,0.0,-0.2791666666666666,5.541666666666667,1
2025-01-24,0.0,0.0,0.1708333333333333,0.041666666666666664,1
2025-01-25,0.0,0.0,2.6625,3.0416666666666665,1
2025-01-26,0.0,0.0,1.6833333333333333,53.416666666666664,1
2025-01-27,8.4,0.9,0.08750000000000001,70.45833333333333,1
2025-01-28,1.3,0.0,-3.233333333333333,92.375,1
2025-01-29,0.0,0.0,-4.325,25.833333333333332,1
2025-01-30,0.0,0.0,-6.125,5.958333333333333,1
2025-01-31,0.1,0.0,-2.6958333333333333,68.5,1
2025-02-01,5.1,0.0,2.2375000000000003,53.291666666666664,1
2025-02-02,0.0,0.0,0.22916666666666674,39.25,1
2025-02-03,0.0,0.0,-6.395833333333333,2.875,1
2025-02-04,0.0,0.0,-10.958333333333334,0.7916666666666666,1
2025-02-05,0.0,0.0,-9.845833333333333,10.625,1
2025-02-06,1.7,1.2999999999999998,-6.283333333333334,24.75,1
2025-02-07,0.0,0.0,-8.004166666666666,10.75,1
2025-02-08,0.0,0.0,-8.566666666666666,0.0,1
2025-02-09,0.0,0.0,-6.941666666666666,0.0,1
2025-02-10,0.0,0.0,-3.766666666666667,16.708333333333332,1
2025-02-11,0.0,0.0,-1.0,22.166666666666668,1
2025-02-12,4.8,0.0,0.1625,70.41666666666667,1
2025-02-13,0.0,0.0,-0.9,0.20833333333333334,1
2025-02-14,0.0,0.0,1.6833333333333333,29.958333333333332,1
2025-02-15,0.0,0.0,2.8041666666666667,64.125,1
2025-02-16,0.0,0.0,3.045833333333333,35.875,1
2025-02-17,0.0,0.0,-3.5041666666666664,0.7916666666666666,1
2025-02-18,0.0,0.0,-5.095833333333333,0.0,1
2025-02-19,0.0,0.0,-5.741666666666667,0.0,1
2025-02-20,0.0,0.0,-5.6375,0.0,1
2025-02-21,0.0,0.0,-5.3500000000000005,0.0,1
2025-02-22,0.0,0.0,-5.454166666666667,0.0,1
2025-02-23,0.0,0.0,-5.529166666666666,0.8333333333333334,1
2025-02-24,0.0,0.0,-3.6625,0.0,1
2025-02-25,0.0,0.0,0.9750000000000001,30.875,1
2025-02-26,0.0,0.0,0.8333333333333334,4.875,1
2025-02-27,0.0,0.0,2.35,8.375,1
2025-02-28,0.0,0.0,5.575,55.25,1
2025-03-01,3.5,0.2,5.558333333333334,82.5,1
2025-03-02,17.0,7.800000000000001,6.183333333333334,64.29166666666667,1
2025-03-03,14.8,0.0,1.7583333333333335,51.583333333333336,1
2025-03-04,0.7000000000000001,0.0,0.8791666666666668,65.20833333333333,1
2025-03-05,0.0,0.0,3.341666666666667,38.125,1
2025-03-06,0.0,0.0,2.8791666666666664,1.2916666666666667,1
2025-03-07,0.0,0.0,2.704166666666667,30.666666666666668,1
2025-03-08,0.0,0.0,3.5208333333333335,30.208333333333332,1
2025-03-09,0.0,0.0,3.975,2.8333333333333335,1
2025-03-10,0.0,0.0,4.304166666666666,36.833333333333336,1
2025-03-11,0.0,0.0,5.3500000000000005,43.958333333333336,1
2025-03-12,0.0,0.0,5.070833333333334,66.16666666666667,1
2025-03-13,0.0,0.0,5.254166666666666,15.166666666666666,1
2025-03-14,0.0,0.0,7.791666666666667,18.25,1
2025-03-15,0.0,0.0,8.295833333333333,58.875,1
2025-03-16,7.7,0.5,2.6999999999999997,75.45833333333333,1
2025-03-17,0.1,0.0,0.46666666666666673,37.416666666666664,1
2025-03-18,11.9,0.0,1.2625,67.5,1
2025-03-19,0.0,0.0,1.0,2.0833333333333335,1
2025-03-20,0.0,0.0,4.716666666666667,17.875,1
2025-03-21,0.0,0.0,7.7375,29.916666666666668,1
2025-03-22,0.0,0.0,8.583333333333334,0.0,1
2025-03-23,0.0,0.0,10.2125,55.958333333333336,1
2025-03-24,0.0,0.0,11.145833333333334,36.916666666666664,1
2025-03-25,0.0,0.0,8.866666666666665,54.166666666666664,1
2025-03-26,0.0,0.0,10.2,46.208333333333336,1
2025-03-27,6.1000000000000005,0.0,10.891666666666666,61.25,1
2025-03-28,0.0,0.0,4.879166666666666,44.75,1
2025-03-29,0.4,0.0,1.9916666666666665,13.25,1
2025-03-30,0.0,0.0,1.9291666666666665,6.041666666666667,1
2025-03-31,0.0,0.0,4.766666666666667,12.791666666666666,1
2025-04-01,0.0,0.0,7.604166666666667,27.083333333333332,1
2025-04-02,0.3,0.3,5.533333333333334,53.375,1
2025-04-03,0.0,0.0,7.841666666666666,16.666666666666668,1
2025-04-04,0.2,0.0,7.083333333333333,47.0,1
2025-04-05,5.8,0.0,7.3125,80.04166666666667,1
2025-04-06,0.0,0.0,7.908333333333334,8.375,1
2025-04-07,0.0,0.0,10.116666666666667,38.625,1
2025-04-08,0.0,0.0,10.679166666666667,27.666666666666668,1
2025-04-09,1.4,0.5,8.362499999999999,48.708333333333336,1
2025-04-10,0.0,0.0,10.5875,18.0,1
2025-04-11,0.0,0.0,11.729166666666666,35.791666666666664,1
2025-04-12,15.2,5.2,11.691666666666668,82.45833333333333,1
2025-04-13,5.6000000000000005,0.3,5.991666666666667,47.833333333333336,1
2025-04-14,11.4,2.2,5.279166666666667,63.625,1
2025-04-15,0.0,0.0,7.558333333333334,6.791666666666667,1
2025-04-16,0.0,0.0,11.854166666666666,44.291666666666664,1
2025-04-17,0.5,0.0,15.887500000000001,48.166666666666664,1
2025-04-18,0.0,0.0,13.079166666666666,60.458333333333336,1
2025-04-19,16.1,0.0,11.383333333333333,96.29166666666667,1
2025-04-20,0.0,0.0,14.691666666666668,35.458333333333336,1
2025-04-21,0.0,0.0,17.045833333333334,13.041666666666666,1
2025-04-22,45.4,2.5999999999999996,15.487499999999999,78.16666666666667,1
2025-04-23,0.0,0.0,14.9625,16.25,1
2025-04-24,0.0,0.0,11.916666666666666,11.75,1
2025-04-25,0.0,0.0,10.579166666666667,1.5,1
2025-04-26,0.0,0.0,10.987499999999999,0.0,1
2025-04-27,0.0,0.0,12.579166666666666,32.583333333333336,1
2025-04-28,0.0,0.0,12.320833333333333,15.541666666666666,1
2025-04-29,0.0,0.0,11.908333333333333,0.25,1
2025-04-30,0.0,0.0,15.720833333333333,20.625,1
2025-05-01,16.099999999999998,0.0,12.333333333333334,47.791666666666664,1
2025-05-02,0.0,0.0,12.533333333333333,28.708333333333332,1
2025-05-03,5.8,0.0,10.325000000000001,54.083333333333336,1
2025-05-04,0.0,0.0,12.245833333333332,2.9166666666666665,1
2025-05-05,0.0,0.0,11.120833333333332,71.75,1
2025-05-06,0.0,0.0,14.450000000000001,45.25,1
2025-05-07,0.0,0.0,13.591666666666667,8.0,1
2025-05-08,0.0,0.0,15.495833333333332,38.791666666666664,1
2025-05-09,31.6,7.6,13.854166666666666,95.79166666666667,1
2025-05-10,9.3,0.0,12.0875,74.04166666666667,1
2025-05-11,0.0,0.0,13.612499999999999,39.5,1
2025-05-12,0.0,0.0,15.829166666666666,1.5833333333333333,1
2025-05-13,0.0,0.0,17.808333333333334,34.833333333333336,1
2025-05-14,0.0,0.0,18.675,69.70833333333333,1
2025-05-15,11.299999999999999,0.0,17.287499999999998,78.95833333333333,1
2025-05-16,4.8,0.2,18.304166666666667,86.41666666666667,1
2025-05-17,1.4,1.4,17.933333333333334,30.666666666666668,1
2025-05-18,0.0,0.0,14.354166666666666,18.833333333333332,1
2025-05-19,0.30000000000000004,0.1,15.095833333333333,49.041666666666664,1
2025-05-20,0.9,0.0,18.620833333333334,77.16666666666667,1
2025-05-21,1.6,0.2,21.84583333333333,81.41666666666667,1
2025-05-22,0.4,0.0,22.287499999999998,52.833333333333336,1
2025-05-23,3.7,0.3,17.808333333333334,76.33333333333333,1
2025-05-24,11.1,0.0,13.9375,63.875,1
2025-05-25,0.0,0.0,15.854166666666666,8.791666666666666,1
2025-05-26,0.0,0.0,17.5125,32.791666666666664,1
2025-05-27,0.0,0.0,18.566666666666666,7.708333333333333,1
2025-05-28,0.0,0.0,18.245833333333334,22.333333333333332,1
2025-05-29,0.0,0.0,19.05,16.0,1
2025-05-30,0.0,0.0,20.441666666666666,2.0,1
2025-05-31,0.0,0.0,19.945833333333333,30.416666666666668,1
2025-06-01,0.0,0.0,18.766666666666666,48.958333333333336,1
2025-06-02,0.0,0.0,18.704166666666666,64.91666666666667,1
2025-06-03,0.0,0.0,19.099999999999998,20.416666666666668,1
2025-06-04,0.0,0.0,19.266666666666666,3.375,1
2025-06-05,0.0,0.0,19.854166666666668,8.541666666666666,1
2025-06-06,0.0,0.0,20.6875,39.958333333333336,1
2025-06-07,0.5,0.1,19.962500000000002,73.83333333333333,1
2025-06-08,0.0,0.0,22.058333333333334,44.375,1
2025-06-09,0.0,0.0,21.258333333333333,43.541666666666664,1
2025-06-10,0.0,0.0,18.729166666666668,66.75,1
2025-06-11,0.0,0.0,20.295833333333334,31.291666666666668,1
2025-06-12,0.0,0.0,22.191666666666666,63.291666666666664,1
2025-06-13,1.6,0.6000000000000001,22.666666666666668,70.20833333333333,1
2025-06-14,7.3,0.0,24.379166666666666,52.291666666666664,1
2025-06-15,20.8,15.100000000000001,23.879166666666666,54.708333333333336,1
2025-06-16,9.9,0.0,23.28333333333333,55.875,1
2025-06-17,0.0,0.0,23.28333333333333,40.583333333333336,1
2025-06-18,0.0,0.0,23.3625,36.125,1
2025-06-19,0.0,0.0,24.1875,25.041666666666668,1
2025-06-20,20.2,3.7,23.46666666666667,78.04166666666667,1
2025-06-21,29.900000000000002,0.0,20.829166666666666,81.79166666666667,1
2025-06-22,0.0,0.0,22.079166666666666,4.583333333333333,1
2025-06-23,0.0,0.0,23.370833333333334,9.125,1
2025-06-24,0.3,0.0,24.491666666666664,73.0,1
2025-06-25,21.599999999999998,0.0,21.05,78.70833333333333,1
2025-06-26,0.1,0.0,22.254166666666666,52.625,1
2025-06-27,2.0,0.2,22.087500000000002,53.791666666666664,1
2025-06-28,1.0,0.0,23.537499999999998,69.45833333333333,1
2025-06-29,0.0,0.0,24.670833333333334,66.41666666666667,1
2025-06-30,0.2,0.1,24.662499999999998,74.54166666666667,1
2025-07-01,2.4,0.30000000000000004,25.441666666666666,75.58333333333333,1
2025-07-02,0.1,0.0,25.2625,82.04166666666667,1
2025-07-03,0.0,0.0,26.204166666666666,64.29166666666667,1
2025-07-04,0.0,0.0,25.795833333333334,44.958333333333336,1
2025-07-05,0.0,0.0,26.679166666666664,39.291666666666664,1
2025-07-06,0.0,0.0,27.02916666666667,45.166666666666664,1
2025-07-07,0.0,0.0,27.108333333333334,57.458333333333336,1
2025-07-08,2.0,1.2,28.858333333333334,42.208333333333336,1
2025-07-09,0.0,0.0,29.0125,23.166666666666668,1
2025-07-10,0.0,0.0,27.266666666666666,8.25,1
2025-07-11,0.0,0.0,27.1875,8.458333333333334,1
2025-07-12,0.0,0.0,27.34583333333333,3.1666666666666665,1
2025-07-13,0.0,0.0,25.883333333333336,62.083333333333336,1
2025-07-14,38.1,2.4000000000000004,22.412499999999998,76.375,1
2025-07-15,13.4,0.0,23.22083333333333,61.5,1
2025-07-16,83.5,7.1,22.958333333333332,83.29166666666667,1
2025-07-17,146.0,26.3,25.754166666666666,88.875,1
2025-07-18,55.4,11.200000000000001,25.912499999999998,75.20833333333333,1
2025-07-19,30.2,4.7,25.8875,66.16666666666667,1
2025-07-20,3.3,0.0,26.745833333333334,50.166666666666664,1
2025-07-21,1.4000000000000001,0.0,26.8,28.083333333333332,1
2025-07-22,0.7,0.0,27.02916666666667,39.458333333333336,1
2025-07-23,0.0,0.0,26.866666666666664,28.875,1
2025-07-24,0.0,0.0,26.891666666666666,35.166666666666664,1
2025-07-25,0.0,0.0,29.429166666666664,11.666666666666666,1
2025-07-26,0.0,0.0,30.429166666666664,20.625,1
2025-07-27,0.0,0.0,30.175,9.125,1
2025-07-28,0.0,0.0,29.320833333333336,17.875,1
2025-07-29,0.0,0.0,28.941666666666663,12.708333333333334,1
2025-07-30,0.0,0.0,29.691666666666663,45.25,1
2025-07-31,0.0,0.0,27.8125,53.333333333333336,1
2025-08-01,1.3,1.3,27.3875,57.375,1
2025-08-02,0.0,0.0,27.629166666666666,44.208333333333336,1
2025-08-03,1.5,1.4000000000000001,27.441666666666666,65.20833333333333,1
2025-08-04,15.7,0.0,27.4625,49.875,1
2025-08-05,0.0,0.0,27.454166666666666,45.541666666666664,1
2025-08-06,58.300000000000004,2.3,26.275000000000002,71.04166666666667,1
2025-08-07,0.2,0.0,27.054166666666664,14.25,1
2025-08-08,0.0,0.0,25.8625,41.0,1
2025-08-09,0.0,0.0,25.191666666666663,45.041666666666664,1
2025-08-10,0.0,0.0,27.09583333333333,13.958333333333334,1
2025-08-11,0.0,0.0,26.375,49.958333333333336,1
2025-08-12,0.0,0.0,27.224999999999998,15.833333333333334,1
2025-08-13,57.1,13.200000000000001,25.254166666666666,72.08333333333333,1
2025-08-14,23.2,0.0,26.379166666666663,55.708333333333336,1
2025-08-15,3.1,0.0,27.0125,52.5,1
2025-08-16,0.0,0.0,27.09583333333333,48.25,1
2025-08-17,0.0,0.0,27.054166666666664,50.041666666666664,1
2025-08-18,2.9,0.2,26.070833333333336,49.291666666666664,1
2025-08-19,0.7000000000000001,0.0,26.954166666666666,42.875,1
2025-08-20,1.0,0.0,27.495833333333334,29.875,1
2025-08-21,0.0,0.0,27.34166666666667,35.833333333333336,1
2025-08-22,0.0,0.0,27.629166666666666,15.125,1
2025-08-23,0.0,0.0,27.5625,27.25,1
2025-08-24,0.0,0.0,28.087500000000002,17.625,1
2025-08-25,7.300000000000001,0.1,27.479166666666668,28.083333333333332,1
2025-08-26,44.5,0.0,26.8625,62.291666666666664,1
2025-08-27,0.0,0.0,25.599999999999998,49.541666666666664,1
2025-08-28,0.0,0.0,25.59166666666667,60.791666666666664,1
2025-08-29,3.8,1.0,27.745833333333334,31.791666666666668,1
2025-08-30,9.3,0.0,27.454166666666666,37.25,1
2025-08-31,3.5,0.0,26.96666666666667,24.0,1
2025-09-01,18.2,0.0,25.15833333333333,60.958333333333336,1
2025-09-02,0.0,0.0,25.129166666666666,29.291666666666668,1
2025-09-03,0.0,0.0,26.15,53.25,1
2025-09-04,0.3,0.0,25.4,49.083333333333336,1
2025-09-05,0.0,0.0,25.979166666666668,21.583333333333332,1
2025-09-06,17.6,11.4,26.758333333333336,54.041666666666664,1
2025-09-07,0.0,0.0,25.1875,26.958333333333332,1
2025-09-08,0.0,0.0,23.229166666666668,40.333333333333336,1
2025-09-09,2.8,0.0,21.766666666666666,58.666666666666664,1
2025-09-10,0.0,0.0,23.420833333333334,7.583333333333333,1
2025-09-11,0.0,0.0,24.875,4.291666666666667,1
2025-09-12,4.1,3.0,23.5625,68.41666666666667,1
2025-09-13,20.3,0.0,23.833333333333332,53.5,1
2025-09-14,0.0,0.0,23.579166666666666,27.375,1
2025-09-15,0.0,0.0,24.616666666666664,33.458333333333336,1
2025-09-16,4.1,3.1,24.75,48.416666666666664,1
2025-09-17,20.3,0.0,24.116666666666664,69.16666666666667,1
2025-09-18,0.5,0.0,22.245833333333334,33.541666666666664,1
2025-09-19,16.8,4.800000000000001,19.733333333333334,58.541666666666664,1
2025-09-20,28.2,0.0,19.60833333333333,56.208333333333336,1
2025-09-21,0.0,0.0,21.0125,17.5,1
2025-09-22,0.0,0.0,19.966666666666665,50.083333333333336,1
2025-09-23,0.0,0.0,21.25,54.916666666666664,1
2025-09-24,24.599999999999998,7.699999999999999,21.441666666666666,64.33333333333333,1
2025-09-25,0.1,0.0,21.875,26.375,1
2025-09-26,0.0,0.0,20.6125,29.041666666666668,1
2025-09-27,0.0,0.0,21.683333333333337,23.333333333333332,1
2025-09-28,19.0,0.0,19.616666666666667,54.958333333333336,1
2025-09-29,0.0,0.0,19.141666666666666,23.375,1
2025-09-30,0.0,0.0,19.795833333333334,9.791666666666666,1
2025-10-01,0.0,0.0,20.083333333333332,4.875,1
2025-10-02,0.0,0.0,20.770833333333332,42.708333333333336,1
2025-10-03,0.2,0.2,20.608333333333334,46.541666666666664,1
2025-10-04,0.2,0.0,21.775,38.208333333333336,1
2025-10-05,0.2,0.2,20.8,45.958333333333336,1
2025-10-06,14.0,2.7,17.841666666666665,82.625,1
2025-10-07,37.4,0.0,17.945833333333333,91.29166666666669,1
2025-10-08,0.0,0.0,21.25,28.0,1
2025-10-09,0.2,0.1,19.525,71.95833333333333,1
2025-10-10,9.8,1.9,17.020833333333332,94.66666666666669,1
2025-10-11,12.1,0.0,18.5625,75.04166666666667,1
2025-10-12,0.0,0.0,18.479166666666668,49.333333333333336,1
2025-10-13,45.6,12.9,16.316666666666666,88.08333333333333,1
2025-10-14,0.0,0.0,18.120833333333337,61.083333333333336,1
2025-10-15,8.1,0.0,18.974999999999998,42.0,1
2025-10-16,78.8,0.0,19.679166666666667,49.0,1
2025-10-17,5.300000000000001,0.6,19.229166666666668,45.25,1
2025-10-18,19.9,0.0,16.591666666666665,68.25,1
2025-10-19,0.0,0.0,13.020833333333334,40.625,1
2025-10-20,0.0,0.0,8.975,17.708333333333332,1
2025-10-21,0.0,0.0,8.708333333333334,6.333333333333333,1
2025-10-22,0.0,0.0,12.120833333333332,9.875,1
2025-10-23,0.0,0.0,14.958333333333334,30.5,1
2025-10-24,0.0,0.0,14.716666666666667,24.833333333333332,1
2025-10-25,0.0,0.0,14.454166666666666,33.041666666666664,1
2025-10-26,2.9000000000000004,0.1,11.266666666666666,52.25,1
2025-10-27,0.0,0.0,6.595833333333334,5.083333333333333,1
2025-10-28,0.0,0.0,6.458333333333333,1.8333333333333333,1
2025-10-29,0.0,0.0,10.145833333333334,13.166666666666666,1
2025-10-30,0.0,0.0,12.125,39.041666666666664,1
2025-10-31,2.5,2.0,13.195833333333333,57.0,1
2025-11-01,0.3,0.0,12.258333333333333,21.291666666666668,1
2025-11-02,0.0,0.0,8.229166666666666,10.75,1
2025-11-03,0.0,0.0,5.425,0.0,1
2025-11-04,0.0,0.0,8.924999999999999,3.2916666666666665,1
2025-11-05,0.0,0.0,11.179166666666667,5.333333333333333,1
2025-11-06,0.0,0.0,11.895833333333334,14.041666666666666,1
2025-11-07,0.0,0.0,12.237499999999999,34.041666666666664,1
2025-11-08,0.0,0.0,13.004166666666668,64.29166666666667,1
2025-11-09,0.0,0.0,11.775,14.166666666666666,1
2025-11-10,0.0,0.0,6.170833333333333,5.333333333333333,1
2025-11-11,0.0,0.0,6.675,19.583333333333332,1
2025-11-12,0.0,0.0,9.154166666666667,7.291666666666667,1
2025-11-13,0.0,0.0,9.2,6.25,1
2025-11-14,0.0,0.0,6.720833333333334,0.75,1
2025-11-15,0.0,0.0,7.804166666666667,3.2083333333333335,1
2025-11-16,0.0,0.0,9.641666666666667,21.208333333333332,1
2025-11-17,0.0,0.0,1.9208333333333336,21.791666666666668,1
2025-11-18,0.0,0.0,0.1166666666666666,9.958333333333334,1
2025-11-19,0.0,0.0,1.4833333333333334,0.625,1
2025-11-20,0.0,0.0,5.845833333333334,24.25,1
2025-11-21,0.0,0.0,5.5375000000000005,11.708333333333334,1
2025-11-22,0.0,0.0,7.416666666666667,9.541666666666666,1
2025-11-23,0.0,0.0,9.166666666666666,42.541666666666664,1
2025-11-24,0.0,0.0,10.8625,31.291666666666668,1
2025-11-25,7.3,0.0,6.058333333333334,59.666666666666664,1
2025-11-26,0.0,0.0,4.333333333333333,5.541666666666667,1
2025-11-27,12.3,0.0,5.295833333333333,51.625,1
2025-11-28,0.0,0.0,1.2583333333333333,0.0,1
2025-11-29,0.0,0.0,5.566666666666666,43.541666666666664,1
2025-11-30,0.0,0.0,9.65,53.625,1
2025-12-01,0.0,0.0,4.229166666666667,2.75,1
2025-12-02,0.0,0.0,-1.4958333333333331,7.791666666666667,1
2025-12-03,0.0,0.0,-6.970833333333334,10.666666666666666,1
2025-12-04,1.4,1.4,-4.5125,17.5,1
2025-12-05,0.0,0.0,-2.7458333333333336,1.0,1
2025-12-06,0.8999999999999999,0.0,2.3666666666666667,60.041666666666664,1
2025-12-07,0.0,0.0,7.179166666666667,34.041666666666664,1
2025-12-08,0.0,0.0,1.9291666666666665,0.2916666666666667,1
2025-12-09,0.0,0.0,1.1416666666666668,9.041666666666666,1
2025-12-10,0.0,0.0,4.458333333333333,43.958333333333336,1
2025-12-11,6.0,0.0,3.966666666666667,24.375,1
2025-12-12,0.0,0.0,-0.7625000000000001,27.291666666666668,1
2025-12-13,15.5,4.6,1.775,74.41666666666667,1
2025-12-14,0.0,0.0,-0.4124999999999999,13.416666666666666,1
2025-12-15,0.0,0.0,0.5583333333333335,28.291666666666668,1
2025-12-16,0.3,0.0,4.104166666666667,70.66666666666667,1
2025-12-17,0.0,0.0,3.6916666666666664,26.375,1
2025-12-18,0.0,0.0,1.2875,1.0,1
2025-12-19,0.0,0.0,3.3791666666666664,25.5,1
2025-12-20,0.1,0.0,6.929166666666667,58.25,1
2025-12-21,0.0,0.0,-3.1374999999999997,14.083333333333334,1
2025-12-22,0.0,0.0,-3.2291666666666665,10.916666666666666,1
2025-12-23,19.6,7.6,1.1541666666666666,67.08333333333333,1
2025-12-24,0.1,0.0,2.2708333333333335,29.958333333333332,1
2025-12-25,0.0,0.0,-4.395833333333333,0.375,1
2025-12-26,0.0,0.0,-10.262500000000001,0.0,1
2025-12-27,0.0,0.0,-5.266666666666667,31.791666666666668,1
2025-12-28,1.7,1.2,0.7416666666666667,80.70833333333333,1
2025-12-29,1.2,0.0,4.091666666666667,20.041666666666668,1
2025-12-30,0.0,0.0,-1.7583333333333335,3.2916666666666665,1
2025-12-31,0.0,0.0,-7.083333333333333,0.0,1
2026-01-01,0.0,0.0,-9.875,5.083333333333333,1
2026-01-02,0.0,0.0,-10.012500000000001,0.0,1
2026-01-03,0.0,0.0,-4.1499999999999995,20.0,1
2026-01-04,0.0,0.0,-0.5208333333333334,24.666666666666668,1
2026-01-05,0.0,0.0,-2.975,5.333333333333333,1
2026-01-06,0.0,0.0,-2.7624999999999997,13.25,1
2026-01-07,0.0,0.0,-0.6083333333333334,10.666666666666666,1
2026-01-08,0.0,0.0,-6.966666666666666,0.0,1
2026-01-09,0.0,0.0,-0.8583333333333334,48.708333333333336,1
2026-01-10,2.8,0.0,1.9541666666666666,48.458333333333336,1
2026-01-11,0.0,0.0,-7.55,1.6666666666666667,1
2026-01-12,0.3,0.0,-3.279166666666667,57.541666666666664,1
2026-01-13,0.1,0.0,-2.6416666666666666,4.041666666666667,1
2026-01-14,0.0,0.0,-4.266666666666667,19.166666666666668,1
2026-01-15,0.0,0.0,4.570833333333334,37.708333333333336,1
2026-01-16,0.0,0.0,0.8624999999999999,12.5,1
2026-01-17,0.0,0.0,-2.6166666666666667,5.208333333333333,1
2026-01-18,0.0,0.0,-2.225,49.833333333333336,1
2026-01-19,0.0,0.0,-4.816666666666666,32.75,1
2026-01-20,0.0,0.0,-11.120833333333332,8.375,1
2026-01-21,0.0,0.0,-11.783333333333333,0.0,1
2026-01-22,0.0,0.0,-10.825000000000001,0.0,1
2026-01-23,0.0,0.0,-7.116666666666667,13.25,1
2026-01-24,0.0,0.0,-6.3374999999999995,2.4583333333333335,1
2026-01-25,0.0,0.0,-8.416666666666666,5.375,1
2026-01-26,0.0,0.0,-6.329166666666667,41.833333333333336,1
2026-01-27,0.0,0.0,-5.25,9.25,1
2026-01-28,0.0,0.0,-7.5375,0.0,1
2026-01-29,0.0,0.0,-7.454166666666667,0.0,1
2026-01-30,0.0,0.0,-8.570833333333333,15.041666666666666,1
2026-01-31,0.0,0.0,-5.333333333333333,17.166666666666668,1
2026-02-01,0.0,0.0,-3.65,9.833333333333334,1
2026-02-02,0.9,0.0,-3.579166666666667,15.833333333333334,1
2026-02-03,0.0,0.0,-2.8208333333333333,3.6666666666666665,1
2026-02-04,0.0,0.0,1.2208333333333334,32.041666666666664,1
2026-02-05,0.0,0.0,2.2916666666666665,41.708333333333336,1
2026-02-06,0.0,0.0,-8.0375,33.75,1
2026-02-07,0.0,0.0,-11.195833333333333,9.083333333333334,1
2026-02-08,0.0,0.0,-10.516666666666667,0.0,1
2026-02-09,0.0,0.0,-4.0249999999999995,14.5,1
2026-02-10,1.2000000000000002,0.9,0.6458333333333334,74.16666666666667,1
2026-02-11,0.0,0.0,1.6208333333333331,49.416666666666664,1
2026-02-12,0.0,0.0,1.3,3.5833333333333335,1
2026-02-13,0.0,0.0,3.7708333333333335,79.04166666666667,1
2026-02-14,0.0,0.0,6.158333333333334,76.375,1
2026-02-15,0.0,0.0,3.6374999999999997,35.666666666666664,1
2026-02-16,0.0,0.0,-0.8791666666666668,25.583333333333332,1
2026-02-17,0.0,0.0,-0.9624999999999999,2.0,1
2026-02-18,0.0,0.0,0.7583333333333333,0.625,1
2026-02-19,0.0,0.0,-1.1291666666666669,0.0416666666666666,1
2026-02-20,0.0,0.0,3.170833333333333,4.875,1
2026-02-21,0.0,0.0,7.7,11.916666666666666,1
2026-02-22,0.0,0.0,6.1000000000000005,25.791666666666668,1
2026-02-23,0.0,0.0,-1.0166666666666668,26.25,1
2026-02-24,0.0,0.0,0.020833333333333297,58.916666666666664,1
2026-02-25,0.0,0.0,4.308333333333334,0.0,1
2026-02-26,0.0,0.0,5.408333333333334,38.291666666666664,1
2026-02-27,0.0,0.0,7.279166666666666,29.583333333333332,1
2026-02-28,0.0,0.0,6.045833333333333,5.5,1
2026-03-01,0.0,0.0,5.895833333333333,57.458333333333336,1
2026-03-02,14.3,3.6,2.954166666666667,84.125,1
2026-03-03,0.1,0.0,3.9583333333333335,37.375,1
2026-03-04,0.0,0.0,3.1875,12.041666666666666,1
2026-03-05,4.9,0.1,3.4958333333333336,52.75,1
2026-03-06,8.200000000000001,0.0,1.5041666666666667,55.208333333333336,1
2026-03-07,0.0,0.0,-1.6166666666666665,0.0,1
2026-03-08,0.0,0.0,-0.37916666666666665,10.083333333333334,1
2026-03-09,0.0,0.0,2.654166666666667,29.625,1
2026-03-10,0.0,0.0,1.5458333333333334,7.041666666666667,1
2026-03-11,0.0,0.0,2.7624999999999997,31.291666666666668,1
2026-03-12,0.0,0.0,4.6499999999999995,8.125,1
2026-03-13,0.0,0.0,5.258333333333334,6.5,1
2026-03-14,0.0,0.0,4.3999999999999995,36.083333333333336,1
2026-03-15,0.0,0.0,5.2250000000000005,34.458333333333336,1
2026-03-16,0.0,0.0,4.320833333333334,21.458333333333332,1
2026-03-17,0.0,0.0,5.9125000000000005,5.166666666666667,1
2026-03-18,0.8999999999999999,0.0,4.9624999999999995,41.583333333333336,1
2026-03-19,0.0,0.0,3.5,1.5416666666666667,1
2026-03-20,0.0,0.0,5.5,7.291666666666667,1
2026-03-21,0.0,0.0,5.2250000000000005,14.541666666666666,1
2026-03-22,0.0,0.0,7.1000000000000005,37.416666666666664,1
2026-03-23,0.0,0.0,8.466666666666667,8.25,1
2026-03-24,0.0,0.0,8.654166666666667,34.958333333333336,1
2026-03-25,0.0,0.0,9.116666666666667,2.0416666666666665,1
2026-03-26,0.0,0.0,6.833333333333333,53.5,1
2026-03-27,0.0,0.0,7.245833333333334,64.95833333333333,1
2026-03-28,0.0,0.0,8.5375,42.541666666666664,1
2026-03-29,0.0,0.0,8.762500000000001,55.916666666666664,1
2026-03-30,1.7000000000000002,0.0,11.541666666666666,60.666666666666664,1
2026-03-31,18.1,0.0,12.270833333333334,67.0,1
2026-04-01,0.0,0.0,10.8125,31.625,1
2026-04-02,0.0,0.0,8.741666666666667,3.2916666666666665,1
2026-04-03,0.0,0.0,11.266666666666666,74.25,1
2026-04-04,8.4,0.0,10.879166666666668,60.0,1
2026-04-05,5.9,1.5,9.666666666666666,24.958333333333332,1
2026-04-06,0.8,0.0,9.370833333333334,58.333333333333336,1
2026-04-07,0.0,0.0,7.095833333333334,0.25,1
2026-04-08,0.0,0.0,7.304166666666667,34.375,1
2026-04-09,18.8,3.7,7.716666666666666,7.708333333333333,1
2026-04-10,0.6000000000000001,0.0,9.741666666666667,51.5,1
2026-04-11,0.0,0.0,10.391666666666667,44.583333333333336,1
2026-04-12,0.0,0.0,11.55,55.916666666666664,1
2026-04-13,0.0,0.0,14.9375,31.75,1
2026-04-14,0.0,0.0,15.466666666666667,21.125,1
2026-04-15,0.0,0.0,15.129166666666668,9.458333333333334,1
2026-04-16,0.0,0.0,15.7625,23.583333333333332,1
2026-04-17,0.0,0.0,13.4625,53.75,1
2026-04-18,0.0,0.0,14.675,9.708333333333334,1
2026-04-19,0.0,0.0,17.400000000000002,50.166666666666664,1
2026-04-20,0.0,0.0,10.279166666666669,57.541666666666664,1
2026-04-21,0.0,0.0,10.420833333333333,32.291666666666664,1
2026-04-22,0.0,0.0,12.104166666666666,58.041666666666664,1
2026-04-23,0.0,0.0,13.325,45.5,1
2026-04-24,0.0,0.0,13.829166666666666,0.0,1
2026-04-25,0.0,0.0,15.375,0.0,1
2026-04-26,0.0,0.0,15.4625,5.375,1
2026-04-27,1.8,1.3,13.75,53.958333333333336,1
2026-04-28,1.0,0.0,11.979166666666666,82.04166666666667,1
2026-04-29,0.0,0.0,13.308333333333332,47.375,1
2026-04-30,0.0,0.0,13.920833333333334,24.875,1
2026-05-01,0.0,0.0,14.541666666666666,24.291666666666668,1
2026-05-02,0.1,0.0,13.641666666666667,65.125,1
2026-05-03,14.0,1.6,12.1,87.375,1
2026-05-04,0.1,0.0,12.725,12.125,1
2026-05-05,0.0,0.0,13.170833333333334,10.75,1
2026-05-06,0.0,0.0,14.75,7.875,1
2026-05-07,1.0,0.0,13.645833333333334,67.08333333333333,1
2026-05-08,0.0,0.0,14.575,7.833333333333333,1
2026-05-09,0.0,0.0,14.241666666666667,16.958333333333332,1
2026-05-10,0.0,0.0,15.483333333333334,18.083333333333332,1
2026-05-11,2.3,0.1,15.425,52.875,1
2026-05-12,2.0,0.0,16.054166666666667,57.541666666666664,1
2026-05-13,0.0,0.0,16.837500000000002,55.666666666666664,1
2026-05-14,0.0,0.0,19.900000000000002,37.791666666666664,1
2026-05-15,0.0,0.0,21.079166666666666,0.2083333333333333,1
2026-05-16,0.0,0.0,18.720833333333335,23.833333333333332,1
2026-05-17,0.0,0.0,17.224999999999998,44.875,1
2026-05-18,0.0,0.0,19.045833333333334,34.666666666666664,1
2026-05-19,0.0,0.0,18.695833333333333,77.375,1
2026-05-20,52.6,13.5,15.883333333333333,88.33333333333333,1
2026-05-21,20.4,0.0,15.716666666666667,71.33333333333333,1
2026-05-22,0.0,0.0,18.958333333333332,18.166666666666668,1
2026-05-23,0.1,0.0,18.0375,42.625,1
2026-05-24,0.0,0.0,20.474999999999998,11.583333333333334,1
2026-05-25,0.0,0.0,22.27916666666667,47.166666666666664,1
2026-05-26,0.0,0.0,23.291666666666668,61.666666666666664,1
2026-05-27,2.4,0.2,19.729166666666668,72.75,1
2026-05-28,0.6000000000000001,0.0,19.966666666666665,52.041666666666664,1
2026-05-29,0.0,0.0,19.758333333333333,8.416666666666666,1
2026-05-30,0.0,0.0,19.720833333333335,7.666666666666667,1
2026-05-31,0.0,0.0,21.5625,6.666666666666667,1
2026-06-01,0.0,0.0,21.166666666666668,58.041666666666664,1
2026-06-02,0.0,0.0,22.55,9.5,1
2026-06-03,0.0,0.0,23.041666666666668,37.375,1
2026-06-04,0.9,0.0,21.537499999999998,47.666666666666664,1
2026-06-05,0.3,0.0,20.125,20.708333333333332,1
2026-06-06,0.0,0.0,21.083333333333332,39.208333333333336,1
2026-06-07,2.0,0.8,20.608333333333334,64.95833333333333,1
2026-06-08,1.3,0.0,20.645833333333332,47.75,1
2026-06-09,0.0,0.0,20.666666666666668,11.5,1
2026-06-10,0.0,0.0,19.883333333333333,23.041666666666668,1
2026-06-11,0.0,0.0,19.974999999999998,22.625,1
2026-06-12,0.0,0.0,20.7,4.5,1
2026-06-13,0.0,0.0,21.75,11.083333333333334,1
2026-06-14,0.7,0.0,22.15,30.583333333333332,1
2026-06-15,0.0,0.0,23.979166666666668,20.541666666666668,1
2026-06-16,0.0,0.0,25.05,30.125,1
2026-06-17,0.0,0.0,24.979166666666668,23.541666666666668,1
2026-06-18,0.0,0.0,24.508333333333336,47.791666666666664,1
2026-06-19,2.7,1.6,24.295833333333334,84.25,1
2026-06-20,68.0,1.9,21.104166666666668,83.95833333333333,1
2026-06-21,0.0,0.0,22.40416666666667,47.416666666666664,1
2026-06-22,0.0,0.0,22.945833333333336,59.5,1
2026-06-23,0.0,0.0,24.258333333333336,19.125,1
2026-06-24,0.0,0.0,23.65833333333333,42.458333333333336,1
2026-06-25,26.700000000000003,15.2,20.683333333333334,57.416666666666664,1
2026-06-26,4.5,0.0,22.291666666666668,19.583333333333332,1
2026-06-27,0.0,0.0,24.59583333333333,39.875,1
2026-06-28,0.0,0.0,24.599999999999998,16.0,1
2026-06-29,0.0,0.0,24.03333333333333,35.083333333333336,1
2026-06-30,0.0,0.0,24.037499999999998,29.875,1
2026-07-01,0.0,0.0,25.525,39.833333333333336,1
2026-07-02,0.0,0.0,23.629166666666666,47.166666666666664,1
2026-07-03,0.0,0.0,23.420833333333334,68.0,1
2026-07-04,0.0,0.0,24.46666666666667,67.54166666666667,1
2026-07-05,27.200000000000003,13.8,23.09166666666667,65.29166666666667,1
2026-07-06,4.2,0.0,24.983333333333334,55.333333333333336,1
2026-07-07,20.2,0.0,25.191666666666663,75.0,1
2026-07-08,26.2,1.3,24.554166666666664,70.5,1
2026-07-09,6.6,0.2,24.8875,68.16666666666667,1
2026-07-10,10.8,0.3,25.3625,76.08333333333333,1
2026-07-11,0.0,0.0,27.695833333333336,46.458333333333336,1
2026-07-12,0.1,0.0,29.2,24.875,1
2026-07-13,0.5,0.0,28.604166666666668,35.083333333333336,1
2026-07-14,31.2,8.5,27.45,55.708333333333336,1
2026-07-15,10.8,0.0,25.804166666666664,53.458333333333336,1
2026-07-16,0.0,0.0,25.1,63.041666666666664,1
2026-07-17,1.9,1.1,24.391666666666666,65.29166666666667,1
2026-07-18,94.8,2.1,24.395833333333332,83.54166666666667,1
2026-07-19,36.199999999999996,3.8,24.287499999999998,61.25,1
2026-07-20,18.2,2.8,23.045833333333334,55.458333333333336,1
2026-07-21,55.5,0.2,25.166666666666668,72.16666666666667,1
2026-07-22,7.2,1.2,26.02916666666667,52.875,1
2026-07-23,43.4,0.8999999999999999,25.733333333333334,75.79166666666667,1
2026-07-24,3.7,0.0,25.71666666666667,56.75,1
2026-07-25,1.2,0.0,26.804166666666664,48.75,1
2026-07-26,5.6000000000000005,0.0,27.391666666666666,47.125,1
2026-07-27,4.8,0.0,27.2625,33.375,1
2026-07-28,2.3000000000000003,0.0,27.170833333333334,47.333333333333336,1
2026-07-29,0.0,0.0,26.912499999999998,37.458333333333336,1
2026-07-30,0.0,0.0,26.995833333333334,36.958333333333336,1
2026-07-31,0.0,0.0,27.645833333333332,39.833333333333336,1
2026-08-01,0.0,0.0,28.55,27.416666666666668,1
2026-08-02,0.0,0.0,28.90416666666667,22.666666666666668,1
2026-08-03,0.0,0.0,29.2375,22.375,1
2026-08-04,0.0,0.0,30.491666666666664,25.833333333333332,1
2026-08-05,0.0,0.0,30.5625,25.083333333333332,1
2026-08-06,0.0,0.0,30.34583333333333,10.625,1
2026-08-07,0.0,0.0,30.379166666666666,9.833333333333334,1
2026-08-08,0.0,0.0,28.608333333333334,19.916666666666668,1
2026-08-09,0.0,0.0,27.079166666666666,61.25,1
2026-08-10,0.0,0.0,27.5625,64.70833333333333,1
2026-08-11,0.0,0.0,26.170833333333334,30.75,1
2026-08-12,0.0,0.0,24.645833333333332,17.791666666666668,1
2026-08-13,0.0,0.0,26.083333333333332,33.458333333333336,1
2026-08-14,0.0,0.0,24.97083333333333,54.958333333333336,1
2026-08-15,19.1,12.0,25.191666666666663,50.75,1
2026-08-16,12.4,0.1,23.400000000000002,81.25,1
2026-08-17,0.0,0.0,25.72083333333333,44.416666666666664,1
2026-08-18,0.2,0.0,26.316666666666666,30.583333333333332,1
2026-08-19,0.1,0.0,26.2625,40.958333333333336,1
2026-08-20,0.5,0.4,25.495833333333337,61.083333333333336,1
2026-08-21,2.9000000000000004,0.0,24.09166666666667,61.958333333333336,1
2026-08-22,39.1,0.2,24.583333333333332,65.125,1
2026-08-23,7.6,0.0,27.425,43.666666666666664,1
2026-08-24,0.0,0.0,27.6,24.875,1
2026-08-25,0.2,0.0,26.90416666666667,64.70833333333333,1
2026-08-26,0.0,0.0,26.59166666666667,65.79166666666667,1
2026-08-27,0.0,0.0,26.295833333333334,63.333333333333336,1
2026-08-28,4.5,3.2,25.9875,58.5,1
2026-08-29,12.8,0.1,25.495833333333337,61.666666666666664,1
2023-06-01,0.0,0.0,20.079166666666666,52.0,2
2023-06-02,0.0,0.0,21.266666666666666,18.5,2
2023-06-03,0.0,0.0,21.483333333333334,3.9166666666666665,2
2023-06-04,0.2,0.2,20.404166666666665,13.041666666666666,2
2023-06-05,0.0,0.0,19.675,26.708333333333332,2
2023-06-06,0.0,0.0,18.945833333333333,22.5,2
2023-06-07,0.0,0.0,20.445833333333333,49.541666666666664,2
2023-06-08,0.30000000000000004,0.1,21.358333333333334,46.458333333333336,2
2023-06-09,8.9,0.0,21.120833333333334,38.458333333333336,2
2023-06-10,9.9,0.4,21.358333333333334,53.125,2
2023-06-11,13.799999999999999,0.2,21.150000000000002,52.875,2
2023-06-12,0.0,0.0,19.883333333333333,47.5,2
2023-06-13,0.0,0.0,19.416666666666668,63.416666666666664,2
2023-06-14,0.0,0.0,20.75,25.333333333333332,2
2023-06-15,0.0,0.0,21.320833333333333,14.375,2
2023-06-16,0.0,0.0,22.016666666666666,2.0833333333333335,2
2023-06-17,0.0,0.0,21.891666666666666,16.125,2
2023-06-18,0.0,0.0,22.958333333333332,5.458333333333333,2
2023-06-19,0.0,0.0,25.358333333333334,28.625,2
2023-06-20,0.7,0.0,23.075,65.5,2
2023-06-21,10.5,0.0,21.1625,71.16666666666667,2
2023-06-22,2.8,0.0,20.925,27.208333333333332,2
2023-06-23,0.0,0.0,23.474999999999998,15.958333333333334,2
2023-06-24,0.0,0.0,25.629166666666666,3.625,2
2023-06-25,0.0,0.0,26.495833333333334,36.416666666666664,2
2023-06-26,13.0,1.8,23.337500000000002,72.70833333333333,2
2023-06-27,0.0,0.0,23.795833333333334,29.833333333333332,2
2023-06-28,0.1,0.0,24.47083333333333,72.83333333333333,2
2023-06-29,103.10000000000001,10.5,23.55,88.125,2
2023-06-30,0.8999999999999999,0.0,23.383333333333336,82.45833333333333,2
2023-07-01,0.0,0.0,24.833333333333332,32.833333333333336,2
2023-07-02,0.0,0.0,24.083333333333332,64.33333333333333,2
2023-07-03,0.0,0.0,25.954166666666666,66.75,2
2023-07-04,36.5,12.7,24.96666666666667,80.83333333333333,2
2023-07-05,22.5,0.0,25.054166666666664,33.041666666666664,2
2023-07-06,0.0,0.0,25.441666666666666,25.708333333333332,2
2023-07-07,0.4,0.0,24.03333333333333,55.833333333333336,2
2023-07-08,1.9,0.4,25.275000000000002,51.625,2
2023-07-09,23.8,0.5,25.40833333333333,69.70833333333333,2
2023-07-10,27.3,0.0,25.03333333333333,91.5,2
2023-07-11,79.8,5.1,24.145833333333332,92.125,2
2023-07-12,69.7,0.3,24.825,75.83333333333333,2
2023-07-13,49.1,3.2,24.504166666666666,87.83333333333333,2
2023-07-14,146.3,19.200000000000003,24.412499999999998,88.125,2
2023-07-15,4.6000000000000005,0.5,25.191666666666666,79.375,2
2023-07-16,20.6,7.2,24.808333333333334,64.16666666666667,2
2023-07-17,61.8,6.0,25.825,61.083333333333336,2
2023-07-18,13.3,0.3,25.337500000000002,62.625,2
2023-07-19,0.0,0.0,27.45,18.25,2
2023-07-20,0.0,0.0,27.104166666666668,21.791666666666668,2
2023-07-21,0.0,0.0,28.041666666666668,18.416666666666668,2
2023-07-22,3.4000000000000004,2.1,27.75,45.875,2
2023-07-23,51.300000000000004,2.8,24.916666666666668,87.66666666666667,2
2023-07-24,2.2,0.4,26.866666666666664,64.66666666666667,2
2023-07-25,4.4,1.6,26.337500000000002,48.125,2
2023-07-26,2.2,0.0,25.108333333333334,53.166666666666664,2
2023-07-27,0.4,0.0,26.045833333333334,33.25,2
2023-07-28,0.0,0.0,27.9875,21.25,2
2023-07-29,0.30000000000000004,0.0,26.820833333333336,64.95833333333333,2
2023-07-30,0.0,0.0,27.816666666666666,50.333333333333336,2
2023-07-31,0.2,0.0,28.691666666666666,24.75,2
2023-08-01,0.0,0.0,28.920833333333334,18.458333333333332,2
2023-08-02,0.0,0.0,28.40833333333333,26.083333333333332,2
2023-08-03,0.0,0.0,28.3,20.041666666666668,2
2023-08-04,0.0,0.0,28.65833333333333,24.291666666666668,2
2023-08-05,0.0,0.0,29.15833333333333,17.333333333333332,2
2023-08-06,0.2,0.0,29.90416666666667,22.083333333333332,2
2023-08-07,0.0,0.0,30.025000000000002,27.666666666666668,2
2023-08-08,0.0,0.0,29.97083333333333,23.875,2
2023-08-09,0.2,0.0,28.849999999999998,66.54166666666667,2
2023-08-10,100.3,0.5,26.620833333333334,90.625,2
2023-08-11,58.3,5.1,24.316666666666666,81.66666666666667,2
2023-08-12,0.2,0.0,25.650000000000002,60.333333333333336,2
2023-08-13,1.4,0.0,26.537499999999998,29.666666666666668,2
2023-08-14,0.1,0.0,28.120833333333334,21.416666666666668,2
2023-08-15,0.0,0.0,27.929166666666664,35.375,2
2023-08-16,1.8,1.6,27.287499999999998,28.541666666666668,2
2023-08-17,0.0,0.0,28.1125,20.583333333333332,2
2023-08-18,0.0,0.0,28.525000000000002,14.041666666666666,2
2023-08-19,0.0,0.0,28.291666666666668,17.833333333333332,2
2023-08-20,0.1,0.1,27.46666666666667,44.083333333333336,2
2023-08-21,1.5,0.5,25.666666666666668,62.0,2
2023-08-22,13.3,2.9,26.383333333333336,74.91666666666667,2
2023-08-23,55.599999999999994,0.4,25.27916666666667,85.20833333333333,2
2023-08-24,3.3,0.2,25.02916666666667,53.25,2
2023-08-25,0.0,0.0,26.6375,28.958333333333332,2
2023-08-26,0.0,0.0,25.075,21.958333333333332,2
2023-08-27,0.0,0.0,24.645833333333332,57.208333333333336,2
2023-08-28,32.2,14.6,23.195833333333336,82.45833333333333,2
2023-08-29,74.6,14.5,23.745833333333334,78.70833333333333,2
2023-08-30,3.3,0.0,21.508333333333336,66.54166666666667,2
2023-08-31,0.0,0.0,22.666666666666668,55.375,2
2023-09-01,0.0,0.0,24.5625,52.291666666666664,2
2023-09-02,4.0,2.5,24.229166666666668,33.583333333333336,2
2023-09-03,0.1,0.0,25.2375,59.25,2
2023-09-04,1.4,0.0,25.925,61.791666666666664,2
2023-09-05,0.0,0.0,26.4875,38.416666666666664,2
2023-09-06,0.0,0.0,26.041666666666668,6.75,2
2023-09-07,0.0,0.0,24.3,0.0,2
2023-09-08,0.0,0.0,24.28333333333333,0.08333333333333333,2
2023-09-09,0.0,0.0,24.599999999999998,8.625,2
2023-09-10,0.0,0.0,24.4875,44.833333333333336,2
2023-09-11,0.0,0.0,24.441666666666666,29.875,2
2023-09-12,0.0,0.0,23.829166666666666,58.125,2
2023-09-13,0.0,0.0,24.59583333333333,58.458333333333336,2
2023-09-14,2.2,0.0,23.8875,64.29166666666667,2
2023-09-15,16.8,2.1,21.691666666666666,68.54166666666667,2
2023-09-16,31.6,2.9,23.34583333333333,63.208333333333336,2
2023-09-17,17.2,0.0,23.741666666666664,61.333333333333336,2
2023-09-18,3.0,0.0,24.483333333333334,37.375,2
2023-09-19,1.1,0.1,23.15416666666667,61.083333333333336,2
2023-09-20,1.0,0.0,20.954166666666666,64.75,2
2023-09-21,0.0,0.0,20.791666666666668,40.958333333333336,2
2023-09-22,0.0,0.0,20.420833333333334,10.625,2
2023-09-23,0.0,0.0,20.829166666666666,50.75,2
2023-09-24,0.0,0.0,21.691666666666666,25.708333333333332,2
2023-09-25,0.0,0.0,20.354166666666668,61.333333333333336,2
2023-09-26,11.9,2.9,20.337500000000002,71.91666666666667,2
2023-09-27,0.1,0.0,21.525000000000002,53.291666666666664,2
2023-09-28,0.0,0.0,21.758333333333336,26.333333333333332,2
2023-09-29,0.0,0.0,18.337500000000002,38.083333333333336,2
2023-09-30,0.4,0.0,19.579166666666666,31.458333333333332,2
2023-10-01,0.0,0.0,17.5375,0.625,2
2023-10-02,0.0,0.0,17.270833333333332,15.0,2
2023-10-03,0.0,0.0,17.716666666666665,52.458333333333336,2
2023-10-04,0.0,0.0,18.158333333333335,9.875,2
2023-10-05,0.0,0.0,13.854166666666666,2.6666666666666665,2
2023-10-06,0.0,0.0,14.775,25.875,2
2023-10-07,0.0,0.0,16.075,66.33333333333333,2
2023-10-08,0.0,0.0,17.837500000000002,56.416666666666664,2
2023-10-09,0.1,0.0,16.470833333333335,58.375,2
2023-10-10,0.0,0.0,16.45,5.833333333333333,2
2023-10-11,0.0,0.0,16.566666666666666,14.5,2
2023-10-12,0.0,0.0,17.1125,33.333333333333336,2
2023-10-13,0.0,0.0,16.45,42.875,2
2023-10-14,0.4,0.4,15.541666666666666,42.458333333333336,2
2023-10-15,0.0,0.0,15.2125,14.333333333333334,2
2023-10-16,0.0,0.0,13.8375,0.75,2
2023-10-17,0.0,0.0,12.929166666666667,0.0,2
2023-10-18,0.0,0.0,14.137500000000001,47.958333333333336,2
2023-10-19,1.4000000000000001,0.0,15.454166666666666,63.0,2
2023-10-20,0.0,0.0,11.170833333333334,8.541666666666666,2
2023-10-21,0.0,0.0,10.299999999999999,6.625,2
2023-10-22,0.0,0.0,11.862499999999999,13.833333333333334,2
2023-10-23,0.0,0.0,13.5625,41.166666666666664,2
2023-10-24,6.6,0.0,14.375,37.0,2
2023-10-25,0.0,0.0,15.745833333333332,18.708333333333332,2
2023-10-26,0.1,0.1,17.220833333333335,53.708333333333336,2
2023-10-27,0.0,0.0,12.845833333333333,25.208333333333332,2
2023-10-28,0.0,0.0,12.129166666666668,0.3333333333333333,2
2023-10-29,0.0,0.0,12.683333333333332,0.0,2
2023-10-30,0.0,0.0,13.5625,8.208333333333334,2
2023-10-31,0.0,0.0,14.950000000000001,33.458333333333336,2
2023-11-01,2.1,0.0,17.766666666666666,42.583333333333336,2
2023-11-02,0.0,0.0,18.537499999999998,40.333333333333336,2
2023-11-03,0.8999999999999999,0.5,18.270833333333332,43.458333333333336,2
2023-11-04,0.0,0.0,14.145833333333334,63.083333333333336,2
2023-11-05,26.9,3.9,15.716666666666667,82.5,2
2023-11-06,53.3,0.5,15.049999999999999,66.79166666666667,2
2023-11-07,3.5999999999999996,0.0,6.929166666666667,24.166666666666668,2
2023-11-08,0.0,0.0,7.208333333333333,22.333333333333332,2
2023-11-09,8.5,8.4,11.079166666666666,47.125,2
2023-11-10,0.0,0.0,4.391666666666667,34.25,2
2023-11-11,0.0,0.0,0.6875,1.375,2
2023-11-12,0.0,0.0,0.5875,1.8333333333333333,2
2023-11-13,0.0,0.0,0.1458333333333333,0.0,2
2023-11-14,0.0,0.0,4.45,31.666666666666668,2
2023-11-15,0.0,0.0,7.758333333333333,48.208333333333336,2
2023-11-16,18.8,0.1,7.8,73.25,2
2023-11-17,0.4,0.0,0.7000000000000001,30.333333333333332,2
2023-11-18,0.0,0.0,2.4875000000000003,19.416666666666668,2
2023-11-19,0.0,0.0,7.379166666666666,27.416666666666668,2
2023-11-20,0.0,0.0,5.120833333333334,0.0,2
2023-11-21,0.0,0.0,6.158333333333332,6.291666666666667,2
2023-11-22,0.0,0.0,9.458333333333334,42.666666666666664,2
2023-11-23,1.2,0.0,7.654166666666666,35.958333333333336,2
2023-11-24,0.0,0.0,-2.9458333333333333,2.7083333333333335,2
2023-11-25,0.0,0.0,-3.0375,13.75,2
2023-11-26,0.0,0.0,0.8458333333333333,73.16666666666667,2
2023-11-27,2.5,0.0,6.404166666666666,64.91666666666667,2
2023-11-28,0.0,0.0,-0.14166666666666666,8.375,2
2023-11-29,0.7,0.0,-1.4625000000000001,37.708333333333336,2
2023-11-30,0.0,0.0,-4.866666666666666,1.125,2
2023-12-01,0.0,0.0,-2.3666666666666667,14.0,2
2023-12-02,0.0,0.0,0.8625000000000002,51.458333333333336,2
2023-12-03,0.0,0.0,0.6958333333333333,4.583333333333333,2
2023-12-04,0.0,0.0,2.058333333333333,29.375,2
2023-12-05,0.0,0.0,6.875,43.083333333333336,2
2023-12-06,0.5,0.0,7.170833333333333,32.125,2
2023-12-07,0.0,0.0,3.891666666666667,7.291666666666667,2
2023-12-08,0.0,0.0,9.745833333333334,22.541666666666668,2
2023-12-09,0.0,0.0,9.887500000000001,20.875,2
2023-12-10,0.0,0.0,4.745833333333334,27.958333333333332,2
2023-12-11,44.1,12.600000000000001,8.441666666666666,79.04166666666667,2
2023-12-12,4.3,0.0,4.358333333333333,59.5,2
2023-12-13,0.0,0.0,4.3125,17.416666666666668,2
2023-12-14,17.1,8.2,6.270833333333333,81.625,2
2023-12-15,19.4,0.0,4.7875000000000005,80.375,2
2023-12-16,1.7,0.0,-2.0,66.08333333333333,2
2023-12-17,0.0,0.0,-9.841666666666667,0.625,2
2023-12-18,0.0,0.0,-7.358333333333333,42.5,2
2023-12-19,0.7999999999999999,0.7999999999999999,-3.404166666666667,60.25,2
2023-12-20,0.0,0.0,-6.983333333333333,19.666666666666668,2
2023-12-21,0.0,0.0,-12.387500000000001,0.0,2
2023-12-22,0.0,0.0,-11.508333333333333,0.0,2
2023-12-23,0.0,0.0,-7.241666666666667,15.0,2
2023-12-24,1.0,0.0,-2.5625,48.875,2
2023-12-25,0.1,0.0,0.35000000000000003,48.416666666666664,2
2023-12-26,0.0,0.0,1.9083333333333332,40.125,2
2023-12-27,0.0,0.0,0.7291666666666666,18.458333333333332,2
2023-12-28,0.0,0.0,1.1458333333333333,27.875,2
2023-12-29,0.0,0.0,1.5416666666666667,34.541666666666664,2
2023-12-30,6.7,1.7999999999999998,1.7458333333333333,74.75,2
2023-12-31,0.8,0.0,3.483333333333333,53.041666666666664,2
2024-01-01,0.0,0.0,2.775,28.333333333333332,2
2024-01-02,0.0,0.0,2.3541666666666665,61.041666666666664,2
2024-01-03,0.0,0.0,1.2208333333333334,34.166666666666664,2
2024-01-04,0.0,0.0,-0.15833333333333338,16.25,2
2024-01-05,0.0,0.0,2.9458333333333333,11.375,2
2024-01-06,0.0,0.0,-1.9458333333333335,5.958333333333333,2
2024-01-07,0.0,0.0,-6.170833333333333,3.5416666666666665,2
2024-01-08,0.0,0.0,-7.0874999999999995,14.5,2
2024-01-09,3.4,1.8,-0.8208333333333333,68.54166666666667,2
2024-01-10,0.1,0.0,-0.02499999999999995,25.625,2
2024-01-11,0.0,0.0,0.19166666666666662,32.75,2
2024-01-12,0.0,0.0,-1.9375,0.0,2
2024-01-13,0.0,0.0,-2.408333333333333,2.5,2
2024-01-14,5.7,0.0,-1.1958333333333335,43.5,2
2024-01-15,0.0,0.0,-6.0125,0.0,2
2024-01-16,0.0,0.0,-4.25,20.416666666666668,2
2024-01-17,2.4,0.8,-1.8083333333333333,68.04166666666667,2
2024-01-18,0.5,0.0,3.558333333333333,38.541666666666664,2
2024-01-19,0.0,0.0,4.25,58.541666666666664,2
2024-01-20,0.0,0.0,3.3375,62.291666666666664,2
2024-01-21,0.0,0.0,2.875,65.45833333333333,2
2024-01-22,0.0,0.0,-8.308333333333334,35.0,2
2024-01-23,0.0,0.0,-13.316666666666668,0.0,2
2024-01-24,0.0,0.0,-10.125,0.0,2
2024-01-25,0.0,0.0,-7.3500000000000005,0.0,2
2024-01-26,0.0,0.0,-2.6833333333333336,14.208333333333334,2
2024-01-27,0.0,0.0,-2.345833333333333,8.833333333333334,2
2024-01-28,0.0,0.0,-4.020833333333333,0.2916666666666667,2
2024-01-29,0.0,0.0,-2.8000000000000003,0.08333333333333333,2
2024-01-30,0.0,0.0,-0.8291666666666666,31.958333333333332,2
2024-01-31,0.4,0.0,3.033333333333333,58.666666666666664,2
2024-02-01,0.0,0.0,1.5,50.625,2
2024-02-02,0.0,0.0,1.5208333333333333,33.75,2
2024-02-03,0.5,0.5,1.7083333333333333,56.541666666666664,2
2024-02-04,0.0,0.0,4.8,49.041666666666664,2
2024-02-05,7.9,0.6,2.720833333333333,89.41666666666667,2
2024-02-06,0.2,0.0,0.33749999999999997,32.416666666666664,2
2024-02-07,0.0,0.0,-2.8833333333333333,1.625,2
2024-02-08,0.0,0.0,-2.404166666666667,1.2083333333333333,2
2024-02-09,0.0,0.0,-1.6583333333333334,6.0,2
2024-02-10,0.1,0.0,0.17500000000000002,26.208333333333332,2
2024-02-11,0.0,0.0,-0.6708333333333334,12.125,2
2024-02-12,0.0,0.0,1.0791666666666666,18.666666666666668,2
2024-02-13,0.0,0.0,6.133333333333333,11.666666666666666,2
2024-02-14,0.0,0.0,9.950000000000001,59.333333333333336,2
2024-02-15,7.7,0.0,4.4875,76.70833333333333,2
2024-02-16,0.0,0.0,0.31666666666666665,5.25,2
2024-02-17,0.0,0.0,2.8958333333333335,14.875,2
2024-02-18,8.2,4.5,6.6499999999999995,36.708333333333336,2
2024-02-19,33.9,0.0,8.987499999999999,87.83333333333333,2
2024-02-20,0.0,0.0,2.6625,68.04166666666667,2
2024-02-21,4.9,0.7999999999999999,2.2041666666666666,88.875,2
2024-02-22,4.1,0.0,1.125,61.958333333333336,2
2024-02-23,0.0,0.0,1.5291666666666668,24.875,2
2024-02-24,0.0,0.0,1.1958333333333335,45.291666666666664,2
2024-02-25,0.0,0.0,1.875,36.958333333333336,2
2024-02-26,0.0,0.0,1.5458333333333334,14.583333333333334,2
2024-02-27,0.0,0.0,1.5374999999999999,44.083333333333336,2
2024-02-28,0.0,0.0,2.7125,54.041666666666664,2
2024-02-29,0.0,0.0,4.45,52.958333333333336,2
2024-03-01,0.0,0.0,-4.0125,0.9583333333333334,2
2024-03-02,0.0,0.0,-1.4375,26.125,2
2024-03-03,0.0,0.0,2.1958333333333333,5.541666666666667,2
2024-03-04,0.0,0.0,4.004166666666666,65.66666666666667,2
2024-03-05,1.5,0.0,4.125,71.125,2
2024-03-06,0.0,0.0,5.8,53.916666666666664,2
2024-03-07,0.0,0.0,3.0416666666666665,31.083333333333332,2
2024-03-08,0.0,0.0,1.1708333333333332,4.583333333333333,2
2024-03-09,0.0,0.0,-0.34583333333333327,0.0,2
2024-03-10,0.0,0.0,1.6083333333333334,3.25,2
2024-03-11,0.1,0.1,4.7250000000000005,65.83333333333333,2
2024-03-12,1.6,0.0,5.8500000000000005,51.666666666666664,2
2024-03-13,0.0,0.0,4.108333333333333,6.625,2
2024-03-14,0.0,0.0,5.675,7.666666666666667,2
2024-03-15,0.0,0.0,6.670833333333333,37.458333333333336,2
2024-03-16,0.0,0.0,8.004166666666666,72.875,2
2024-03-17,0.0,0.0,8.116666666666667,53.708333333333336,2
2024-03-18,0.0,0.0,4.216666666666667,17.083333333333332,2
2024-03-19,6.9,0.0,4.191666666666666,54.75,2
2024-03-20,0.0,0.0,3.5541666666666667,1.0416666666666667,2
2024-03-21,0.0,0.0,3.1916666666666664,7.041666666666667,2
2024-03-22,4.5,2.0,6.516666666666667,64.0,2
2024-03-23,0.0,0.0,10.520833333333334,73.125,2
2024-03-24,0.0,0.0,11.454166666666666,47.25,2
2024-03-25,9.2,2.2,8.116666666666667,81.08333333333333,2
2024-03-26,16.7,0.0,7.125,49.5,2
2024-03-27,0.0,0.0,8.129166666666666,51.333333333333336,2
2024-03-28,2.7,0.0,8.170833333333333,72.20833333333333,2
2024-03-29,0.0,0.0,6.508333333333333,14.875,2
2024-03-30,0.0,0.0,6.491666666666667,14.666666666666666,2
2024-03-31,0.0,0.0,7.316666666666666,17.208333333333332,2
2024-04-01,0.0,0.0,8.195833333333333,7.208333333333333,2
2024-04-02,0.0,0.0,11.3125,62.291666666666664,2
2024-04-03,0.1,0.0,15.129166666666668,69.70833333333333,2
2024-04-04,0.0,0.0,12.8375,20.958333333333332,2
2024-04-05,0.0,0.0,10.770833333333334,10.583333333333334,2
2024-04-06,0.0,0.0,9.295833333333333,42.541666666666664,2
2024-04-07,0.0,0.0,11.170833333333334,12.166666666666666,2
2024-04-08,0.0,0.0,14.170833333333333,45.416666666666664,2
2024-04-09,0.0,0.0,12.766666666666667,14.208333333333334,2
2024-04-10,0.0,0.0,10.7875,42.958333333333336,2
2024-04-11,1.0999999999999999,0.0,11.679166666666667,52.25,2
2024-04-12,0.0,0.0,13.629166666666668,16.5,2
2024-04-13,0.0,0.0,15.012500000000001,37.291666666666664,2
2024-04-14,0.0,0.0,16.375,68.41666666666667,2
2024-04-15,5.1000000000000005,0.0,13.924999999999999,91.04166666666667,2
2024-04-16,0.0,0.0,11.783333333333333,50.208333333333336,2
2024-04-17,0.0,0.0,11.895833333333334,50.791666666666664,2
2024-04-18,0.0,0.0,12.487499999999999,3.625,2
2024-04-19,0.0,0.0,11.745833333333332,55.583333333333336,2
2024-04-20,8.5,3.4,11.700000000000001,82.875,2
2024-04-21,0.4,0.0,16.0375,45.333333333333336,2
2024-04-22,0.0,0.0,15.833333333333334,48.458333333333336,2
2024-04-23,0.0,0.0,15.995833333333332,45.5,2
2024-04-24,1.0,0.0,13.266666666666666,52.5,2
2024-04-25,0.0,0.0,13.433333333333332,48.75,2
2024-04-26,0.0,0.0,15.9375,56.583333333333336,2
2024-04-27,0.0,0.0,15.0375,0.9583333333333334,2
2024-04-28,0.0,0.0,17.129166666666666,54.0,2
2024-04-29,0.0,0.0,16.6625,74.04166666666667,2
2024-04-30,0.0,0.0,15.441666666666668,29.333333333333332,2
2024-05-01,0.0,0.0,15.658333333333333,10.125,2
2024-05-02,0.0,0.0,15.254166666666668,0.16666666666666666,2
2024-05-03,0.0,0.0,16.366666666666667,0.0,2
2024-05-04,0.0,0.0,18.008333333333333,34.25,2
2024-05-05,36.1,13.3,16.0125,80.95833333333333,2
2024-05-06,13.1,0.2,13.304166666666667,92.625,2
2024-05-07,0.8,0.0,14.116666666666667,69.875,2
2024-05-08,0.0,0.0,13.733333333333334,31.541666666666668,2
2024-05-09,0.0,0.0,14.845833333333333,23.458333333333332,2
2024-05-10,0.0,0.0,16.099999999999998,13.166666666666666,2
2024-05-11,12.8,3.0,15.520833333333334,70.08333333333333,2
2024-05-12,2.4,0.0,13.983333333333334,9.333333333333334,2
2024-05-13,0.0,0.0,16.55,4.166666666666667,2
2024-05-14,0.0,0.0,16.5625,0.9166666666666666,2
2024-05-15,3.3,2.5,14.325000000000001,35.5,2
2024-05-16,0.0,0.0,13.5,4.166666666666667,2
2024-05-17,0.0,0.0,16.433333333333334,29.041666666666668,2
2024-05-18,0.0,0.0,18.729166666666668,14.291666666666666,2
2024-05-19,0.0,0.0,19.474999999999998,25.125,2
2024-05-20,0.0,0.0,17.8,51.166666666666664,2
2024-05-21,0.0,0.0,19.6375,33.916666666666664,2
2024-05-22,0.0,0.0,17.158333333333335,42.125,2
2024-05-23,0.0,0.0,16.0125,42.791666666666664,2
2024-05-24,0.0,0.0,15.341666666666667,81.41666666666667,2
2024-05-25,0.0,0.0,18.554166666666667,58.375,2
2024-05-26,10.8,4.3,19.291666666666668,72.625,2
2024-05-27,3.0999999999999996,0.0,17.070833333333333,46.166666666666664,2
2024-05-28,0.0,0.0,18.5375,26.083333333333332,2
2024-05-29,0.0,0.0,19.208333333333332,8.583333333333334,2
2024-05-30,0.0,0.0,18.6375,62.75,2
2024-05-31,0.0,0.0,19.004166666666666,23.583333333333332,2
2024-06-01,0.0,0.0,19.845833333333335,38.875,2
2024-06-02,0.0,0.0,19.2625,20.416666666666668,2
2024-06-03,0.0,0.0,20.6375,5.791666666666667,2
2024-06-04,0.0,0.0,20.854166666666668,4.583333333333333,2
2024-06-05,0.0,0.0,21.829166666666666,32.583333333333336,2
2024-06-06,0.0,0.0,21.40416666666667,27.333333333333332,2
2024-06-07,0.0,0.0,19.316666666666666,38.208333333333336,2
2024-06-08,0.4,0.0,19.216666666666665,46.791666666666664,2
2024-06-09,0.0,0.0,21.358333333333334,41.583333333333336,2
2024-06-10,0.0,0.0,21.258333333333333,37.875,2
2024-06-11,0.0,0.0,22.791666666666668,51.708333333333336,2
2024-06-12,0.0,0.0,22.2625,47.666666666666664,2
2024-06-13,0.0,0.0,22.816666666666666,17.125,2
2024-06-14,0.0,0.0,22.88333333333333,55.416666666666664,2
2024-06-15,0.7,0.0,21.825,51.791666666666664,2
2024-06-16,0.0,0.0,22.420833333333334,32.833333333333336,2
2024-06-17,0.0,0.0,21.8625,26.541666666666668,2
2024-06-18,0.0,0.0,22.675,2.8333333333333335,2
2024-06-19,0.0,0.0,24.25,31.416666666666668,2
2024-06-20,0.0,0.0,25.2375,56.916666666666664,2
2024-06-21,0.0,0.0,25.354166666666668,60.25,2
2024-06-22,18.4,0.5,22.3125,78.04166666666667,2
2024-06-23,2.1,0.0,23.941666666666666,64.04166666666667,2
2024-06-24,1.3,0.0,21.875,36.791666666666664,2
2024-06-25,0.0,0.0,22.53333333333333,43.625,2
2024-06-26,0.0,0.0,23.474999999999998,9.041666666666666,2
2024-06-27,0.0,0.0,25.3125,19.916666666666668,2
2024-06-28,0.0,0.0,25.633333333333336,32.458333333333336,2
2024-06-29,18.9,7.4,22.558333333333334,79.125,2
2024-06-30,25.0,0.0,23.96666666666667,66.375,2
2024-07-01,0.0,0.0,24.412499999999998,72.54166666666667,2
2024-07-02,23.8,1.3,23.325,74.25,2
2024-07-03,3.1,0.0,24.95,61.75,2
2024-07-04,1.0,0.0,24.21666666666667,56.916666666666664,2
2024-07-05,1.2,0.0,23.9875,63.541666666666664,2
2024-07-06,2.7,0.0,25.254166666666666,69.83333333333333,2
2024-07-07,13.4,0.0,25.070833333333336,82.54166666666667,2
2024-07-08,21.4,3.1,24.258333333333336,88.45833333333333,2
2024-07-09,0.0,0.0,23.087500000000002,77.20833333333333,2
2024-07-10,104.7,0.3,22.525000000000002,80.5,2
2024-07-11,0.0,0.0,24.21666666666667,52.291666666666664,2
2024-07-12,0.0,0.0,24.28333333333333,26.541666666666668,2
2024-07-13,0.7999999999999999,0.0,25.183333333333334,59.125,2
2024-07-14,0.0,0.0,27.025000000000002,14.041666666666666,2
2024-07-15,0.7999999999999999,0.7999999999999999,25.695833333333336,44.625,2
2024-07-16,9.2,0.5,25.22083333333333,58.416666666666664,2
2024-07-17,10.8,5.4,25.495833333333334,82.29166666666667,2
2024-07-18,58.8,2.8,24.96666666666667,79.875,2
2024-07-19,35.3,0.0,25.858333333333334,73.58333333333333,2
2024-07-20,27.3,1.0,24.895833333333332,79.66666666666667,2
2024-07-21,11.9,0.5,25.933333333333334,55.125,2
2024-07-22,11.5,0.30000000000000004,26.083333333333332,76.5,2
2024-07-23,34.6,9.6,25.7625,78.58333333333333,2
2024-07-24,2.2,0.0,27.145833333333332,55.833333333333336,2
2024-07-25,4.1,0.0,27.695833333333336,38.625,2
2024-07-26,7.5,5.0,28.120833333333334,48.875,2
2024-07-27,23.5,0.0,26.941666666666666,81.20833333333333,2
2024-07-28,0.0,0.0,28.662499999999998,45.583333333333336,2
2024-07-29,0.2,0.0,26.958333333333332,56.0,2
2024-07-30,0.30000000000000004,0.0,26.608333333333334,68.41666666666667,2
2024-07-31,0.0,0.0,27.849999999999998,52.25,2
2024-08-01,0.0,0.0,28.275000000000002,33.0,2
2024-08-02,1.6,0.0,27.745833333333334,49.333333333333336,2
2024-08-03,0.1,0.0,27.795833333333334,50.5,2
2024-08-04,0.0,0.0,28.245833333333334,36.375,2
2024-08-05,0.4,0.0,29.241666666666664,23.625,2
2024-08-06,0.8,0.2,28.329166666666666,30.166666666666668,2
2024-08-07,0.1,0.0,28.55,27.0,2
2024-08-08,3.1,0.0,27.429166666666664,36.25,2
2024-08-09,0.0,0.0,27.712500000000002,38.791666666666664,2
2024-08-10,0.0,0.0,28.775000000000002,23.708333333333332,2
2024-08-11,0.2,0.0,28.9375,19.5,2
2024-08-12,0.0,0.0,28.870833333333334,15.708333333333334,2
2024-08-13,0.0,0.0,29.45,22.75,2
2024-08-14,0.0,0.0,29.541666666666668,37.458333333333336,2
2024-08-15,0.6000000000000001,0.0,28.354166666666668,31.0,2
2024-08-16,0.3,0.0,28.520833333333332,28.583333333333332,2
2024-08-17,0.2,0.0,28.6875,26.208333333333332,2
2024-08-18,0.0,0.0,29.104166666666668,23.916666666666668,2
2024-08-19,0.0,0.0,29.287499999999998,18.291666666666668,2
2024-08-20,0.1,0.0,28.241666666666664,53.5,2
2024-08-21,129.7,2.3,27.491666666666664,86.45833333333333,2
2024-08-22,55.7,4.6,28.129166666666666,60.166666666666664,2
2024-08-23,8.6,0.8,27.770833333333332,25.208333333333332,2
2024-08-24,0.4,0.0,28.125,20.958333333333332,2
2024-08-25,0.0,0.0,27.991666666666664,20.916666666666668,2
2024-08-26,0.0,0.0,27.566666666666666,53.958333333333336,2
2024-08-27,0.30000000000000004,0.0,25.962500000000002,56.041666666666664,2
2024-08-28,0.0,0.0,26.958333333333332,12.416666666666666,2
2024-08-29,0.0,0.0,26.833333333333332,17.5,2
2024-08-30,0.0,0.0,27.95,16.25,2
2024-08-31,0.0,0.0,26.6125,1.8333333333333333,2
2024-09-01,0.0,0.0,25.758333333333336,40.208333333333336,2
2024-09-02,3.9,0.0,25.7,42.458333333333336,2
2024-09-03,0.0,0.0,24.958333333333332,17.583333333333332,2
2024-09-04,0.0,0.0,24.900000000000002,17.0,2
2024-09-05,0.7000000000000001,0.0,25.695833333333336,50.458333333333336,2
2024-09-06,0.2,0.2,25.983333333333334,40.083333333333336,2
2024-09-07,0.0,0.0,25.587500000000002,27.625,2
2024-09-08,0.0,0.0,25.40416666666667,26.666666666666668,2
2024-09-09,0.0,0.0,26.912499999999998,29.5,2
2024-09-10,0.0,0.0,27.870833333333334,17.958333333333332,2
2024-09-11,7.2,4.0,27.204166666666666,40.875,2
2024-09-12,30.4,0.5,24.679166666666664,68.625,2
2024-09-13,0.1,0.0,25.583333333333332,78.29166666666667,2
2024-09-14,12.9,0.2,25.383333333333336,45.416666666666664,2
2024-09-15,0.2,0.0,26.170833333333334,43.708333333333336,2
2024-09-16,0.0,0.0,26.8125,36.916666666666664,2
2024-09-17,0.0,0.0,26.84583333333333,29.541666666666668,2
2024-09-18,0.1,0.0,25.258333333333336,51.625,2
2024-09-19,0.4,0.0,26.650000000000002,36.291666666666664,2
2024-09-20,89.60000000000001,27.6,24.787499999999998,76.45833333333333,2
2024-09-21,17.8,1.1,18.254166666666666,77.79166666666667,2
2024-09-22,0.0,0.0,20.291666666666668,30.208333333333332,2
2024-09-23,0.0,0.0,20.145833333333332,5.583333333333333,2
2024-09-24,0.0,0.0,20.441666666666666,18.625,2
2024-09-25,0.0,0.0,23.104166666666668,33.75,2
2024-09-26,3.3,0.0,22.495833333333334,67.95833333333333,2
2024-09-27,0.0,0.0,21.462500000000002,18.041666666666668,2
2024-09-28,0.0,0.0,22.587500000000002,21.458333333333332,2
2024-09-29,0.0,0.0,21.891666666666666,22.625,2
2024-09-30,0.0,0.0,20.629166666666666,12.291666666666666,2
2024-10-01,1.0,0.0,18.166666666666668,64.25,2
2024-10-02,0.0,0.0,15.016666666666666,21.541666666666668,2
2024-10-03,10.5,6.4,14.279166666666667,50.166666666666664,2
2024-10-04,0.0,0.0,16.808333333333334,4.0,2
2024-10-05,0.0,0.0,16.654166666666665,33.25,2
2024-10-06,0.0,0.0,16.479166666666668,52.0,2
2024-10-07,0.0,0.0,16.666666666666668,61.125,2
2024-10-08,0.0,0.0,17.066666666666666,17.375,2
2024-10-09,0.0,0.0,18.125,38.625,2
2024-10-10,1.1,0.0,17.175,31.666666666666668,2
2024-10-11,0.0,0.0,17.724999999999998,15.791666666666666,2
2024-10-12,0.0,0.0,16.775000000000002,1.7083333333333333,2
2024-10-13,0.0,0.0,17.329166666666666,36.083333333333336,2
2024-10-14,0.0,0.0,19.291666666666668,55.791666666666664,2
2024-10-15,0.0,0.0,19.4875,31.75,2
2024-10-16,0.0,0.0,16.408333333333335,0.375,2
2024-10-17,0.0,0.0,16.75,1.1666666666666667,2
2024-10-18,23.3,23.1,17.474999999999998,52.041666666666664,2
2024-10-19,0.0,0.0,14.741666666666667,27.208333333333332,2
2024-10-20,0.0,0.0,12.475,9.291666666666666,2
2024-10-21,0.0,0.0,14.041666666666666,48.0,2
2024-10-22,11.2,1.6,16.754166666666666,73.45833333333333,2
2024-10-23,0.0,0.0,12.858333333333334,30.375,2
2024-10-24,0.0,0.0,11.541666666666666,0.0,2
2024-10-25,0.0,0.0,14.541666666666666,16.5,2
2024-10-26,0.0,0.0,16.816666666666666,8.625,2
2024-10-27,0.0,0.0,14.841666666666667,43.875,2
2024-10-28,0.0,0.0,13.854166666666666,24.166666666666668,2
2024-10-29,0.0,0.0,14.895833333333334,32.666666666666664,2
2024-10-30,0.0,0.0,14.979166666666666,12.625,2
2024-10-31,0.0,0.0,14.420833333333334,13.083333333333334,2
2024-11-01,0.2,0.0,13.270833333333334,70.95833333333333,2
2024-11-02,0.0,0.0,15.083333333333334,52.458333333333336,2
2024-11-03,0.0,0.0,13.445833333333333,2.3333333333333335,2
2024-11-04,0.0,0.0,12.670833333333334,24.416666666666668,2
2024-11-05,0.0,0.0,7.766666666666667,16.708333333333332,2
2024-11-06,0.0,0.0,5.595833333333334,2.4583333333333335,2
2024-11-07,0.0,0.0,6.008333333333333,0.375,2
2024-11-08,0.0,0.0,10.1875,10.5,2
2024-11-09,0.0,0.0,11.9,2.7083333333333335,2
2024-11-10,0.0,0.0,12.866666666666667,32.541666666666664,2
2024-11-11,0.0,0.0,12.841666666666667,11.458333333333334,2
2024-11-12,0.0,0.0,12.637500000000001,30.833333333333332,2
2024-11-13,0.0,0.0,11.916666666666666,18.416666666666668,2
2024-11-14,1.2,0.3,12.079166666666666,53.666666666666664,2
2024-11-15,1.2000000000000002,0.0,14.049999999999999,45.708333333333336,2
2024-11-16,7.4,7.300000000000001,14.625,52.75,2
2024-11-17,0.0,0.0,8.354166666666666,57.333333333333336,2
2024-11-18,0.0,0.0,0.8291666666666666,5.041666666666667,2
2024-11-19,0.0,0.0,2.920833333333333,27.333333333333332,2
2024-11-20,0.0,0.0,5.541666666666667,29.5,2
2024-11-21,0.0,0.0,8.295833333333333,29.291666666666668,2
2024-11-22,0.0,0.0,4.7625,0.0,2
2024-11-23,0.0,0.0,4.166666666666667,1.25,2
2024-11-24,0.0,0.0,5.6499999999999995,9.625,2
2024-11-25,0.1,0.1,8.258333333333333,49.375,2
2024-11-26,29.8,0.1,7.845833333333334,63.208333333333336,2
2024-11-27,19.3,0.7,2.0208333333333335,61.375,2
2024-11-28,9.7,0.0,1.6708333333333334,70.54166666666667,2
2024-11-29,0.0,0.0,0.1333333333333334,25.666666666666668,2
2024-11-30,0.0,0.0,0.3416666666666666,21.708333333333332,2
2024-12-01,0.0,0.0,4.670833333333333,42.708333333333336,2
2024-12-02,0.0,0.0,7.370833333333334,30.375,2
2024-12-03,0.0,0.0,-1.2,27.208333333333332,2
2024-12-04,0.0,0.0,0.21250000000000002,20.708333333333332,2
2024-12-05,1.0,1.0,2.2041666666666666,40.375,2
2024-12-06,0.0,0.0,0.9833333333333334,16.791666666666668,2
2024-12-07,0.0,0.0,-2.2916666666666665,3.8333333333333335,2
2024-12-08,0.0,0.0,-2.1875,0.5,2
2024-12-09,0.0,0.0,-0.2916666666666666,13.666666666666666,2
2024-12-10,0.0,0.0,1.2958333333333334,17.416666666666668,2
2024-12-11,0.0,0.0,0.3416666666666666,32.416666666666664,2
2024-12-12,0.0,0.0,-1.6500000000000001,27.833333333333332,2
2024-12-13,3.4,0.0,-0.7833333333333333,44.041666666666664,2
2024-12-14,0.0,0.0,-2.8791666666666664,2.4583333333333335,2
2024-12-15,0.0,0.0,0.625,42.958333333333336,2
2024-12-16,2.1,2.1,-1.8166666666666667,21.458333333333332,2
2024-12-17,0.0,0.0,-2.6333333333333333,4.833333333333333,2
2024-12-18,0.0,0.0,-5.25,0.0,2
2024-12-19,0.0,0.0,-4.054166666666666,11.833333333333334,2
2024-12-20,0.0,0.0,-1.325,67.66666666666667,2
2024-12-21,1.8,0.0,-0.28750000000000003,43.833333333333336,2
2024-12-22,0.0,0.0,-5.120833333333334,0.0,2
2024-12-23,0.0,0.0,-2.058333333333333,0.4583333333333333,2
2024-12-24,0.0,0.0,-3.158333333333333,10.708333333333334,2
2024-12-25,0.0,0.0,-0.32083333333333347,45.125,2
2024-12-26,0.0,0.0,-1.1458333333333333,5.833333333333333,2
2024-12-27,0.0,0.0,-4.1875,17.875,2
2024-12-28,0.0,0.0,-4.595833333333333,7.5,2
2024-12-29,0.0,0.0,-1.05,32.041666666666664,2
2024-12-30,0.0,0.0,4.5625,51.166666666666664,2
2024-12-31,0.0,0.0,-1.75,0.8333333333333334,2
2025-01-01,0.0,0.0,-0.21250000000000002,16.541666666666668,2
2025-01-02,0.0,0.0,-0.18749999999999997,5.875,2
2025-01-03,0.0,0.0,-3.5708333333333333,6.791666666666667,2
2025-01-04,0.0,0.0,-1.9708333333333332,10.166666666666666,2
2025-01-05,6.3,0.0,2.4375,53.333333333333336,2
2025-01-06,0.0,0.0,-0.8624999999999999,12.666666666666666,2
2025-01-07,0.0,0.0,-4.4750000000000005,12.208333333333334,2
2025-01-08,0.0,0.0,-5.9875,9.791666666666666,2
2025-01-09,0.0,0.0,-11.3125,0.75,2
2025-01-10,0.0,0.0,-9.075000000000001,0.16666666666666666,2
2025-01-11,0.0,0.0,-5.366666666666667,20.416666666666668,2
2025-01-12,0.0,0.0,-2.845833333333333,26.75,2
2025-01-13,0.0,0.0,-1.5166666666666666,31.416666666666668,2
2025-01-14,0.0,0.0,1.7541666666666667,40.666666666666664,2
2025-01-15,0.0,0.0,-5.5625,0.9583333333333334,2
2025-01-16,0.0,0.0,-1.5250000000000001,50.333333333333336,2
2025-01-17,0.0,0.0,-2.058333333333333,0.0,2
2025-01-18,0.0,0.0,-0.7958333333333333,17.5,2
2025-01-19,0.0,0.0,2.566666666666667,37.166666666666664,2
2025-01-20,0.0,0.0,1.3041666666666667,59.791666666666664,2
2025-01-21,0.0,0.0,0.325,50.5,2
2025-01-22,0.0,0.0,0.7708333333333334,39.666666666666664,2
2025-01-23,0.0,0.0,-0.275,5.708333333333333,2
2025-01-24,0.0,0.0,0.6458333333333334,0.0,2
2025-01-25,0.0,0.0,2.525,7.958333333333333,2
2025-01-26,0.0,0.0,1.8208333333333335,66.625,2
2025-01-27,8.4,2.0,0.5750000000000001,72.04166666666667,2
2025-01-28,7.6,0.0,-2.720833333333333,88.79166666666667,2
2025-01-29,0.0,0.0,-3.7083333333333335,32.916666666666664,2
2025-01-30,0.0,0.0,-5.954166666666667,1.375,2
2025-01-31,0.1,0.1,-4.575,59.0,2
2025-02-01,3.1999999999999997,0.0,1.6541666666666668,78.58333333333333,2
2025-02-02,0.0,0.0,2.475,50.708333333333336,2
2025-02-03,0.0,0.0,-5.8374999999999995,8.0,2
2025-02-04,0.0,0.0,-11.279166666666667,0.16666666666666666,2
2025-02-05,0.0,0.0,-10.091666666666667,4.75,2
2025-02-06,0.39999999999999997,0.0,-6.129166666666666,27.25,2
2025-02-07,0.0,0.0,-8.691666666666666,2.625,2
2025-02-08,0.0,0.0,-8.216666666666667,0.0,2
2025-02-09,0.0,0.0,-6.6875,0.0,2
2025-02-10,0.0,0.0,-4.054166666666666,21.666666666666668,2
2025-02-11,0.0,0.0,-0.6875,16.791666666666668,2
2025-02-12,7.3,0.0,0.5041666666666667,60.541666666666664,2
2025-02-13,0.0,0.0,-0.5791666666666666,0.5,2
2025-02-14,0.0,0.0,2.3125,18.125,2
2025-02-15,0.0,0.0,2.0166666666666666,69.125,2
2025-02-16,0.0,0.0,3.016666666666667,48.541666666666664,2
2025-02-17,0.0,0.0,-3.766666666666667,0.0,2
2025-02-18,0.0,0.0,-5.3,0.0,2
2025-02-19,0.0,0.0,-6.033333333333334,0.0,2
2025-02-20,0.0,0.0,-5.591666666666666,0.0,2
2025-02-21,0.0,0.0,-5.829166666666667,0.0,2
2025-02-22,0.0,0.0,-5.683333333333334,0.16666666666666666,2
2025-02-23,0.0,0.0,-5.966666666666666,0.08333333333333333,2
2025-02-24,0.0,0.0,-3.8041666666666667,0.4583333333333333,2
2025-02-25,0.0,0.0,0.9249999999999999,24.625,2
2025-02-26,0.0,0.0,0.725,3.6666666666666665,2
2025-02-27,0.0,0.0,1.6458333333333333,24.5,2
2025-02-28,0.2,0.0,5.5,66.83333333333333,2
2025-03-01,12.2,0.3,6.3875,91.83333333333333,2
2025-03-02,21.5,14.8,6.258333333333333,91.75,2
2025-03-03,53.9,0.0,0.41250000000000003,87.79166666666667,2
2025-03-04,1.3,1.2,1.8541666666666667,74.45833333333333,2
2025-03-05,0.0,0.0,3.0208333333333335,45.791666666666664,2
2025-03-06,0.0,0.0,2.6666666666666665,3.0,2
2025-03-07,0.0,0.0,2.129166666666667,29.375,2
2025-03-08,0.0,0.0,3.4375,34.0,2
2025-03-09,0.0,0.0,4.166666666666667,9.916666666666666,2
2025-03-10,0.0,0.0,4.504166666666666,47.75,2
2025-03-11,0.0,0.0,6.45,59.208333333333336,2
2025-03-12,0.2,0.0,6.808333333333334,58.25,2
2025-03-13,0.0,0.0,5.2875000000000005,26.208333333333332,2
2025-03-14,0.0,0.0,7.495833333333334,15.208333333333334,2
2025-03-15,0.1,0.0,7.795833333333333,60.458333333333336,2
2025-03-16,9.9,2.1,3.5541666666666667,77.58333333333333,2
2025-03-17,0.0,0.0,0.49583333333333335,19.125,2
2025-03-18,13.4,0.0,1.3666666666666665,42.041666666666664,2
2025-03-19,0.0,0.0,0.9500000000000001,0.08333333333333333,2
2025-03-20,0.0,0.0,5.158333333333333,24.541666666666668,2
2025-03-21,0.0,0.0,7.670833333333333,28.875,2
2025-03-22,0.0,0.0,8.304166666666667,0.0,2
2025-03-23,0.0,0.0,9.958333333333334,56.25,2
2025-03-24,0.0,0.0,10.487499999999999,54.541666666666664,2
2025-03-25,0.0,0.0,8.516666666666667,53.916666666666664,2
2025-03-26,0.0,0.0,10.216666666666667,66.54166666666667,2
2025-03-27,14.4,0.0,11.174999999999999,61.791666666666664,2
2025-03-28,0.0,0.0,5.1000000000000005,35.25,2
2025-03-29,0.1,0.0,2.6999999999999997,14.083333333333334,2
2025-03-30,0.8,0.0,2.1958333333333333,10.416666666666666,2
2025-03-31,0.0,0.0,4.245833333333334,3.9166666666666665,2
2025-04-01,0.0,0.0,7.804166666666667,4.541666666666667,2
2025-04-02,0.3,0.0,6.704166666666667,39.125,2
2025-04-03,0.0,0.0,7.141666666666667,10.791666666666666,2
2025-04-04,0.0,0.0,7.479166666666667,41.0,2
2025-04-05,15.6,0.0,7.295833333333333,78.45833333333333,2
2025-04-06,0.0,0.0,8.345833333333333,18.458333333333332,2
2025-04-07,0.0,0.0,9.591666666666667,27.458333333333332,2
2025-04-08,0.0,0.0,11.366666666666667,28.75,2
2025-04-09,0.1,0.1,9.991666666666667,39.5,2
2025-04-10,0.1,0.0,12.4125,35.541666666666664,2
2025-04-11,0.0,0.0,12.745833333333332,10.041666666666666,2
2025-04-12,5.7,3.3,11.304166666666667,79.95833333333333,2
2025-04-13,9.3,4.1,6.420833333333333,48.791666666666664,2
2025-04-14,20.4,1.8,5.8625,64.375,2
2025-04-15,0.0,0.0,7.825,4.916666666666667,2
2025-04-16,0.0,0.0,11.970833333333333,45.625,2
2025-04-17,0.0,0.0,15.9625,32.958333333333336,2
2025-04-18,0.0,0.0,12.891666666666666,58.916666666666664,2
2025-04-19,23.3,5.5,11.0375,78.66666666666667,2
2025-04-20,0.0,0.0,14.266666666666666,35.625,2
2025-04-21,0.0,0.0,16.916666666666668,10.458333333333334,2
2025-04-22,47.3,1.0,15.016666666666666,84.75,2
2025-04-23,0.2,0.0,16.433333333333334,28.833333333333332,2
2025-04-24,0.0,0.0,12.045833333333334,9.083333333333334,2
2025-04-25,0.0,0.0,10.65,0.7916666666666666,2
2025-04-26,0.0,0.0,10.658333333333333,12.791666666666666,2
2025-04-27,0.1,0.0,11.862499999999999,49.5,2
2025-04-28,0.0,0.0,12.345833333333333,18.541666666666668,2
2025-04-29,0.0,0.0,12.104166666666666,0.875,2
2025-04-30,0.0,0.0,15.245833333333332,20.291666666666668,2
2025-05-01,19.1,0.0,12.404166666666667,64.08333333333333,2
2025-05-02,0.0,0.0,12.85,36.208333333333336,2
2025-05-03,12.3,0.0,11.237499999999999,44.833333333333336,2
2025-05-04,0.0,0.0,12.379166666666668,2.8333333333333335,2
2025-05-05,0.0,0.0,12.158333333333333,64.25,2
2025-05-06,0.0,0.0,13.020833333333334,42.208333333333336,2
2025-05-07,0.0,0.0,13.645833333333334,22.125,2
2025-05-08,0.0,0.0,15.920833333333334,33.208333333333336,2
2025-05-09,25.4,1.9,14.225,97.0,2
2025-05-10,2.5,0.0,11.483333333333334,85.375,2
2025-05-11,0.0,0.0,14.025,40.458333333333336,2
2025-05-12,0.0,0.0,15.537500000000001,0.6666666666666666,2
2025-05-13,0.0,0.0,17.658333333333335,43.083333333333336,2
2025-05-14,0.0,0.0,18.266666666666666,38.333333333333336,2
2025-05-15,6.7,0.0,15.862499999999999,96.25,2
2025-05-16,2.8,0.6,17.870833333333334,89.625,2
2025-05-17,0.8,0.2,17.912499999999998,80.16666666666667,2
2025-05-18,0.0,0.0,14.841666666666667,30.375,2
2025-05-19,0.0,0.0,15.237499999999999,43.666666666666664,2
2025-05-20,1.3,0.0,18.5625,77.58333333333333,2
2025-05-21,0.4,0.1,20.825,86.08333333333333,2
2025-05-22,0.0,0.0,21.875,68.0,2
2025-05-23,0.0,0.0,18.133333333333333,67.66666666666667,2
2025-05-24,1.9000000000000001,0.6,14.758333333333333,72.41666666666667,2
2025-05-25,0.0,0.0,15.545833333333334,6.375,2
2025-05-26,0.0,0.0,17.220833333333335,38.291666666666664,2
2025-05-27,0.0,0.0,17.983333333333334,15.875,2
2025-05-28,0.0,0.0,18.720833333333335,15.125,2
2025-05-29,0.0,0.0,19.020833333333332,9.75,2
2025-05-30,0.0,0.0,20.1375,1.25,2
2025-05-31,0.0,0.0,19.904166666666665,10.708333333333334,2
2025-06-01,0.0,0.0,19.724999999999998,35.333333333333336,2
2025-06-02,0.0,0.0,19.104166666666668,59.208333333333336,2
2025-06-03,0.0,0.0,19.858333333333334,41.458333333333336,2
2025-06-04,0.0,0.0,18.570833333333333,3.4583333333333335,2
2025-06-05,0.0,0.0,19.816666666666666,27.291666666666668,2
2025-06-06,0.0,0.0,20.3875,36.041666666666664,2
2025-06-07,0.0,0.0,20.595833333333335,73.29166666666667,2
2025-06-08,0.0,0.0,21.96666666666667,53.208333333333336,2
2025-06-09,0.0,0.0,20.458333333333332,46.333333333333336,2
2025-06-10,0.0,0.0,19.479166666666668,51.791666666666664,2
2025-06-11,0.0,0.0,19.995833333333334,42.958333333333336,2
2025-06-12,0.0,0.0,22.2,59.791666666666664,2
2025-06-13,0.0,0.0,22.599999999999998,65.33333333333333,2
2025-06-14,1.5,0.0,22.895833333333332,56.791666666666664,2
2025-06-15,7.800000000000001,5.4,24.375,71.29166666666667,2
2025-06-16,14.600000000000001,0.0,23.179166666666664,64.33333333333333,2
2025-06-17,0.0,0.0,23.370833333333334,23.708333333333332,2
2025-06-18,0.0,0.0,23.662499999999998,25.166666666666668,2
2025-06-19,0.0,0.0,23.90833333333333,49.125,2
2025-06-20,39.2,5.6,23.675,85.125,2
2025-06-21,9.4,0.0,22.204166666666666,76.08333333333333,2
2025-06-22,0.0,0.0,21.349999999999998,32.666666666666664,2
2025-06-23,0.0,0.0,23.108333333333334,29.833333333333332,2
2025-06-24,3.7,0.1,24.599999999999998,52.166666666666664,2
2025-06-25,21.4,0.0,20.150000000000002,80.95833333333333,2
2025-06-26,0.0,0.0,22.483333333333334,54.208333333333336,2
2025-06-27,0.4,0.0,22.28333333333333,56.666666666666664,2
2025-06-28,1.1,0.0,23.016666666666666,70.5,2
2025-06-29,0.1,0.0,23.816666666666666,68.83333333333333,2
2025-06-30,0.1,0.0,24.724999999999998,74.04166666666667,2
2025-07-01,1.0,0.0,25.40833333333333,76.70833333333333,2
2025-07-02,0.4,0.0,25.070833333333336,86.70833333333333,2
2025-07-03,0.0,0.0,26.170833333333334,63.458333333333336,2
2025-07-04,0.0,0.0,25.758333333333336,58.25,2
2025-07-05,0.0,0.0,26.558333333333334,39.041666666666664,2
2025-07-06,0.0,0.0,26.866666666666664,52.666666666666664,2
2025-07-07,0.0,0.0,27.15833333333333,60.416666666666664,2
2025-07-08,0.0,0.0,28.837500000000002,48.958333333333336,2
2025-07-09,0.6,0.6,29.52916666666667,23.541666666666668,2
2025-07-10,0.0,0.0,27.537499999999998,10.0,2
2025-07-11,0.0,0.0,27.308333333333334,9.125,2
2025-07-12,0.0,0.0,27.599999999999998,3.0833333333333335,2
2025-07-13,0.0,0.0,27.95,30.0,2
2025-07-14,3.6999999999999997,2.5,26.045833333333334,42.583333333333336,2
2025-07-15,0.8,0.0,23.775000000000002,47.125,2
2025-07-16,71.8,18.0,22.208333333333332,76.75,2
2025-07-17,119.2,35.1,25.195833333333336,94.20833333333333,2
2025-07-18,40.8,4.1,25.025000000000002,81.54166666666667,2
2025-07-19,17.7,1.8,25.983333333333334,59.958333333333336,2
2025-07-20,0.30000000000000004,0.1,26.65416666666667,34.708333333333336,2
2025-07-21,0.5,0.0,27.195833333333336,23.833333333333332,2
2025-07-22,1.5,0.0,26.570833333333336,44.833333333333336,2
2025-07-23,0.0,0.0,26.2375,57.375,2
2025-07-24,0.0,0.0,26.870833333333334,33.416666666666664,2
2025-07-25,0.0,0.0,28.016666666666666,22.875,2
2025-07-26,0.0,0.0,30.141666666666666,8.958333333333334,2
2025-07-27,0.0,0.0,30.520833333333332,8.208333333333334,2
2025-07-28,0.0,0.0,29.954166666666666,13.375,2
2025-07-29,0.0,0.0,29.441666666666666,9.0,2
2025-07-30,0.0,0.0,29.78333333333333,43.791666666666664,2
2025-07-31,0.0,0.0,29.370833333333334,43.833333333333336,2
2025-08-01,0.0,0.0,28.983333333333334,34.958333333333336,2
2025-08-02,0.1,0.0,27.375,58.708333333333336,2
2025-08-03,7.699999999999999,6.3999999999999995,26.275,72.54166666666667,2
2025-08-04,10.9,0.0,28.208333333333332,35.666666666666664,2
2025-08-05,0.0,0.0,27.6,40.291666666666664,2
2025-08-06,28.799999999999997,0.7,26.520833333333332,60.666666666666664,2
2025-08-07,0.6000000000000001,0.0,27.09166666666667,15.458333333333334,2
2025-08-08,0.0,0.0,26.145833333333332,49.041666666666664,2
2025-08-09,0.0,0.0,26.304166666666664,46.291666666666664,2
2025-08-10,0.0,0.0,27.35,19.416666666666668,2
2025-08-11,0.0,0.0,26.458333333333332,54.25,2
2025-08-12,0.0,0.0,27.858333333333334,21.5,2
2025-08-13,80.2,15.9,25.191666666666666,67.95833333333333,2
2025-08-14,44.4,0.4,26.670833333333334,56.916666666666664,2
2025-08-15,10.6,0.0,27.3375,34.0,2
2025-08-16,0.2,0.0,27.354166666666668,46.875,2
2025-08-17,3.8,0.0,26.829166666666666,34.125,2
2025-08-18,0.0,0.0,26.3375,51.75,2
2025-08-19,2.2,0.0,26.849999999999998,43.0,2
2025-08-20,2.6,0.0,27.47083333333333,33.208333333333336,2
2025-08-21,0.0,0.0,27.804166666666664,21.458333333333332,2
2025-08-22,0.0,0.0,27.90416666666667,15.875,2
2025-08-23,0.0,0.0,27.604166666666668,29.833333333333332,2
2025-08-24,0.0,0.0,28.241666666666664,26.875,2
2025-08-25,1.2,0.2,27.820833333333336,21.791666666666668,2
2025-08-26,33.6,0.3999999999999999,26.816666666666663,66.41666666666667,2
2025-08-27,0.0,0.0,26.895833333333332,46.666666666666664,2
2025-08-28,0.0,0.0,26.266666666666666,65.66666666666667,2
2025-08-29,5.1000000000000005,2.0,27.6125,48.75,2
2025-08-30,6.8,0.0,27.733333333333334,29.375,2
2025-08-31,3.4,0.2,26.733333333333334,39.0,2
2025-09-01,19.4,0.1,26.4,58.125,2
2025-09-02,13.0,0.0,26.791666666666668,32.0,2
2025-09-03,0.0,0.0,26.079166666666666,41.916666666666664,2
2025-09-04,5.6,0.5,24.46666666666667,70.125,2
2025-09-05,0.0,0.0,26.804166666666664,9.291666666666666,2
2025-09-06,17.3,8.799999999999999,26.641666666666666,48.666666666666664,2
2025-09-07,0.2,0.0,25.491666666666664,40.583333333333336,2
2025-09-08,0.0,0.0,23.166666666666668,50.75,2
2025-09-09,1.0,0.0,21.695833333333336,60.916666666666664,2
2025-09-10,0.0,0.0,23.537499999999998,0.5833333333333334,2
2025-09-11,0.0,0.0,25.241666666666664,6.083333333333333,2
2025-09-12,8.8,6.1000000000000005,22.72083333333333,68.25,2
2025-09-13,54.4,0.0,23.02916666666667,69.20833333333333,2
2025-09-14,0.0,0.0,23.883333333333336,27.708333333333332,2
2025-09-15,0.0,0.0,24.7,20.666666666666668,2
2025-09-16,4.6000000000000005,2.8000000000000003,25.054166666666664,53.125,2
2025-09-17,42.2,0.1,24.066666666666666,66.875,2
2025-09-18,1.4000000000000001,0.8,20.925,56.375,2
2025-09-19,1.0,0.3,21.04583333333333,51.833333333333336,2
2025-09-20,10.5,0.0,19.45,60.208333333333336,2
2025-09-21,0.0,0.0,20.995833333333334,13.625,2
2025-09-22,0.0,0.0,19.8,54.541666666666664,2
2025-09-23,0.0,0.0,21.245833333333337,46.75,2
2025-09-24,14.3,0.1,21.833333333333332,59.583333333333336,2
2025-09-25,1.5,0.0,21.866666666666664,44.875,2
2025-09-26,0.0,0.0,21.108333333333334,11.875,2
2025-09-27,0.0,0.0,22.0,27.708333333333332,2
2025-09-28,21.099999999999998,0.0,18.245833333333334,74.33333333333333,2
2025-09-29,0.0,0.0,18.579166666666666,32.708333333333336,2
2025-09-30,0.0,0.0,19.729166666666668,7.666666666666667,2
2025-10-01,0.0,0.0,20.25,12.958333333333334,2
2025-10-02,0.0,0.0,20.15,52.25,2
2025-10-03,0.0,0.0,20.354166666666668,61.208333333333336,2
2025-10-04,0.0,0.0,22.829166666666666,21.25,2
2025-10-05,0.0,0.0,20.95,49.25,2
2025-10-06,3.9,1.2999999999999998,18.483333333333334,78.29166666666667,2
2025-10-07,30.8,3.6,17.7375,86.25,2
2025-10-08,0.0,0.0,20.2625,20.833333333333332,2
2025-10-09,0.2,0.0,19.195833333333333,71.45833333333333,2
2025-10-10,6.2,2.0,17.170833333333334,91.91666666666669,2
2025-10-11,6.2,0.9,19.733333333333334,70.875,2
2025-10-12,0.0,0.0,18.55,59.708333333333336,2
2025-10-13,51.2,12.8,16.616666666666667,82.91666666666667,2
2025-10-14,0.2,0.0,17.7,70.375,2
2025-10-15,2.6999999999999997,0.3,18.925,52.041666666666664,2
2025-10-16,6.6,0.0,19.733333333333334,39.291666666666664,2
2025-10-17,1.2000000000000002,0.0,19.308333333333337,33.541666666666664,2
2025-10-18,21.099999999999998,0.0,17.525000000000002,79.54166666666667,2
2025-10-19,0.0,0.0,13.929166666666667,31.791666666666668,2
2025-10-20,0.0,0.0,9.320833333333333,20.375,2
2025-10-21,0.0,0.0,8.541666666666666,27.916666666666668,2
2025-10-22,0.0,0.0,11.625,16.041666666666668,2
2025-10-23,0.0,0.0,13.9875,23.541666666666668,2
2025-10-24,0.0,0.0,15.020833333333334,33.208333333333336,2
2025-10-25,0.0,0.0,14.495833333333332,42.583333333333336,2
2025-10-26,0.0,0.0,11.6625,42.75,2
2025-10-27,0.0,0.0,6.258333333333333,3.375,2
2025-10-28,0.0,0.0,6.358333333333333,4.291666666666667,2
2025-10-29,0.0,0.0,9.304166666666667,24.708333333333332,2
2025-10-30,0.0,0.0,12.008333333333333,40.75,2
2025-10-31,0.7999999999999999,0.7,13.4625,34.166666666666664,2
2025-11-01,1.5,1.5,12.020833333333334,12.833333333333334,2
2025-11-02,0.0,0.0,8.0,9.25,2
2025-11-03,0.0,0.0,5.7250000000000005,0.0,2
2025-11-04,0.0,0.0,8.279166666666667,2.875,2
2025-11-05,0.0,0.0,11.4,6.333333333333333,2
2025-11-06,0.0,0.0,12.645833333333334,19.666666666666668,2
2025-11-07,0.0,0.0,12.637500000000001,37.666666666666664,2
2025-11-08,0.7000000000000001,0.1,12.7,67.91666666666667,2
2025-11-09,1.7,0.0,12.0625,27.041666666666668,2
2025-11-10,0.0,0.0,6.3625,8.916666666666666,2
2025-11-11,0.0,0.0,7.091666666666666,10.5,2
2025-11-12,0.0,0.0,9.0375,9.791666666666666,2
2025-11-13,0.0,0.0,9.158333333333333,24.625,2
2025-11-14,0.0,0.0,6.445833333333333,0.9583333333333334,2
2025-11-15,0.0,0.0,7.7625,8.125,2
2025-11-16,0.0,0.0,10.020833333333334,25.958333333333332,2
2025-11-17,0.0,0.0,2.0375,14.916666666666666,2
2025-11-18,0.0,0.0,0.1541666666666666,2.7916666666666665,2
2025-11-19,0.0,0.0,1.3791666666666667,0.125,2
2025-11-20,0.0,0.0,6.0625,31.208333333333332,2
2025-11-21,0.0,0.0,5.3374999999999995,7.416666666666667,2
2025-11-22,0.0,0.0,7.879166666666666,24.166666666666668,2
2025-11-23,0.0,0.0,9.508333333333333,48.75,2
2025-11-24,0.1,0.0,10.820833333333333,24.0,2
2025-11-25,6.3,0.0,5.733333333333333,43.291666666666664,2
2025-11-26,0.0,0.0,3.408333333333333,3.375,2
2025-11-27,18.3,0.0,4.9624999999999995,54.041666666666664,2
2025-11-28,0.0,0.0,1.4375,4.083333333333333,2
2025-11-29,0.0,0.0,6.358333333333333,50.458333333333336,2
2025-11-30,0.0,0.0,8.741666666666667,53.416666666666664,2
2025-12-01,0.0,0.0,4.345833333333333,6.333333333333333,2
2025-12-02,0.0,0.0,-1.2625,7.791666666666667,2
2025-12-03,0.0,0.0,-6.6499999999999995,15.916666666666666,2
2025-12-04,1.2,1.0,-4.2375,36.125,2
2025-12-05,0.0,0.0,-2.6083333333333334,4.166666666666667,2
2025-12-06,1.4000000000000001,0.0,2.595833333333333,59.916666666666664,2
2025-12-07,0.0,0.0,7.175,40.125,2
2025-12-08,0.0,0.0,1.7041666666666666,4.25,2
2025-12-09,0.0,0.0,0.4875,8.416666666666666,2
2025-12-10,0.0,0.0,4.683333333333333,43.583333333333336,2
2025-12-11,9.7,0.0,3.4916666666666667,26.5,2
2025-12-12,0.0,0.0,-0.7000000000000001,17.875,2
2025-12-13,6.9,0.4,0.925,71.91666666666667,2
2025-12-14,0.0,0.0,-0.42083333333333334,14.916666666666666,2
2025-12-15,0.0,0.0,1.0541666666666667,31.541666666666668,2
2025-12-16,0.5,0.0,4.5125,47.708333333333336,2
2025-12-17,0.0,0.0,3.9583333333333335,48.083333333333336,2
2025-12-18,0.0,0.0,1.6833333333333331,3.375,2
2025-12-19,0.0,0.0,3.9791666666666665,27.083333333333332,2
2025-12-20,0.0,0.0,6.1000000000000005,62.375,2
2025-12-21,0.0,0.0,-2.6416666666666666,3.7083333333333335,2
2025-12-22,0.0,0.0,-3.2708333333333335,6.458333333333333,2
2025-12-23,15.9,6.5,1.3041666666666667,62.166666666666664,2
2025-12-24,0.9,0.0,2.5833333333333335,31.25,2
2025-12-25,0.0,0.0,-5.433333333333334,0.3333333333333333,2
2025-12-26,0.0,0.0,-10.645833333333334,0.625,2
2025-12-27,0.0,0.0,-5.625,30.833333333333332,2
2025-12-28,2.8,0.6000000000000001,1.3833333333333335,58.875,2
2025-12-29,0.1,0.0,3.6791666666666667,18.083333333333332,2
2025-12-30,0.0,0.0,-2.3291666666666666,0.0833333333333333,2
2025-12-31,0.0,0.0,-7.8,0.20833333333333334,2
2026-01-01,0.0,0.0,-10.104166666666666,5.791666666666667,2
2026-01-02,0.0,0.0,-10.175,0.0416666666666666,2
2026-01-03,0.0,0.0,-4.2749999999999995,27.125,2
2026-01-04,0.0,0.0,-0.8250000000000001,25.291666666666668,2
2026-01-05,0.0,0.0,-3.2624999999999997,2.2916666666666665,2
2026-01-06,0.0,0.0,-3.3125,6.625,2
2026-01-07,0.0,0.0,-0.7166666666666668,15.583333333333334,2
2026-01-08,0.0,0.0,-6.9624999999999995,0.0,2
2026-01-09,0.0,0.0,-1.2541666666666669,51.708333333333336,2
2026-01-10,2.8,0.0,1.575,49.958333333333336,2
2026-01-11,0.0,0.0,-7.629166666666666,4.916666666666667,2
2026-01-12,0.0,0.0,-3.9625,59.625,2
2026-01-13,0.0,0.0,-2.7541666666666664,6.625,2
2026-01-14,0.0,0.0,-4.658333333333333,19.875,2
2026-01-15,0.5,0.0,4.1375,33.291666666666664,2
2026-01-16,0.0,0.0,0.44166666666666665,23.375,2
2026-01-17,0.0,0.0,-3.0583333333333336,2.125,2
2026-01-18,0.0,0.0,-2.2666666666666666,38.5,2
2026-01-19,0.0,0.0,-3.4416666666666664,52.0,2
2026-01-20,0.0,0.0,-10.7875,15.208333333333334,2
2026-01-21,0.0,0.0,-11.941666666666668,0.0,2
2026-01-22,0.0,0.0,-10.945833333333333,0.0,2
2026-01-23,0.0,0.0,-7.5,20.666666666666668,2
2026-01-24,0.0,0.0,-6.8999999999999995,0.25,2
2026-01-25,0.0,0.0,-8.262500000000001,4.666666666666667,2
2026-01-26,0.0,0.0,-7.116666666666667,44.333333333333336,2
2026-01-27,0.0,0.0,-5.691666666666666,6.75,2
2026-01-28,0.0,0.0,-7.3125,3.6666666666666665,2
2026-01-29,0.0,0.0,-7.9875,0.0,2
2026-01-30,0.0,0.0,-8.637500000000001,14.416666666666666,2
2026-01-31,0.0,0.0,-5.679166666666667,15.666666666666666,2
2026-02-01,0.0,0.0,-3.966666666666667,13.083333333333334,2
2026-02-02,1.4,0.0,-3.704166666666667,17.5,2
2026-02-03,0.0,0.0,-3.295833333333333,2.1666666666666665,2
2026-02-04,0.0,0.0,1.3333333333333333,44.625,2
2026-02-05,0.0,0.0,2.975,41.208333333333336,2
2026-02-06,0.0,0.0,-7.279166666666666,45.916666666666664,2
2026-02-07,0.0,0.0,-10.725,15.958333333333334,2
2026-02-08,0.0,0.0,-10.129166666666666,0.0,2
2026-02-09,0.0,0.0,-3.9375,16.0,2
2026-02-10,2.6,0.6000000000000001,-0.033333333333333326,77.04166666666667,2
2026-02-11,0.4,0.0,1.6541666666666668,47.041666666666664,2
2026-02-12,0.0,0.0,0.7458333333333332,3.6666666666666665,2
2026-02-13,0.0,0.0,3.5708333333333333,75.83333333333333,2
2026-02-14,0.0,0.0,6.375,71.79166666666667,2
2026-02-15,0.0,0.0,2.870833333333333,27.833333333333332,2
2026-02-16,0.0,0.0,-1.4833333333333334,19.291666666666668,2
2026-02-17,0.0,0.0,-1.2625,3.5833333333333335,2
2026-02-18,0.0,0.0,1.0333333333333332,9.75,2
2026-02-19,0.0,0.0,-1.4916666666666665,0.0,2
2026-02-20,0.0,0.0,3.1791666666666667,10.125,2
2026-02-21,0.0,0.0,8.008333333333333,17.041666666666668,2
2026-02-22,0.0,0.0,5.925,24.416666666666668,2
2026-02-23,0.0,0.0,-0.8083333333333335,20.5,2
2026-02-24,0.0,0.0,0.3791666666666666,68.375,2
2026-02-25,0.0,0.0,4.308333333333334,0.0,2
2026-02-26,0.0,0.0,5.925,16.25,2
2026-02-27,0.0,0.0,7.016666666666667,46.916666666666664,2
2026-02-28,0.0,0.0,6.129166666666666,5.75,2
2026-03-01,0.0,0.0,5.8999999999999995,53.666666666666664,2
2026-03-02,21.9,6.6000000000000005,2.8083333333333336,89.29166666666667,2
2026-03-03,0.0,0.0,4.770833333333333,18.5,2
2026-03-04,0.0,0.0,2.7083333333333335,5.875,2
2026-03-05,0.0,0.0,2.904166666666667,47.833333333333336,2
2026-03-06,0.0,0.0,2.8083333333333336,47.541666666666664,2
2026-03-07,0.0,0.0,-1.2083333333333333,0.0,2
2026-03-08,0.0,0.0,-0.42916666666666664,13.208333333333334,2
2026-03-09,0.1,0.0,2.920833333333333,33.041666666666664,2
2026-03-10,0.0,0.0,1.3083333333333333,1.6666666666666667,2
2026-03-11,0.0,0.0,2.2416666666666667,42.75,2
2026-03-12,0.0,0.0,4.895833333333333,10.666666666666666,2
2026-03-13,0.0,0.0,5.170833333333333,7.375,2
2026-03-14,0.0,0.0,4.275,32.291666666666664,2
2026-03-15,0.0,0.0,4.7749999999999995,20.916666666666668,2
2026-03-16,0.0,0.0,4.520833333333333,9.75,2
2026-03-17,0.0,0.0,6.1375,6.583333333333333,2
2026-03-18,0.0,0.0,5.887499999999999,47.375,2
2026-03-19,0.0,0.0,3.8041666666666663,20.083333333333332,2
2026-03-20,0.0,0.0,4.716666666666666,15.541666666666666,2
2026-03-21,0.0,0.0,5.566666666666666,29.0,2
2026-03-22,0.0,0.0,7.729166666666667,48.166666666666664,2
2026-03-23,0.0,0.0,9.920833333333333,31.333333333333332,2
2026-03-24,0.0,0.0,8.908333333333333,52.333333333333336,2
2026-03-25,0.0,0.0,9.15,17.083333333333332,2
2026-03-26,0.0,0.0,7.3125,58.208333333333336,2
2026-03-27,0.0,0.0,7.166666666666667,73.33333333333333,2
2026-03-28,0.0,0.0,8.333333333333334,44.458333333333336,2
2026-03-29,0.0,0.0,9.362499999999999,30.25,2
2026-03-30,0.1,0.0,10.450000000000001,64.95833333333333,2
2026-03-31,23.7,0.0,10.070833333333333,76.0,2
2026-04-01,0.0,0.0,11.033333333333331,22.166666666666668,2
2026-04-02,0.0,0.0,9.200000000000001,24.125,2
2026-04-03,0.0,0.0,10.783333333333333,74.29166666666667,2
2026-04-04,14.1,0.0,10.691666666666668,58.041666666666664,2
2026-04-05,0.0,0.0,8.266666666666667,29.541666666666668,2
2026-04-06,0.9,0.0,10.366666666666664,45.666666666666664,2
2026-04-07,0.0,0.0,8.670833333333333,0.5416666666666666,2
2026-04-08,0.0,0.0,9.204166666666667,13.333333333333334,2
2026-04-09,18.6,3.0,9.508333333333333,100.0,2
2026-04-10,2.9,0.0,10.645833333333334,80.625,2
2026-04-11,0.0,0.0,9.6875,38.166666666666664,2
2026-04-12,0.0,0.0,11.299999999999999,32.125,2
2026-04-13,0.0,0.0,14.929166666666667,21.583333333333332,2
2026-04-14,0.0,0.0,16.854166666666668,25.958333333333332,2
2026-04-15,0.0,0.0,15.254166666666668,13.041666666666666,2
2026-04-16,0.0,0.0,16.033333333333335,29.541666666666668,2
2026-04-17,0.0,0.0,14.183333333333332,52.208333333333336,2
2026-04-18,0.0,0.0,15.1,0.25,2
2026-04-19,0.0,0.0,16.816666666666666,6.708333333333333,2
2026-04-20,0.0,0.0,11.245833333333332,52.75,2
2026-04-21,0.0,0.0,10.458333333333334,16.083333333333332,2
2026-04-22,0.0,0.0,10.995833333333332,62.791666666666664,2
2026-04-23,0.0,0.0,12.979166666666666,45.833333333333336,2
2026-04-24,0.0,0.0,13.983333333333334,0.0,2
2026-04-25,0.0,0.0,15.425,3.625,2
2026-04-26,0.0,0.0,15.516666666666666,7.791666666666667,2
2026-04-27,2.8,0.0,12.533333333333333,65.0,2
2026-04-28,0.1,0.0,13.545833333333334,60.25,2
2026-04-29,0.0,0.0,12.683333333333335,6.666666666666667,2
2026-04-30,0.0,0.0,13.554166666666667,0.0,2
2026-05-01,0.0,0.0,13.7125,21.75,2
2026-05-02,0.0,0.0,13.733333333333334,56.541666666666664,2
2026-05-03,13.9,0.5,12.283333333333333,85.875,2
2026-05-04,0.9,0.0,11.674999999999999,42.333333333333336,2
2026-05-05,0.0,0.0,13.670833333333334,17.875,2
2026-05-06,0.0,0.0,15.095833333333333,10.125,2
2026-05-07,0.0,0.0,14.604166666666666,48.625,2
2026-05-08,0.0,0.0,15.133333333333333,15.333333333333334,2
2026-05-09,0.0,0.0,14.754166666666668,9.666666666666666,2
2026-05-10,0.0,0.0,15.616666666666667,42.583333333333336,2
2026-05-11,2.8,1.3,16.412499999999998,55.541666666666664,2
2026-05-12,0.3,0.0,17.004166666666666,58.25,2
2026-05-13,0.0,0.0,15.762500000000001,55.666666666666664,2
2026-05-14,0.0,0.0,19.033333333333335,37.291666666666664,2
2026-05-15,0.0,0.0,20.054166666666667,1.2916666666666667,2
2026-05-16,0.0,0.0,18.720833333333335,28.458333333333332,2
2026-05-17,0.0,0.0,17.783333333333335,26.875,2
2026-05-18,0.0,0.0,18.925,24.041666666666668,2
2026-05-19,0.0,0.0,19.491666666666667,77.33333333333333,2
2026-05-20,9.2,5.8,17.708333333333332,79.625,2
2026-05-21,0.2,0.0,18.354166666666668,31.208333333333332,2
2026-05-22,0.0,0.0,19.020833333333332,16.583333333333332,2
2026-05-23,0.8999999999999999,0.0,18.083333333333332,33.083333333333336,2
2026-05-24,0.0,0.0,20.895833333333332,49.666666666666664,2
2026-05-25,0.0,0.0,22.245833333333337,46.208333333333336,2
2026-05-26,93.0,9.6,20.283333333333335,94.08333333333331,2
2026-05-27,9.0,1.8,20.191666666666663,81.25,2
2026-05-28,6.7,0.0,20.008333333333333,49.125,2
2026-05-29,0.0,0.0,20.233333333333334,22.041666666666668,2
2026-05-30,0.0,0.0,20.258333333333333,0.0,2
2026-05-31,0.0,0.0,21.5625,4.5,2
2026-06-01,0.0,0.0,21.25,44.416666666666664,2
2026-06-02,0.0,0.0,22.2,34.375,2
2026-06-03,0.0,0.0,22.8125,45.5,2
2026-06-04,2.6,0.0,21.425,48.833333333333336,2
2026-06-05,0.0,0.0,20.825,35.166666666666664,2
2026-06-06,0.0,0.0,20.695833333333333,58.125,2
2026-06-07,6.3999999999999995,2.3,20.2375,65.375,2
2026-06-08,0.6000000000000001,0.0,20.566666666666663,29.041666666666668,2
2026-06-09,0.0,0.0,20.333333333333332,9.5,2
2026-06-10,0.0,0.0,19.883333333333333,22.375,2
2026-06-11,0.0,0.0,19.504166666666666,9.541666666666666,2
2026-06-12,0.0,0.0,20.895833333333332,16.291666666666668,2
2026-06-13,0.0,0.0,21.829166666666666,18.875,2
2026-06-14,0.1,0.0,22.175,54.75,2
2026-06-15,0.0,0.0,22.53333333333333,34.291666666666664,2
2026-06-16,0.0,0.0,24.575,17.916666666666668,2
2026-06-17,0.0,0.0,24.691666666666663,35.416666666666664,2
2026-06-18,0.0,0.0,25.116666666666664,28.0,2
2026-06-19,0.2,0.0,24.65833333333333,78.625,2
2026-06-20,76.5,0.6000000000000001,20.8,91.08333333333331,2
2026-06-21,0.0,0.0,22.0875,52.583333333333336,2
2026-06-22,0.0,0.0,22.704166666666666,55.25,2
2026-06-23,0.0,0.0,24.420833333333334,21.458333333333332,2
2026-06-24,0.0,0.0,24.241666666666664,40.791666666666664,2
2026-06-25,19.1,0.5,19.545833333333334,42.416666666666664,2
2026-06-26,0.0,0.0,22.0625,5.583333333333333,2
2026-06-27,0.0,0.0,24.641666666666666,34.166666666666664,2
2026-06-28,0.0,0.0,25.316666666666666,17.166666666666668,2
2026-06-29,0.0,0.0,24.775,19.375,2
2026-06-30,0.0,0.0,23.933333333333334,33.875,2
2026-07-01,1.1,1.0,24.53333333333333,37.791666666666664,2
2026-07-02,0.0,0.0,23.96666666666667,38.875,2
2026-07-03,0.0,0.0,24.02916666666667,56.333333333333336,2
2026-07-04,0.0,0.0,24.391666666666666,68.04166666666667,2
2026-07-05,13.5,5.2,23.820833333333336,79.83333333333333,2
2026-07-06,46.2,0.5,25.208333333333332,62.25,2
2026-07-07,29.2,0.0,24.741666666666664,80.16666666666667,2
2026-07-08,10.1,6.0,24.150000000000002,82.29166666666667,2
2026-07-09,11.1,1.6,24.479166666666668,75.375,2
2026-07-10,15.700000000000001,0.0,24.7375,69.29166666666667,2
2026-07-11,0.0,0.0,27.679166666666664,45.791666666666664,2
2026-07-12,0.0,0.0,28.90416666666667,35.291666666666664,2
2026-07-13,0.5,0.0,29.0625,30.25,2
2026-07-14,13.5,2.5,27.40416666666667,51.583333333333336,2
2026-07-15,21.7,0.0,25.929166666666664,69.41666666666667,2
2026-07-16,0.0,0.0,25.383333333333336,54.916666666666664,2
2026-07-17,62.3,10.5,24.795833333333334,71.54166666666667,2
2026-07-18,64.5,13.6,23.920833333333334,78.625,2
2026-07-19,0.0,0.0,24.8625,60.75,2
2026-07-20,0.1,0.0,24.358333333333334,60.708333333333336,2
2026-07-21,9.5,0.2,25.058333333333337,58.833333333333336,2
2026-07-22,11.799999999999999,0.2,25.7375,69.125,2
2026-07-23,19.5,1.5,25.129166666666666,67.58333333333333,2
2026-07-24,1.3,0.0,26.0625,53.708333333333336,2
2026-07-25,5.4,0.0,26.079166666666666,40.0,2
2026-07-26,1.4,0.0,26.34583333333333,59.541666666666664,2
2026-07-27,1.0,0.0,26.4,57.541666666666664,2
2026-07-28,2.1,0.0,26.816666666666663,47.833333333333336,2
2026-07-29,0.0,0.0,26.7375,55.708333333333336,2
2026-07-30,0.0,0.0,26.9,42.041666666666664,2
2026-07-31,0.0,0.0,27.391666666666666,53.458333333333336,2
2026-08-01,0.0,0.0,28.229166666666668,47.083333333333336,2
2026-08-02,0.0,0.0,28.47083333333333,22.625,2
2026-08-03,0.0,0.0,29.291666666666668,40.833333333333336,2
2026-08-04,0.0,0.0,30.22083333333333,26.75,2
2026-08-05,0.0,0.0,30.104166666666668,16.541666666666668,2
2026-08-06,0.0,0.0,30.3,8.083333333333334,2
2026-08-07,0.0,0.0,30.504166666666663,10.791666666666666,2
2026-08-08,0.0,0.0,28.370833333333337,17.875,2
2026-08-09,0.0,0.0,27.208333333333332,52.416666666666664,2
2026-08-10,0.0,0.0,26.9125,67.54166666666667,2
2026-08-11,0.0,0.0,26.195833333333336,28.875,2
2026-08-12,0.0,0.0,25.058333333333334,27.166666666666668,2
2026-08-13,0.0,0.0,26.84583333333333,28.125,2
2026-08-14,0.0,0.0,26.420833333333334,42.25,2
2026-08-15,1.4,0.0,25.275,62.416666666666664,2
2026-08-16,24.3,0.3,23.72083333333333,65.45833333333333,2
2026-08-17,0.4,0.0,25.4875,21.958333333333332,2
2026-08-18,0.0,0.0,26.416666666666668,26.875,2
2026-08-19,0.0,0.0,26.508333333333336,46.5,2
2026-08-20,0.0,0.0,25.795833333333334,54.708333333333336,2
2026-08-21,4.5,0.0,24.5875,73.25,2
2026-08-22,15.7,1.1,24.15,70.08333333333333,2
2026-08-23,25.599999999999998,0.0,26.150000000000002,46.666666666666664,2
2026-08-24,0.1,0.0,27.52916666666667,21.0,2
2026-08-25,0.0,0.0,27.316666666666663,39.666666666666664,2
2026-08-26,0.1,0.0,25.895833333333332,75.33333333333333,2
2026-08-27,0.0,0.0,25.78333333333333,67.375,2
2026-08-28,1.0,0.4,26.679166666666664,59.916666666666664,2
2026-08-29,6.5,0.0,26.145833333333332,45.958333333333336,2
2023-06-01,,,23.15833333333333,,3
2023-06-02,,,22.420833333333334,,3
2023-06-03,,,24.229166666666668,,3
2023-06-04,,,23.212500000000002,,3
2023-06-05,,,21.962500000000002,,3
2023-06-06,,,21.229166666666668,,3
2023-06-07,,,22.170833333333334,,3
2023-06-08,,,23.704166666666666,,3
2023-06-09,,,21.0,,3
2023-06-10,,,21.241666666666667,,3
2023-06-11,,,19.604166666666668,,3
2023-06-12,,,21.7,,3
2023-06-13,,,21.837500000000002,,3
2023-06-14,,,22.729166666666668,,3
2023-06-15,,,23.349999999999998,,3
2023-06-16,,,24.791666666666668,,3
2023-06-17,,,25.320833333333336,,3
2023-06-18,,,28.025000000000002,,3
2023-06-19,,,28.96666666666667,,3
2023-06-20,,,27.441666666666666,,3
2023-06-21,,,19.770833333333332,,3
2023-06-22,,,23.958333333333332,,3
2023-06-23,,,26.045833333333334,,3
2023-06-24,,,27.154166666666665,,3
2023-06-25,,,28.708333333333332,,3
2023-06-26,,,23.125,,3
2023-06-27,,,23.587500000000002,,3
2023-06-28,,,25.079166666666666,,3
2023-06-29,,,23.054166666666664,,3
2023-06-30,,,25.7375,,3
2023-07-01,,,27.28333333333333,,3
2023-07-02,,,27.766666666666666,,3
2023-07-03,,,30.591666666666665,,3
2023-07-04,,,26.495833333333334,,3
2023-07-05,,,24.47083333333333,,3
2023-07-06,,,26.791666666666668,,3
2023-07-07,,,25.358333333333334,,3
2023-07-08,,,25.854166666666668,,3
2023-07-09,,,26.71666666666667,,3
2023-07-10,,,26.479166666666668,,3
2023-07-11,,,24.083333333333332,,3
2023-07-12,,,25.329166666666666,,3
2023-07-13,,,25.120833333333334,,3
2023-07-14,,,23.5,,3
2023-07-15,,,25.829166666666666,,3
2023-07-16,,,25.8625,,3
2023-07-17,,,25.941666666666666,,3
2023-07-18,,,23.825,,3
2023-07-19,,,27.266666666666666,,3
2023-07-20,,,28.766666666666666,,3
2023-07-21,,,29.333333333333332,,3
2023-07-22,,,28.7,,3
2023-07-23,,,24.329166666666666,,3
2023-07-24,,,23.504166666666666,,3
2023-07-25,,,26.162499999999998,,3
2023-07-26,,,25.870833333333334,,3
2023-07-27,,,28.400000000000002,,3
2023-07-28,,,29.541666666666668,,3
2023-07-29,,,29.45,,3
2023-07-30,,,30.087500000000002,,3
2023-07-31,,,30.083333333333332,,3
2023-08-01,,,31.195833333333336,,3
2023-08-02,,,30.604166666666668,,3
2023-08-03,,,29.662499999999998,,3
2023-08-04,,,30.22083333333333,,3
2023-08-05,,,31.224999999999998,,3
2023-08-06,,,29.891666666666666,,3
2023-08-07,,,27.229166666666668,,3
2023-08-08,,,28.77916666666667,,3
2023-08-09,,,27.2375,,3
2023-08-10,,,24.05,,3
2023-08-11,,,23.84166666666667,,3
2023-08-12,,,23.875,,3
2023-08-13,,,26.633333333333336,,3
2023-08-14,,,27.895833333333332,,3
2023-08-15,,,27.40833333333333,,3
2023-08-16,,,27.15416666666667,,3
2023-08-17,,,27.90416666666667,,3
2023-08-18,,,28.916666666666668,,3
2023-08-19,,,28.55,,3
2023-08-20,,,28.474999999999998,,3
2023-08-21,,,28.90833333333333,,3
2023-08-22,,,27.40833333333333,,3
2023-08-23,,,24.34583333333333,,3
2023-08-24,,,23.245833333333334,,3
2023-08-25,,,24.8,,3
2023-08-26,,,26.325,,3
2023-08-27,,,25.020833333333332,,3
2023-08-28,,,21.058333333333334,,3
2023-08-29,,,22.474999999999998,,3
2023-08-30,,,22.8125,,3
2023-08-31,,,23.766666666666666,,3
2023-09-01,,,24.670833333333334,,3
2023-09-02,,,25.4875,,3
2023-09-03,,,24.383333333333336,,3
2023-09-04,,,24.90416666666667,,3
2023-09-05,,,26.116666666666664,,3
2023-09-06,,,26.816666666666666,,3
2023-09-07,,,25.77916666666667,,3
2023-09-08,,,26.441666666666666,,3
2023-09-09,,,26.599999999999998,,3
2023-09-10,,,26.825,,3
2023-09-11,,,26.391666666666666,,3
2023-09-12,,,25.587500000000002,,3
2023-09-13,,,20.670833333333334,,3
2023-09-14,,,22.0625,,3
2023-09-15,,,22.5,,3
2023-09-16,,,20.616666666666667,,3
2023-09-17,,,22.329166666666666,,3
2023-09-18,,,24.141666666666666,,3
2023-09-19,,,23.6875,,3
2023-09-20,,,22.495833333333334,,3
2023-09-21,,,20.591666666666665,,3
2023-09-22,,,21.47083333333333,,3
2023-09-23,,,22.004166666666666,,3
2023-09-24,,,21.629166666666666,,3
2023-09-25,,,19.1875,,3
2023-09-26,,,18.162499999999998,,3
2023-09-27,,,20.379166666666666,,3
2023-09-28,,,22.96666666666667,,3
2023-09-29,,,22.099999999999998,,3
2023-09-30,,,21.333333333333332,,3
2023-10-01,,,19.420833333333334,,3
2023-10-02,,,19.25,,3
2023-10-03,,,19.912499999999998,,3
2023-10-04,,,18.666666666666668,,3
2023-10-05,,,15.695833333333333,,3
2023-10-06,,,16.516666666666666,,3
2023-10-07,,,17.75,,3
2023-10-08,,,17.804166666666667,,3
2023-10-09,,,18.008333333333333,,3
2023-10-10,,,18.3875,,3
2023-10-11,,,18.616666666666667,,3
2023-10-12,,,19.583333333333332,,3
2023-10-13,,,19.554166666666667,,3
2023-10-14,,,18.016666666666666,,3
2023-10-15,,,17.654166666666665,,3
2023-10-16,,,16.408333333333335,,3
2023-10-17,,,16.666666666666668,,3
2023-10-18,,,17.712500000000002,,3
2023-10-19,,,16.704166666666666,,3
2023-10-20,,,13.204166666666666,,3
2023-10-21,,,13.704166666666667,,3
2023-10-22,,,14.629166666666668,,3
2023-10-23,,,16.270833333333332,,3
2023-10-24,,,16.8125,,3
2023-10-25,,,17.454166666666666,,3
2023-10-26,,,17.633333333333333,,3
2023-10-27,,,16.8,,3
2023-10-28,,,15.945833333333333,,3
2023-10-29,,,15.845833333333333,,3
2023-10-30,,,16.349999999999998,,3
2023-10-31,,,17.099999999999998,,3
2023-11-01,,,18.308333333333334,,3
2023-11-02,,,19.5,,3
2023-11-03,,,19.066666666666666,,3
2023-11-04,,,17.233333333333334,,3
2023-11-05,,,15.170833333333334,,3
2023-11-06,,,14.3125,,3
2023-11-07,,,6.6375,,3
2023-11-08,,,10.158333333333333,,3
2023-11-09,,,12.529166666666667,,3
2023-11-10,,,6.6875,,3
2023-11-11,,,4.620833333333334,,3
2023-11-12,,,3.375,,3
2023-11-13,,,3.970833333333333,,3
2023-11-14,,,6.616666666666667,,3
2023-11-15,,,8.8125,,3
2023-11-16,,,8.004166666666666,,3
2023-11-17,,,2.6625,,3
2023-11-18,,,2.6916666666666664,,3
2023-11-19,,,7.866666666666667,,3
2023-11-20,,,7.637499999999999,,3
2023-11-21,,,9.012500000000001,,3
2023-11-22,,,10.070833333333335,,3
2023-11-23,,,9.483333333333333,,3
2023-11-24,,,-0.7374999999999999,,3
2023-11-25,,,-0.00416666666666667,,3
2023-11-26,,,3.9,,3
2023-11-27,,,6.0249999999999995,,3
2023-11-28,,,1.4833333333333334,,3
2023-11-29,,,0.17500000000000002,,3
2023-11-30,,,-1.825,,3
2023-12-01,,,-0.037500000000000026,,3
2023-12-02,,,2.670833333333333,,3
2023-12-03,,,3.466666666666667,,3
2023-12-04,,,3.654166666666667,,3
2023-12-05,,,6.154166666666666,,3
2023-12-06,,,7.266666666666667,,3
2023-12-07,,,6.625,,3
2023-12-08,,,10.129166666666666,,3
2023-12-09,,,12.395833333333334,,3
2023-12-10,,,9.920833333333333,,3
2023-12-11,,,9.508333333333333,,3
2023-12-12,,,7.375,,3
2023-12-13,,,6.7124999999999995,,3
2023-12-14,,,6.754166666666666,,3
2023-12-15,,,5.7625,,3
2023-12-16,,,-1.3166666666666667,,3
2023-12-17,,,-7.1125,,3
2023-12-18,,,-5.695833333333333,,3
2023-12-19,,,-1.8625,,3
2023-12-20,,,-5.170833333333333,,3
2023-12-21,,,-9.370833333333334,,3
2023-12-22,,,-8.541666666666666,,3
2023-12-23,,,-4.566666666666666,,3
2023-12-24,,,-2.0500000000000003,,3
2023-12-25,,,-1.3875,,3
2023-12-26,,,-0.4083333333333334,,3
2023-12-27,,,0.8458333333333333,,3
2023-12-28,,,0.3458333333333334,,3
2023-12-29,,,0.29166666666666663,,3
2023-12-30,,,0.12222222222222223,,3
2023-12-31,,,,,3
2024-01-01,,,,,3
2024-01-02,,,,,3
2024-01-03,,,,,3
2024-01-04,,,,,3
2024-01-05,,,,,3
2024-01-06,,,,,3
2024-01-07,,,,,3
2024-01-08,,,,,3
2024-01-09,,,,,3
2024-01-10,,,,,3
2024-01-11,,,,,3
2024-01-12,,,,,3
2024-01-13,,,,,3
2024-01-14,,,,,3
2024-01-15,,,,,3
2024-01-16,,,,,3
2024-01-17,,,,,3
2024-01-18,,,,,3
2024-01-19,,,,,3
2024-01-20,,,,,3
2024-01-21,0.0,0.0,-2.433333333333333,97.66666666666667,3
2024-01-22,0.0,0.0,-10.424999999999999,69.66666666666667,3
2024-01-23,0.0,0.0,-12.995833333333332,13.166666666666666,3
2024-01-24,0.0,0.0,-10.095833333333333,0.0,3
2024-01-25,0.0,0.0,-7.075,10.125,3
2024-01-26,0.0,0.0,-3.391666666666667,15.125,3
2024-01-27,0.0,0.0,-1.6416666666666666,23.083333333333332,3
2024-01-28,0.0,0.0,-2.5416666666666665,36.833333333333336,3
2024-01-29,0.0,0.0,-2.0375,2.4583333333333335,3
2024-01-30,0.0,0.0,-0.5750000000000001,45.291666666666664,3
2024-01-31,0.1,0.0,2.379166666666667,71.625,3
2024-02-01,0.0,0.0,1.0666666666666667,89.83333333333333,3
2024-02-02,0.0,0.0,1.4875,70.25,3
2024-02-03,0.0,0.0,1.8,96.95833333333333,3
2024-02-04,0.0,0.0,3.3000000000000003,98.04166666666667,3
2024-02-05,5.8,1.1,2.779166666666667,99.79166666666667,3
2024-02-06,1.6,0.0,0.9416666666666668,83.875,3
2024-02-07,0.0,0.0,-0.35000000000000003,22.375,3
2024-02-08,0.0,0.0,-0.31250000000000006,52.833333333333336,3
2024-02-09,0.0,0.0,-0.1625,52.708333333333336,3
2024-02-10,0.0,0.0,0.07499999999999993,36.916666666666664,3
2024-02-11,0.0,0.0,0.5833333333333334,46.333333333333336,3
2024-02-12,0.0,0.0,1.7208333333333334,14.75,3
2024-02-13,0.0,0.0,5.7250000000000005,51.833333333333336,3
2024-02-14,0.2,0.0,10.225,81.29166666666667,3
2024-02-15,16.8,0.0,6.2,91.29166666666667,3
2024-02-16,0.0,0.0,0.9333333333333335,14.625,3
2024-02-17,0.0,0.0,2.9458333333333333,19.0,3
2024-02-18,4.2,3.0,6.945833333333333,73.54166666666667,3
2024-02-19,7.5,0.0,9.766666666666667,100.0,3
2024-02-20,0.0,0.0,4.75,99.91666666666667,3
2024-02-21,18.400000000000002,4.7,2.1625,99.91666666666667,3
2024-02-22,3.4,0.0,1.2791666666666666,98.375,3
2024-02-23,0.0,0.0,1.3166666666666667,90.375,3
2024-02-24,0.0,0.0,1.3583333333333334,94.375,3
2024-02-25,3.4,0.0,2.1958333333333333,77.625,3
2024-02-26,0.0,0.0,2.220833333333333,20.583333333333332,3
2024-02-27,0.0,0.0,3.266666666666667,79.45833333333333,3
2024-02-28,0.1,0.0,4.758333333333334,83.0,3
2024-02-29,0.2,0.1,4.6499999999999995,97.79166666666667,3
2024-03-01,0.1,0.0,-3.5666666666666664,12.041666666666666,3
2024-03-02,1.0,0.7,-1.5958333333333332,53.916666666666664,3
2024-03-03,0.8,0.0,3.5416666666666665,45.25,3
2024-03-04,0.0,0.0,5.545833333333333,67.75,3
2024-03-05,1.0,1.0,5.425,93.79166666666667,3
2024-03-06,0.0,0.0,5.983333333333333,64.33333333333333,3
2024-03-07,0.1,0.0,3.6208333333333336,56.333333333333336,3
2024-03-08,0.0,0.0,1.4541666666666666,17.208333333333332,3
2024-03-09,0.0,0.0,0.5,0.0,3
2024-03-10,0.0,0.0,2.7125,15.833333333333334,3
2024-03-11,0.6,0.2,5.1375,98.625,3
2024-03-12,4.3999999999999995,0.0,6.358333333333333,78.625,3
2024-03-13,0.0,0.0,4.1875,25.625,3
2024-03-14,0.0,0.0,5.683333333333334,18.75,3
2024-03-15,0.0,0.0,7.233333333333333,21.208333333333332,3
2024-03-16,0.0,0.0,8.304166666666667,40.625,3
2024-03-17,0.0,0.0,7.808333333333334,83.79166666666667,3
2024-03-18,0.0,0.0,4.3875,21.875,3
2024-03-19,5.3,0.7,4.566666666666666,94.04166666666667,3
2024-03-20,0.0,0.0,4.0625,23.5,3
2024-03-21,0.0,0.0,3.483333333333333,8.5,3
2024-03-22,10.9,6.2,7.6375,87.33333333333333,3
2024-03-23,1.5,0.0,12.1,80.04166666666667,3
2024-03-24,0.0,0.0,13.049999999999999,65.08333333333333,3
2024-03-25,0.4,0.0,10.516666666666667,97.83333333333333,3
2024-03-26,6.6,0.0,9.183333333333334,67.25,3
2024-03-27,0.0,0.0,9.408333333333333,70.79166666666667,3
2024-03-28,2.0,0.0,8.975,84.66666666666667,3
2024-03-29,0.1,0.0,7.195833333333333,58.375,3
2024-03-30,0.0,0.0,7.204166666666667,32.666666666666664,3
2024-03-31,0.0,0.0,8.870833333333334,27.791666666666668,3
2024-04-01,0.0,0.0,9.6,17.083333333333332,3
2024-04-02,0.0,0.0,13.091666666666667,72.75,3
2024-04-03,2.8000000000000003,0.2,13.762500000000001,100.0,3
2024-04-04,0.30000000000000004,0.0,13.5375,83.375,3
2024-04-05,0.0,0.0,11.983333333333334,52.375,3
2024-04-06,0.0,0.0,11.520833333333334,71.0,3
2024-04-07,0.0,0.0,13.174999999999999,20.5,3
2024-04-08,0.0,0.0,14.879166666666668,70.45833333333333,3
2024-04-09,0.0,0.0,13.754166666666668,5.833333333333333,3
2024-04-10,0.1,0.0,12.454166666666666,91.58333333333333,3
2024-04-11,14.7,0.0,11.950000000000001,96.70833333333333,3
2024-04-12,0.0,0.0,13.779166666666667,77.125,3
2024-04-13,0.0,0.0,17.025000000000002,19.958333333333332,3
2024-04-14,0.0,0.0,19.195833333333333,49.833333333333336,3
2024-04-15,10.8,0.1,15.5,95.45833333333333,3
2024-04-16,2.5,0.0,14.549999999999999,47.0,3
2024-04-17,0.0,0.0,14.091666666666667,86.91666666666667,3
2024-04-18,0.0,0.0,16.212500000000002,3.25,3
2024-04-19,0.0,0.0,16.3,54.333333333333336,3
2024-04-20,2.2,0.1,15.012500000000001,98.95833333333333,3
2024-04-21,0.3,0.0,16.141666666666666,94.75,3
2024-04-22,0.0,0.0,17.691666666666666,87.5,3
2024-04-23,0.0,0.0,15.504166666666668,74.875,3
2024-04-24,7.1,0.0,13.670833333333334,85.83333333333333,3
2024-04-25,0.0,0.0,13.4375,55.833333333333336,3
2024-04-26,0.0,0.0,16.308333333333334,82.16666666666667,3
2024-04-27,0.0,0.0,16.958333333333332,17.75,3
2024-04-28,0.0,0.0,19.279166666666665,69.20833333333333,3
2024-04-29,0.0,0.0,20.7375,56.791666666666664,3
2024-04-30,0.0,0.0,17.683333333333334,81.54166666666667,3
2024-05-01,0.0,0.0,16.691666666666666,64.625,3
2024-05-02,0.0,0.0,15.9,1.2916666666666667,3
2024-05-03,0.0,0.0,18.020833333333332,0.0,3
2024-05-04,0.0,0.0,19.175,55.875,3
2024-05-05,53.0,21.0,16.349999999999998,99.83333333333333,3
2024-05-06,23.6,0.0,14.395833333333334,97.20833333333333,3
2024-05-07,13.3,0.0,13.816666666666668,86.83333333333333,3
2024-05-08,0.0,0.0,14.070833333333333,64.54166666666667,3
2024-05-09,0.0,0.0,14.1875,11.458333333333334,3
2024-05-10,0.0,0.0,15.370833333333332,44.166666666666664,3
2024-05-11,10.0,6.199999999999999,16.391666666666666,72.91666666666667,3
2024-05-12,13.700000000000001,0.0,18.004166666666666,79.16666666666667,3
2024-05-13,0.0,0.0,16.125,6.833333333333333,3
2024-05-14,0.0,0.0,16.4875,0.4583333333333333,3
2024-05-15,0.0,0.0,15.079166666666666,15.166666666666666,3
2024-05-16,0.0,0.0,14.166666666666666,15.291666666666666,3
2024-05-17,0.0,0.0,16.175,17.875,3
2024-05-18,0.0,0.0,17.712500000000002,21.583333333333332,3
2024-05-19,0.0,0.0,18.25,37.625,3
2024-05-20,1.0,0.0,18.679166666666667,72.125,3
2024-05-21,0.0,0.0,20.154166666666665,73.29166666666667,3
2024-05-22,0.0,0.0,19.479166666666668,11.333333333333334,3
2024-05-23,0.0,0.0,19.145833333333332,42.958333333333336,3
2024-05-24,0.0,0.0,20.070833333333333,86.79166666666667,3
2024-05-25,0.0,0.0,19.991666666666667,92.33333333333333,3
2024-05-26,9.0,2.6,19.775000000000002,100.0,3
2024-05-27,7.6,0.0,17.804166666666667,92.16666666666667,3
2024-05-28,0.0,0.0,17.858333333333334,70.33333333333333,3
2024-05-29,0.0,0.0,18.979166666666668,19.708333333333332,3
2024-05-30,0.0,0.0,19.7625,99.95833333333333,3
2024-05-31,0.0,0.0,19.537499999999998,44.833333333333336,3
2024-06-01,0.0,0.0,20.170833333333334,79.54166666666667,3
2024-06-02,0.0,0.0,19.679166666666667,56.75,3
2024-06-03,0.0,0.0,19.858333333333334,20.208333333333332,3
2024-06-04,0.0,0.0,21.958333333333332,15.166666666666666,3
2024-06-05,0.0,0.0,22.825,66.54166666666667,3
2024-06-06,0.0,0.0,23.745833333333334,66.25,3
2024-06-07,0.3,0.0,21.895833333333332,67.20833333333333,3
2024-06-08,7.0,0.0,18.85,96.75,3
2024-06-09,0.0,0.0,21.579166666666666,43.875,3
2024-06-10,0.0,0.0,21.77916666666667,34.75,3
2024-06-11,0.0,0.0,22.925,47.291666666666664,3
2024-06-12,0.0,0.0,23.525000000000002,0.0,3
2024-06-13,0.0,0.0,24.366666666666664,21.041666666666668,3
2024-06-14,0.0,0.0,25.15416666666667,18.541666666666668,3
2024-06-15,0.0,0.0,23.604166666666668,92.75,3
2024-06-16,0.1,0.0,23.666666666666668,42.958333333333336,3
2024-06-17,0.0,0.0,23.054166666666664,29.666666666666668,3
2024-06-18,0.0,0.0,24.03333333333333,19.291666666666668,3
2024-06-19,0.0,0.0,26.258333333333336,35.041666666666664,3
2024-06-20,0.0,0.0,27.075,66.54166666666667,3
2024-06-21,0.0,0.0,26.066666666666666,99.875,3
2024-06-22,3.7,0.0,24.325,100.0,3
2024-06-23,0.5,0.0,26.704166666666666,91.79166666666667,3
2024-06-24,2.9,0.0,23.020833333333332,84.875,3
2024-06-25,0.1,0.0,22.233333333333334,65.29166666666667,3
2024-06-26,0.0,0.0,22.954166666666666,20.041666666666668,3
2024-06-27,0.0,0.0,25.108333333333334,71.58333333333333,3
2024-06-28,0.0,0.0,25.400000000000002,60.125,3
2024-06-29,19.5,6.6,23.21666666666667,87.5,3
2024-06-30,64.0,0.0,24.175,98.29166666666667,3
2024-07-01,0.0,0.0,25.1375,96.33333333333333,3
2024-07-02,9.3,5.1,24.3875,100.0,3
2024-07-03,0.1,0.0,24.049999999999997,96.33333333333333,3
2024-07-04,36.9,5.1,22.1125,98.91666666666667,3
2024-07-05,5.1,0.0,24.429166666666664,91.875,3
2024-07-06,9.2,1.7000000000000002,24.941666666666666,96.75,3
2024-07-07,3.0,0.0,25.599999999999998,97.04166666666667,3
2024-07-08,58.5,2.6,23.691666666666666,100.0,3
2024-07-09,130.9,0.6,24.308333333333334,100.0,3
2024-07-10,1.7000000000000002,0.0,24.366666666666664,88.83333333333333,3
2024-07-11,0.2,0.0,24.604166666666668,82.41666666666667,3
2024-07-12,0.0,0.0,25.15833333333333,88.70833333333333,3
2024-07-13,0.0,0.0,27.083333333333332,60.458333333333336,3
2024-07-14,0.0,0.0,27.108333333333334,67.45833333333333,3
2024-07-15,0.1,0.1,26.47083333333333,78.5,3
2024-07-16,6.1,2.3000000000000003,26.358333333333334,89.08333333333333,3
2024-07-17,35.6,1.7000000000000002,24.895833333333332,100.0,3
2024-07-18,89.6,10.4,24.71666666666667,100.0,3
2024-07-19,24.7,2.0,25.133333333333336,100.0,3
2024-07-20,55.8,12.2,25.241666666666664,99.66666666666667,3
2024-07-21,33.6,3.6,25.7375,98.79166666666667,3
2024-07-22,8.9,0.2,25.916666666666668,98.375,3
2024-07-23,55.8,20.6,25.766666666666666,99.66666666666667,3
2024-07-24,7.9,0.0,26.891666666666666,97.41666666666667,3
2024-07-25,3.9000000000000004,3.6,28.175,96.41666666666667,3
2024-07-26,18.2,5.8,29.400000000000002,89.41666666666667,3
2024-07-27,20.400000000000002,3.0,28.212500000000002,99.70833333333333,3
2024-07-28,0.0,0.0,29.320833333333336,93.70833333333333,3
2024-07-29,0.4,0.0,27.933333333333334,90.91666666666667,3
2024-07-30,0.0,0.0,27.775000000000002,81.08333333333333,3
2024-07-31,0.0,0.0,28.208333333333332,66.45833333333333,3
2024-08-01,0.0,0.0,28.541666666666668,67.54166666666667,3
2024-08-02,5.4,0.0,28.045833333333334,77.41666666666667,3
2024-08-03,0.0,0.0,28.575,59.458333333333336,3
2024-08-04,0.4,0.0,28.541666666666668,62.541666666666664,3
2024-08-05,0.0,0.0,29.083333333333332,66.375,3
2024-08-06,1.0,0.0,29.245833333333334,55.375,3
2024-08-07,1.4,0.0,28.21666666666667,67.29166666666667,3
2024-08-08,4.9,0.0,27.599999999999998,92.125,3
2024-08-09,0.0,0.0,28.629166666666666,62.291666666666664,3
2024-08-10,0.0,0.0,28.40416666666667,78.54166666666667,3
2024-08-11,0.0,0.0,29.15833333333333,87.5,3
2024-08-12,0.0,0.0,29.954166666666666,69.83333333333333,3
2024-08-13,0.2,0.0,29.816666666666666,41.75,3
2024-08-14,13.3,4.8999999999999995,29.52916666666667,66.79166666666667,3
2024-08-15,4.6,0.0,28.833333333333332,84.45833333333333,3
2024-08-16,0.1,0.0,29.104166666666668,86.5,3
2024-08-17,0.0,0.0,28.429166666666664,60.416666666666664,3
2024-08-18,2.9,0.1,27.729166666666668,89.20833333333333,3
2024-08-19,0.0,0.0,29.041666666666668,66.41666666666667,3
2024-08-20,0.0,0.0,30.420833333333334,70.91666666666667,3
2024-08-21,4.7,3.4,30.224999999999998,81.875,3
2024-08-22,22.5,4.3,27.337500000000002,99.70833333333333,3
2024-08-23,0.3,0.0,27.875,66.91666666666667,3
2024-08-24,0.1,0.0,27.745833333333334,68.79166666666667,3
2024-08-25,0.0,0.0,26.866666666666664,72.54166666666667,3
2024-08-26,0.9,0.1,25.5625,80.20833333333333,3
2024-08-27,7.5,0.0,25.75,89.875,3
2024-08-28,0.0,0.0,26.837500000000002,37.041666666666664,3
2024-08-29,0.0,0.0,26.995833333333334,36.166666666666664,3
2024-08-30,0.0,0.0,26.5125,49.208333333333336,3
2024-08-31,0.0,0.0,25.587500000000002,49.333333333333336,3
2024-09-01,0.0,0.0,25.379166666666666,48.708333333333336,3
2024-09-02,0.3,0.0,23.641666666666666,91.91666666666667,3
2024-09-03,0.1,0.0,26.129166666666666,66.625,3
2024-09-04,0.0,0.0,26.266666666666666,47.583333333333336,3
2024-09-05,1.2,0.0,25.354166666666668,95.20833333333333,3
2024-09-06,0.0,0.0,26.058333333333334,78.95833333333333,3
2024-09-07,0.0,0.0,25.691666666666666,54.166666666666664,3
2024-09-08,0.0,0.0,25.320833333333336,54.5,3
2024-09-09,0.0,0.0,26.979166666666668,48.541666666666664,3
2024-09-10,0.0,0.0,28.054166666666664,49.541666666666664,3
2024-09-11,0.0,0.0,29.066666666666666,30.291666666666668,3
2024-09-12,3.3000000000000003,0.9,25.712500000000002,94.33333333333333,3
2024-09-13,2.1,0.1,25.141666666666666,99.5,3
2024-09-14,4.8,0.6000000000000001,25.570833333333336,98.70833333333333,3
2024-09-15,5.3,0.0,26.104166666666668,79.79166666666667,3
2024-09-16,0.8999999999999999,0.0,25.933333333333334,68.41666666666667,3
2024-09-17,0.0,0.0,27.558333333333334,37.0,3
2024-09-18,8.5,6.4,27.508333333333336,76.29166666666667,3
2024-09-19,0.3,0.0,27.358333333333334,80.375,3
2024-09-20,108.2,4.8,23.75,95.625,3
2024-09-21,39.800000000000004,0.6000000000000001,19.645833333333332,99.33333333333333,3
2024-09-22,0.0,0.0,20.35,58.791666666666664,3
2024-09-23,0.0,0.0,19.420833333333334,42.958333333333336,3
2024-09-24,0.0,0.0,18.995833333333334,20.083333333333332,3
2024-09-25,0.0,0.0,21.066666666666666,52.791666666666664,3
2024-09-26,0.1,0.0,22.02916666666667,58.708333333333336,3
2024-09-27,0.0,0.0,21.095833333333335,63.458333333333336,3
2024-09-28,0.0,0.0,21.270833333333332,52.958333333333336,3
2024-09-29,0.0,0.0,22.474999999999998,78.04166666666667,3
2024-09-30,0.0,0.0,21.1125,49.708333333333336,3
2024-10-01,0.5,0.0,17.829166666666666,93.16666666666667,3
2024-10-02,0.0,0.0,14.0,37.958333333333336,3
2024-10-03,0.0,0.0,14.441666666666668,49.375,3
2024-10-04,0.0,0.0,14.708333333333334,18.166666666666668,3
2024-10-05,0.0,0.0,15.516666666666666,74.0,3
2024-10-06,0.0,0.0,16.716666666666665,96.0,3
2024-10-07,0.0,0.0,15.8125,91.58333333333333,3
2024-10-08,0.0,0.0,16.370833333333334,68.25,3
2024-10-09,0.0,0.0,17.404166666666665,71.70833333333333,3
2024-10-10,0.0,0.0,17.3125,64.5,3
2024-10-11,0.0,0.0,16.441666666666666,42.041666666666664,3
2024-10-12,0.0,0.0,16.345833333333335,28.625,3
2024-10-13,0.0,0.0,15.758333333333333,72.79166666666667,3
2024-10-14,0.0,0.0,17.779166666666665,96.75,3
2024-10-15,0.0,0.0,18.366666666666667,99.625,3
2024-10-16,0.0,0.0,17.308333333333334,44.916666666666664,3
2024-10-17,0.0,0.0,16.5,25.333333333333332,3
2024-10-18,12.7,8.4,16.425,99.75,3
2024-10-19,1.1,0.0,15.420833333333334,61.583333333333336,3
2024-10-20,0.0,0.0,12.408333333333333,47.291666666666664,3
2024-10-21,0.1,0.0,12.7875,90.83333333333333,3
2024-10-22,17.0,0.2,14.079166666666666,99.375,3
2024-10-23,0.0,0.0,12.0,57.666666666666664,3
2024-10-24,0.0,0.0,9.920833333333333,9.083333333333334,3
2024-10-25,0.0,0.0,12.304166666666667,32.666666666666664,3
2024-10-26,0.0,0.0,14.712499999999999,78.45833333333333,3
2024-10-27,0.4,0.0,14.674999999999999,93.70833333333333,3
2024-10-28,0.1,0.1,15.033333333333333,89.20833333333333,3
2024-10-29,0.0,0.0,15.487499999999999,74.70833333333333,3
2024-10-30,0.0,0.0,14.320833333333333,35.791666666666664,3
2024-10-31,0.0,0.0,13.766666666666666,53.375,3
2024-11-01,0.0,0.0,13.4625,96.875,3
2024-11-02,0.0,0.0,15.120833333333332,66.875,3
2024-11-03,0.0,0.0,13.233333333333334,12.958333333333334,3
2024-11-04,0.2,0.0,13.608333333333334,45.041666666666664,3
2024-11-05,0.0,0.0,7.283333333333334,22.166666666666668,3
2024-11-06,0.0,0.0,5.5,6.625,3
2024-11-07,0.0,0.0,5.841666666666666,0.0,3
2024-11-08,0.0,0.0,9.333333333333334,72.0,3
2024-11-09,0.0,0.0,10.191666666666666,11.333333333333334,3
2024-11-10,0.0,0.0,10.987499999999999,55.916666666666664,3
2024-11-11,0.0,0.0,11.420833333333334,40.916666666666664,3
2024-11-12,0.0,0.0,12.895833333333334,45.375,3
2024-11-13,0.0,0.0,11.825000000000001,40.333333333333336,3
2024-11-14,1.8,1.1,12.429166666666667,91.0,3
2024-11-15,4.5,0.0,12.929166666666667,84.45833333333333,3
2024-11-16,4.9,0.3,13.6625,73.75,3
2024-11-17,0.0,0.0,6.591666666666666,50.916666666666664,3
2024-11-18,0.0,0.0,0.8624999999999999,7.916666666666667,3
2024-11-19,0.0,0.0,2.1333333333333333,87.875,3
2024-11-20,0.0,0.0,4.545833333333333,57.083333333333336,3
2024-11-21,0.0,0.0,6.4125000000000005,49.541666666666664,3
2024-11-22,0.0,0.0,4.825,5.458333333333333,3
2024-11-23,0.0,0.0,3.279166666666667,8.583333333333334,3
2024-11-24,0.0,0.0,3.65,20.5,3
2024-11-25,2.2,0.1,7.1499999999999995,76.70833333333333,3
2024-11-26,24.5,0.0,6.958333333333333,84.08333333333333,3
2024-11-27,3.0,0.0,0.3416666666666666,87.54166666666667,3
2024-11-28,1.5,0.0,0.8583333333333334,76.95833333333333,3
2024-11-29,0.0,0.0,-0.5583333333333333,29.875,3
2024-11-30,0.0,0.0,1.8625,11.625,3
2024-12-01,0.0,0.0,2.795833333333333,80.58333333333333,3
2024-12-02,0.6,0.0,4.883333333333334,61.583333333333336,3
2024-12-03,0.0,0.0,-1.4166666666666667,39.583333333333336,3
2024-12-04,0.0,0.0,-0.6791666666666667,13.833333333333334,3
2024-12-05,0.0,0.0,0.525,10.708333333333334,3
2024-12-06,0.0,0.0,-1.0666666666666667,20.458333333333332,3
2024-12-07,0.0,0.0,-3.829166666666667,14.333333333333334,3
2024-12-08,0.0,0.0,-3.1291666666666664,1.1666666666666667,3
2024-12-09,0.0,0.0,-1.1416666666666666,20.5,3
2024-12-10,0.0,0.0,0.14583333333333334,45.541666666666664,3
2024-12-11,0.0,0.0,0.24999999999999997,68.75,3
2024-12-12,0.0,0.0,-1.0958333333333334,41.458333333333336,3
2024-12-13,0.0,0.0,-1.8208333333333335,67.0,3
2024-12-14,0.0,0.0,-3.3958333333333335,0.0,3
2024-12-15,0.0,0.0,-1.7583333333333335,33.708333333333336,3
2024-12-16,0.0,0.0,-2.8708333333333336,18.5,3
2024-12-17,0.0,0.0,-3.158333333333333,0.0,3
2024-12-18,0.0,0.0,-5.583333333333333,0.0,3
2024-12-19,0.0,0.0,-4.8999999999999995,25.041666666666668,3
2024-12-20,0.1,0.1,-1.7625000000000002,90.41666666666667,3
2024-12-21,1.4000000000000001,0.0,-1.2208333333333334,64.04166666666667,3
2024-12-22,0.0,0.0,-5.2,0.0,3
2024-12-23,0.0,0.0,-3.0875000000000004,0.0,3
2024-12-24,0.0,0.0,-2.629166666666667,1.5,3
2024-12-25,0.0,0.0,-1.2375,88.20833333333333,3
2024-12-26,0.0,0.0,-2.3625000000000003,13.291666666666666,3
2024-12-27,0.0,0.0,-4.983333333333333,1.2916666666666667,3
2024-12-28,0.0,0.0,-5.2,0.4166666666666667,3
2024-12-29,0.0,0.0,-2.0791666666666666,39.583333333333336,3
2024-12-30,1.2000000000000002,0.2,2.066666666666667,80.5,3
2024-12-31,0.1,0.0,-1.1041666666666667,8.25,3
2025-01-01,0.0,0.0,0.2791666666666666,40.416666666666664,3
2025-01-02,0.0,0.0,-0.06666666666666665,37.75,3
2025-01-03,0.0,0.0,-3.3375,18.25,3
2025-01-04,0.0,0.0,-2.1333333333333333,11.916666666666666,3
2025-01-05,2.6999999999999997,0.0,-0.8874999999999998,54.708333333333336,3
2025-01-06,0.30000000000000004,0.0,-1.2375,27.166666666666668,3
2025-01-07,0.0,0.0,-4.520833333333333,13.666666666666666,3
2025-01-08,0.0,0.0,-5.620833333333334,17.5,3
2025-01-09,0.0,0.0,-10.758333333333333,5.416666666666667,3
2025-01-10,0.0,0.0,-8.620833333333334,21.583333333333332,3
2025-01-11,0.0,0.0,-6.3999999999999995,29.833333333333332,3
2025-01-12,0.0,0.0,-4.770833333333333,47.166666666666664,3
2025-01-13,0.2,0.1,-3.470833333333333,40.125,3
2025-01-14,0.1,0.0,-0.28750000000000003,45.25,3
2025-01-15,0.0,0.0,-6.5125,12.041666666666666,3
2025-01-16,0.2,0.1,-4.625,33.333333333333336,3
2025-01-17,0.0,0.0,-2.470833333333333,13.625,3
2025-01-18,0.0,0.0,-1.4166666666666667,24.041666666666668,3
2025-01-19,0.7000000000000001,0.2,0.5458333333333333,89.95833333333333,3
2025-01-20,0.0,0.0,1.7708333333333333,72.29166666666667,3
2025-01-21,0.0,0.0,0.6583333333333333,29.5,3
2025-01-22,0.1,0.0,1.3041666666666667,77.54166666666667,3
2025-01-23,0.0,0.0,0.5750000000000001,29.958333333333332,3
2025-01-24,0.0,0.0,0.36666666666666664,16.0,3
2025-01-25,0.0,0.0,1.5416666666666667,38.458333333333336,3
2025-01-26,0.0,0.0,1.5083333333333335,97.58333333333333,3
2025-01-27,8.9,0.30000000000000004,0.39166666666666666,89.70833333333333,3
2025-01-28,0.1,0.0,-4.545833333333333,83.45833333333333,3
2025-01-29,0.0,0.0,-6.304166666666667,68.95833333333333,3
2025-01-30,0.0,0.0,-7.0,0.4166666666666667,3
2025-01-31,0.0,0.0,-5.5249999999999995,47.5,3
2025-02-01,0.1,0.0,0.4166666666666667,84.75,3
2025-02-02,0.0,0.0,-0.45,62.333333333333336,3
2025-02-03,0.0,0.0,-4.3125,24.666666666666668,3
2025-02-04,0.0,0.0,-10.270833333333334,1.9166666666666667,3
2025-02-05,0.0,0.0,-9.545833333333333,28.583333333333332,3
2025-02-06,1.0,0.30000000000000004,-6.608333333333333,39.375,3
2025-02-07,1.0,0.0,-8.158333333333333,74.625,3
2025-02-08,0.0,0.0,-9.058333333333334,41.083333333333336,3
2025-02-09,0.0,0.0,-6.533333333333334,28.541666666666668,3
2025-02-10,0.0,0.0,-5.295833333333333,33.25,3
2025-02-11,0.0,0.0,-1.6166666666666665,39.291666666666664,3
2025-02-12,3.9,0.1,0.0625,89.625,3
2025-02-13,0.0,0.0,-1.375,3.0,3
2025-02-14,0.0,0.0,1.7458333333333333,39.208333333333336,3
2025-02-15,0.0,0.0,1.825,93.25,3
2025-02-16,0.0,0.0,3.7875,65.125,3
2025-02-17,0.0,0.0,-2.2333333333333334,3.0,3
2025-02-18,0.0,0.0,-4.108333333333333,0.5,3
2025-02-19,0.0,0.0,-4.666666666666667,0.0,3
2025-02-20,0.0,0.0,-4.366666666666666,5.083333333333333,3
2025-02-21,0.0,0.0,-4.5375000000000005,13.416666666666666,3
2025-02-22,0.0,0.0,-4.466666666666667,1.375,3
2025-02-23,0.0,0.0,-4.75,4.958333333333333,3
2025-02-24,0.0,0.0,-3.1208333333333336,0.0,3
2025-02-25,0.0,0.0,0.3041666666666667,64.33333333333333,3
2025-02-26,0.0,0.0,1.4041666666666668,11.666666666666666,3
2025-02-27,0.0,0.0,2.6541666666666663,23.458333333333332,3
2025-02-28,0.0,0.0,6.2625,45.583333333333336,3
2025-03-01,2.3,0.0,5.0,92.95833333333333,3
2025-03-02,17.0,4.3,6.825,99.25,3
2025-03-03,17.7,0.0,1.4583333333333333,100.0,3
2025-03-04,3.9,0.0,1.0374999999999999,96.54166666666667,3
2025-03-05,0.1,0.0,2.7416666666666667,77.91666666666667,3
2025-03-06,0.0,0.0,2.9416666666666664,29.375,3
2025-03-07,0.0,0.0,3.1625,62.041666666666664,3
2025-03-08,0.0,0.0,3.8833333333333333,62.375,3
2025-03-09,0.0,0.0,5.1125,23.875,3
2025-03-10,0.0,0.0,5.495833333333334,66.20833333333333,3
2025-03-11,0.0,0.0,7.2124999999999995,58.708333333333336,3
2025-03-12,0.0,0.0,7.854166666666667,90.29166666666667,3
2025-03-13,0.0,0.0,6.658333333333334,84.5,3
2025-03-14,0.0,0.0,9.208333333333334,61.541666666666664,3
2025-03-15,0.0,0.0,10.358333333333333,80.375,3
2025-03-16,6.9,0.1,3.954166666666667,97.20833333333333,3
2025-03-17,0.5,0.0,1.1125,63.875,3
2025-03-18,3.4,0.0,2.2833333333333337,83.08333333333333,3
2025-03-19,0.0,0.0,1.3791666666666667,8.208333333333334,3
2025-03-20,0.0,0.0,5.625,50.416666666666664,3
2025-03-21,0.0,0.0,7.916666666666667,37.708333333333336,3
2025-03-22,0.0,0.0,9.283333333333333,0.20833333333333334,3
2025-03-23,0.0,0.0,11.887500000000001,49.25,3
2025-03-24,0.0,0.0,12.85,79.79166666666667,3
2025-03-25,0.1,0.0,11.5,85.875,3
2025-03-26,0.0,0.0,12.9625,71.79166666666667,3
2025-03-27,12.9,0.0,12.8125,97.08333333333333,3
2025-03-28,0.0,0.0,6.183333333333334,41.75,3
2025-03-29,1.4,0.0,2.8625000000000003,31.833333333333332,3
2025-03-30,0.0,0.0,2.954166666666667,29.291666666666668,3
2025-03-31,0.0,0.0,4.0625,4.916666666666667,3
2025-04-01,0.0,0.0,7.675,26.958333333333332,3
2025-04-02,0.8999999999999999,0.2,7.4624999999999995,76.91666666666667,3
2025-04-03,0.0,0.0,8.174999999999999,22.458333333333332,3
2025-04-04,0.0,0.0,8.791666666666666,44.25,3
2025-04-05,15.4,1.5,8.241666666666667,98.70833333333333,3
2025-04-06,0.0,0.0,8.916666666666666,51.708333333333336,3
2025-04-07,0.0,0.0,9.891666666666667,1.6666666666666667,3
2025-04-08,0.1,0.0,12.366666666666667,36.083333333333336,3
2025-04-09,0.7,0.1,11.066666666666668,83.66666666666667,3
2025-04-10,4.1000000000000005,0.0,12.237499999999999,72.375,3
2025-04-11,0.0,0.0,14.145833333333334,7.75,3
2025-04-12,44.3,21.6,11.5875,100.0,3
2025-04-13,6.2,0.5,5.6000000000000005,80.45833333333333,3
2025-04-14,6.5,0.7,5.9875,81.33333333333333,3
2025-04-15,0.0,0.0,8.020833333333334,23.958333333333332,3
2025-04-16,0.0,0.0,11.291666666666666,70.41666666666667,3
2025-04-17,0.1,0.0,16.462500000000002,88.5,3
2025-04-18,0.0,0.0,16.724999999999998,76.20833333333333,3
2025-04-19,10.3,7.2,14.341666666666667,96.25,3
2025-04-20,0.0,0.0,16.633333333333333,53.375,3
2025-04-21,0.0,0.0,18.620833333333334,50.041666666666664,3
2025-04-22,8.0,0.0,16.016666666666666,98.66666666666667,3
2025-04-23,0.0,0.0,16.808333333333334,98.54166666666667,3
2025-04-24,0.0,0.0,13.987499999999999,37.666666666666664,3
2025-04-25,0.0,0.0,11.387500000000001,3.25,3
2025-04-26,0.0,0.0,11.758333333333333,1.75,3
2025-04-27,0.0,0.0,13.2875,88.91666666666667,3
2025-04-28,0.8,0.0,13.595833333333333,27.416666666666668,3
2025-04-29,0.0,0.0,13.799999999999999,4.625,3
2025-04-30,0.0,0.0,17.579166666666666,34.291666666666664,3
2025-05-01,20.4,0.0,14.941666666666668,80.0,3
2025-05-02,0.0,0.0,13.120833333333332,40.916666666666664,3
2025-05-03,10.200000000000001,0.0,10.745833333333332,90.08333333333333,3
2025-05-04,0.0,0.0,13.2125,16.458333333333332,3
2025-05-05,2.5,1.1,11.762500000000001,85.41666666666667,3
2025-05-06,1.6,0.0,12.525,60.416666666666664,3
2025-05-07,0.0,0.0,13.275,67.29166666666667,3
2025-05-08,0.0,0.0,15.820833333333333,68.29166666666667,3
2025-05-09,24.599999999999998,0.0,15.354166666666666,100.0,3
2025-05-10,0.0,0.0,12.504166666666668,98.95833333333333,3
2025-05-11,0.0,0.0,14.291666666666666,71.29166666666667,3
2025-05-12,0.0,0.0,14.9375,10.041666666666666,3
2025-05-13,0.0,0.0,17.224999999999998,71.375,3
2025-05-14,0.0,0.0,18.587500000000002,39.0,3
2025-05-15,0.8,0.0,17.5125,98.79166666666667,3
2025-05-16,0.3,0.0,19.412499999999998,89.08333333333333,3
2025-05-17,0.0,0.0,18.591666666666665,85.75,3
2025-05-18,0.0,0.0,15.266666666666666,49.666666666666664,3
2025-05-19,0.0,0.0,16.408333333333335,40.625,3
2025-05-20,0.0,0.0,19.895833333333332,93.875,3
2025-05-21,0.0,0.0,22.420833333333334,80.625,3
2025-05-22,0.0,0.0,20.791666666666668,85.45833333333333,3
2025-05-23,0.1,0.1,18.162499999999998,94.33333333333333,3
2025-05-24,0.30000000000000004,0.30000000000000004,17.820833333333333,90.33333333333333,3
2025-05-25,0.0,0.0,16.904166666666665,24.708333333333332,3
2025-05-26,0.0,0.0,17.554166666666667,73.41666666666667,3
2025-05-27,0.0,0.0,18.816666666666666,29.083333333333332,3
2025-05-28,0.0,0.0,19.841666666666665,25.333333333333332,3
2025-05-29,3.6,0.0,18.466666666666665,63.583333333333336,3
2025-05-30,0.0,0.0,20.958333333333332,5.25,3
2025-05-31,0.0,0.0,20.841666666666665,40.541666666666664,3
2025-06-01,0.0,0.0,21.920833333333334,58.291666666666664,3
2025-06-02,6.7,0.1,17.662499999999998,100.0,3
2025-06-03,0.2,0.0,18.479166666666668,64.08333333333333,3
2025-06-04,0.0,0.0,18.979166666666668,8.708333333333334,3
2025-06-05,0.0,0.0,19.925,27.458333333333332,3
2025-06-06,0.0,0.0,22.425,82.58333333333333,3
2025-06-07,0.0,0.0,21.575,91.04166666666667,3
2025-06-08,0.0,0.0,24.15416666666667,77.08333333333333,3
2025-06-09,0.0,0.0,23.316666666666666,75.08333333333333,3
2025-06-10,0.0,0.0,21.995833333333334,94.20833333333333,3
2025-06-11,0.0,0.0,22.712500000000002,42.833333333333336,3
2025-06-12,0.0,0.0,24.958333333333332,60.25,3
2025-06-13,7.2,3.4,23.208333333333332,79.16666666666667,3
2025-06-14,16.4,0.0,22.858333333333334,98.75,3
2025-06-15,11.700000000000001,1.1,24.974999999999998,98.79166666666667,3
2025-06-16,19.4,0.0,24.141666666666666,82.5,3
2025-06-17,0.3,0.0,24.65416666666667,56.166666666666664,3
2025-06-18,0.0,0.0,24.208333333333332,43.916666666666664,3
2025-06-19,16.099999999999998,10.4,25.4875,94.91666666666667,3
2025-06-20,64.5,17.1,24.3875,100.0,3
2025-06-21,56.4,0.0,23.183333333333334,99.08333333333333,3
2025-06-22,0.0,0.0,22.59583333333333,76.91666666666667,3
2025-06-23,0.0,0.0,24.691666666666666,7.541666666666667,3
2025-06-24,0.0,0.0,26.708333333333332,74.5,3
2025-06-25,2.0,0.0,21.958333333333332,91.0,3
2025-06-26,0.0,0.0,22.833333333333332,81.04166666666667,3
2025-06-27,0.0,0.0,23.583333333333332,94.16666666666667,3
2025-06-28,1.8,0.0,24.45,99.29166666666667,3
2025-06-29,0.0,0.0,25.395833333333332,77.54166666666667,3
2025-06-30,0.0,0.0,26.349999999999998,78.41666666666667,3
2025-07-01,1.0,0.0,26.941666666666666,92.91666666666667,3
2025-07-02,0.0,0.0,26.900000000000002,92.79166666666667,3
2025-07-03,0.0,0.0,26.920833333333334,77.66666666666667,3
2025-07-04,0.0,0.0,26.625,89.41666666666667,3
2025-07-05,0.0,0.0,27.233333333333334,76.91666666666667,3
2025-07-06,0.0,0.0,27.34583333333333,67.16666666666667,3
2025-07-07,0.0,0.0,29.0125,60.458333333333336,3
2025-07-08,1.0,0.30000000000000004,30.65833333333333,42.375,3
2025-07-09,0.0,0.0,31.770833333333332,16.541666666666668,3
2025-07-10,0.0,0.0,29.983333333333334,10.708333333333334,3
2025-07-11,0.0,0.0,29.166666666666668,8.458333333333334,3
2025-07-12,0.0,0.0,29.212500000000002,0.125,3
2025-07-13,0.0,0.0,29.09166666666667,71.79166666666667,3
2025-07-14,0.0,0.0,28.575,40.666666666666664,3
2025-07-15,1.0,0.8,24.77916666666667,58.166666666666664,3
2025-07-16,2.6,0.1,23.925,93.70833333333333,3
2025-07-17,3.2,0.7,25.7625,94.125,3
2025-07-18,5.3,2.4,24.879166666666666,98.41666666666667,3
2025-07-19,1.0,0.0,26.099999999999998,68.20833333333333,3
2025-07-20,5.0,0.0,28.120833333333334,68.91666666666667,3
2025-07-21,0.1,0.0,27.90833333333333,86.41666666666667,3
2025-07-22,3.0,0.1,27.22083333333333,92.83333333333333,3
2025-07-23,0.0,0.0,27.275000000000002,83.04166666666667,3
2025-07-24,0.0,0.0,27.849999999999998,21.125,3
2025-07-25,0.0,0.0,29.78333333333333,15.041666666666666,3
2025-07-26,0.0,0.0,31.666666666666668,35.583333333333336,3
2025-07-27,0.0,0.0,31.425,33.958333333333336,3
2025-07-28,0.0,0.0,31.570833333333336,46.083333333333336,3
2025-07-29,0.0,0.0,31.3875,76.95833333333333,3
2025-07-30,0.0,0.0,30.6875,97.45833333333331,3
2025-07-31,0.0,0.0,31.21666666666667,97.5,3
2025-08-01,0.0,0.0,31.53333333333333,77.16666666666667,3
2025-08-02,0.1,0.0,30.575,97.79166666666669,3
2025-08-03,13.9,5.800000000000001,26.954166666666666,100.0,3
2025-08-04,25.8,0.0,27.770833333333332,81.70833333333333,3
2025-08-05,0.1,0.0,27.833333333333332,86.375,3
2025-08-06,45.5,0.0,25.650000000000002,95.70833333333333,3
2025-08-07,0.1,0.0,27.645833333333332,68.58333333333333,3
2025-08-08,0.1,0.1,27.116666666666664,76.75,3
2025-08-09,1.6,0.8,25.270833333333332,91.66666666666667,3
2025-08-10,0.0,0.0,27.454166666666666,37.375,3
2025-08-11,0.0,0.0,27.59583333333333,76.95833333333333,3
2025-08-12,0.0,0.0,28.525,76.625,3
2025-08-13,44.4,4.5,25.775,99.41666666666669,3
2025-08-14,21.8,2.6,26.391666666666666,99.375,3
2025-08-15,16.3,0.0,27.329166666666666,76.33333333333333,3
2025-08-16,0.0,0.0,27.575,85.70833333333333,3
2025-08-17,0.2,0.0,27.2625,90.08333333333331,3
2025-08-18,0.0,0.0,27.4375,96.29166666666669,3
2025-08-19,0.2,0.0,28.09583333333333,89.875,3
2025-08-20,0.0,0.0,28.133333333333336,90.95833333333333,3
2025-08-21,0.4,0.0,28.416666666666668,64.08333333333333,3
2025-08-22,0.0,0.0,28.8125,49.291666666666664,3
2025-08-23,0.1,0.0,28.791666666666668,65.25,3
2025-08-24,0.0,0.0,29.912499999999998,42.041666666666664,3
2025-08-25,8.0,4.0,28.266666666666666,65.45833333333333,3
2025-08-26,30.0,0.0,27.329166666666666,84.58333333333333,3
2025-08-27,0.0,0.0,27.75,63.166666666666664,3
2025-08-28,0.0,0.0,27.55,80.70833333333333,3
2025-08-29,3.4000000000000004,1.2,27.75,88.375,3
2025-08-30,8.6,0.0,27.4375,78.33333333333333,3
2025-08-31,6.1,2.8,27.8,70.125,3
2025-09-01,28.1,2.2,25.941666666666666,93.04166666666667,3
2025-09-02,0.0,0.0,27.379166666666666,54.666666666666664,3
2025-09-03,0.0,0.0,27.212500000000002,76.0,3
2025-09-04,15.3,0.0,25.370833333333337,90.29166666666669,3
2025-09-05,0.6,0.0,26.620833333333334,74.95833333333333,3
2025-09-06,12.3,7.0,27.083333333333332,90.41666666666667,3
2025-09-07,5.5,0.0,25.916666666666668,96.45833333333333,3
2025-09-08,0.0,0.0,24.370833333333337,95.66666666666669,3
2025-09-09,0.0,0.0,22.979166666666668,82.33333333333333,3
2025-09-10,0.0,0.0,22.72083333333333,12.458333333333334,3
2025-09-11,0.0,0.0,24.045833333333334,12.333333333333334,3
2025-09-12,0.0,0.0,23.854166666666668,88.04166666666667,3
2025-09-13,20.9,0.0,24.266666666666666,95.66666666666667,3
2025-09-14,1.4,0.0,25.35,82.25,3
2025-09-15,0.2,0.0,25.670833333333334,75.70833333333333,3
2025-09-16,17.3,8.0,24.1875,83.70833333333333,3
2025-09-17,40.2,0.1,24.808333333333334,99.25,3
2025-09-18,0.0,0.0,22.545833333333334,81.20833333333333,3
2025-09-19,21.7,9.8,19.604166666666668,96.75,3
2025-09-20,8.100000000000001,0.0,19.716666666666665,80.45833333333333,3
2025-09-21,0.0,0.0,20.4125,68.20833333333333,3
2025-09-22,0.0,0.0,19.675,91.54166666666667,3
2025-09-23,0.1,0.1,20.575,97.66666666666667,3
2025-09-24,48.1,11.3,21.279166666666665,99.91666666666667,3
2025-09-25,0.8999999999999999,0.0,22.5,84.29166666666667,3
2025-09-26,0.0,0.0,21.1125,60.041666666666664,3
2025-09-27,0.0,0.0,22.445833333333336,66.58333333333333,3
2025-09-28,16.4,0.0,20.675,97.33333333333333,3
2025-09-29,0.0,0.0,20.975,62.666666666666664,3
2025-09-30,0.0,0.0,20.429166666666667,58.0,3
2025-10-01,0.0,0.0,20.495833333333337,44.708333333333336,3
2025-10-02,0.0,0.0,20.795833333333334,95.33333333333331,3
2025-10-03,0.0,0.0,21.370833333333337,60.791666666666664,3
2025-10-04,0.0,0.0,21.8375,59.708333333333336,3
2025-10-05,1.2,0.0,21.133333333333333,85.08333333333333,3
2025-10-06,2.3,0.0,19.091666666666665,95.41666666666669,3
2025-10-07,23.9,1.0,17.758333333333333,100.0,3
2025-10-08,0.2,0.0,20.670833333333334,39.375,3
2025-10-09,0.0,0.0,18.4125,21.583333333333332,3
2025-10-10,0.0,0.0,17.766666666666666,98.66666666666667,3
2025-10-11,3.7,3.0,20.116666666666667,91.875,3
2025-10-12,0.0,0.0,19.083333333333332,85.25,3
2025-10-13,36.5,12.6,16.145833333333332,100.0,3
2025-10-14,10.200000000000001,0.0,17.670833333333334,60.708333333333336,3
2025-10-15,1.2,0.7,18.616666666666667,85.20833333333333,3
2025-10-16,16.900000000000002,0.0,19.191666666666666,60.666666666666664,3
2025-10-17,0.8,0.0,18.945833333333333,69.33333333333333,3
2025-10-18,14.6,0.0,15.8375,99.70833333333331,3
2025-10-19,0.0,0.0,12.654166666666669,42.916666666666664,3
2025-10-20,0.0,0.0,8.741666666666667,71.20833333333333,3
2025-10-21,0.0,0.0,7.725,12.541666666666666,3
2025-10-22,0.0,0.0,9.629166666666666,8.5,3
2025-10-23,0.0,0.0,11.604166666666666,19.708333333333332,3
2025-10-24,0.0,0.0,12.345833333333333,53.25,3
2025-10-25,0.0,0.0,13.1,86.08333333333333,3
2025-10-26,0.2,0.0,11.708333333333334,77.20833333333333,3
2025-10-27,0.0,0.0,5.783333333333334,3.7916666666666665,3
2025-10-28,0.0,0.0,5.458333333333333,0.5416666666666666,3
2025-10-29,0.0,0.0,8.629166666666666,8.291666666666666,3
2025-10-30,0.0,0.0,10.733333333333334,57.291666666666664,3
2025-10-31,0.2,0.0,12.033333333333333,84.125,3
2025-11-01,1.3,0.0,11.416666666666666,27.0,3
2025-11-02,0.0,0.0,7.0625,19.583333333333332,3
2025-11-03,0.0,0.0,4.216666666666667,0.0,3
2025-11-04,0.0,0.0,6.470833333333334,11.833333333333334,3
2025-11-05,0.0,0.0,9.595833333333333,35.083333333333336,3
2025-11-06,0.0,0.0,11.516666666666666,67.45833333333333,3
2025-11-07,0.0,0.0,11.875,71.54166666666667,3
2025-11-08,0.1,0.0,12.241666666666667,88.45833333333333,3
2025-11-09,2.4,0.0,12.791666666666666,68.41666666666667,3
2025-11-10,0.0,0.0,5.8,16.833333333333332,3
2025-11-11,0.0,0.0,6.345833333333334,24.833333333333332,3
2025-11-12,0.0,0.0,7.8625,11.083333333333334,3
2025-11-13,0.0,0.0,8.975,23.791666666666668,3
2025-11-14,0.0,0.0,5.604166666666667,1.125,3
2025-11-15,0.0,0.0,7.0375000000000005,41.25,3
2025-11-16,0.7,0.7,9.491666666666667,48.5,3
2025-11-17,0.0,0.0,2.245833333333333,52.5,3
2025-11-18,0.0,0.0,0.6749999999999999,11.125,3
2025-11-19,0.0,0.0,1.3375000000000001,0.0,3
2025-11-20,0.0,0.0,5.625,25.833333333333332,3
2025-11-21,0.0,0.0,5.279166666666667,12.583333333333334,3
2025-11-22,0.0,0.0,6.9624999999999995,25.875,3
2025-11-23,0.0,0.0,9.658333333333333,95.41666666666667,3
2025-11-24,0.8,0.0,11.045833333333334,37.208333333333336,3
2025-11-25,4.3,0.0,6.329166666666667,50.666666666666664,3
2025-11-26,0.0,0.0,3.4125,2.5416666666666665,3
2025-11-27,7.8999999999999995,0.0,4.8374999999999995,56.791666666666664,3
2025-11-28,0.0,0.0,0.4916666666666667,0.0416666666666666,3
2025-11-29,0.0,0.0,5.679166666666667,34.958333333333336,3
2025-11-30,0.5,0.2,10.466666666666667,67.83333333333333,3
2025-12-01,0.0,0.0,3.858333333333333,21.5,3
2025-12-02,0.0,0.0,-1.3875,41.083333333333336,3
2025-12-03,0.0,0.0,-6.258333333333333,9.416666666666666,3
2025-12-04,0.9,0.7999999999999999,-4.033333333333333,17.458333333333332,3
2025-12-05,0.0,0.0,-2.6083333333333334,3.0,3
2025-12-06,1.2000000000000002,0.1,2.1999999999999997,79.45833333333333,3
2025-12-07,0.0,0.0,4.825,71.33333333333333,3
2025-12-08,0.0,0.0,-0.0291666666666666,37.333333333333336,3
2025-12-09,0.0,0.0,-0.5083333333333333,4.458333333333333,3
2025-12-10,0.1,0.0,3.3333333333333335,80.625,3
2025-12-11,4.0,0.0,3.2416666666666667,43.083333333333336,3
2025-12-12,0.0,0.0,-0.9583333333333334,69.54166666666667,3
2025-12-13,9.8,0.6,0.1125,93.66666666666669,3
2025-12-14,0.0,0.0,-3.7875,22.916666666666668,3
2025-12-15,0.0,0.0,-3.1625,63.416666666666664,3
2025-12-16,0.3,0.0,2.183333333333333,82.29166666666667,3
2025-12-17,0.0,0.0,1.675,20.75,3
2025-12-18,0.0,0.0,0.2791666666666666,14.625,3
2025-12-19,0.0,0.0,2.2125,36.875,3
2025-12-20,0.4,0.0,5.266666666666667,89.875,3
2025-12-21,0.0,0.0,-2.7583333333333333,25.875,3
2025-12-22,0.0,0.0,-2.2708333333333335,6.541666666666667,3
2025-12-23,11.5,3.9,1.6916666666666667,84.75,3
2025-12-24,2.3000000000000003,0.0,1.05,41.708333333333336,3
2025-12-25,0.0,0.0,-5.091666666666667,0.0,3
2025-12-26,0.0,0.0,-11.2875,10.75,3
2025-12-27,0.0,0.0,-4.245833333333334,65.125,3
2025-12-28,0.8,0.2,1.1625,70.33333333333333,3
2025-12-29,1.2,0.0,2.7541666666666664,39.333333333333336,3
2025-12-30,0.0,0.0,-2.033333333333333,6.75,3
2025-12-31,0.0,0.0,-7.125,0.041666666666666664,3
2026-01-01,0.0,0.0,-9.070833333333333,15.541666666666666,3
2026-01-02,0.0,0.0,-9.433333333333334,0.0,3
2026-01-03,0.0,0.0,-4.7,19.25,3
2026-01-04,0.0,0.0,-1.875,51.041666666666664,3
2026-01-05,0.0,0.0,-2.8041666666666667,16.666666666666668,3
2026-01-06,0.0,0.0,-2.983333333333333,5.833333333333333,3
2026-01-07,0.0,0.0,-1.4166666666666667,16.5,3
2026-01-08,0.0,0.0,-6.1625000000000005,0.0,3
2026-01-09,0.4,0.2,0.09583333333333328,79.375,3
2026-01-10,7.0,0.0,0.7708333333333334,53.333333333333336,3
2026-01-11,0.2,0.0,-8.829166666666667,19.041666666666668,3
2026-01-12,1.1,0.5,-5.045833333333333,78.58333333333333,3
2026-01-13,0.0,0.0,-3.8041666666666667,16.083333333333332,3
2026-01-14,0.0,0.0,-4.175,43.083333333333336,3
2026-01-15,3.3000000000000003,0.0,3.3333333333333335,49.5,3
2026-01-16,0.0,0.0,-0.33749999999999997,3.0833333333333335,3
2026-01-17,0.0,0.0,-2.1458333333333335,2.75,3
2026-01-18,0.0,0.0,-1.5041666666666669,55.458333333333336,3
2026-01-19,0.0,0.0,-2.7291666666666665,90.125,3
2026-01-20,0.0,0.0,-9.304166666666667,37.458333333333336,3
2026-01-21,0.0,0.0,-10.954166666666666,6.291666666666667,3
2026-01-22,0.0,0.0,-11.320833333333333,0.0,3
2026-01-23,0.2,0.2,-8.491666666666667,29.041666666666668,3
2026-01-24,0.0,0.0,-7.691666666666666,0.16666666666666666,3
2026-01-25,0.0,0.0,-7.9624999999999995,48.791666666666664,3
2026-01-26,0.0,0.0,-6.675,84.375,3
2026-01-27,0.0,0.0,-5.866666666666667,20.333333333333332,3
2026-01-28,0.0,0.0,-7.795833333333333,12.458333333333334,3
2026-01-29,0.0,0.0,-7.8374999999999995,0.9166666666666666,3
2026-01-30,0.0,0.0,-8.3375,56.333333333333336,3
2026-01-31,0.0,0.0,-5.995833333333334,32.5,3
2026-02-01,0.0,0.0,-4.091666666666667,23.541666666666668,3
2026-02-02,0.4,0.0,-3.4499999999999997,27.125,3
2026-02-03,0.0,0.0,-3.983333333333333,4.875,3
2026-02-04,0.0,0.0,-0.3166666666666666,70.75,3
2026-02-05,0.0,0.0,1.3166666666666669,68.375,3
2026-02-06,0.0,0.0,-7.970833333333334,97.625,3
2026-02-07,0.0,0.0,-9.345833333333333,23.916666666666668,3
2026-02-08,0.0,0.0,-8.916666666666666,0.0,3
2026-02-09,0.0,0.0,-3.779166666666667,16.125,3
2026-02-10,0.9,0.0,0.7041666666666666,99.79166666666669,3
2026-02-11,0.0,0.0,1.0125,58.666666666666664,3
2026-02-12,0.0,0.0,0.3166666666666667,0.5833333333333334,3
2026-02-13,0.0,0.0,2.8666666666666667,20.166666666666668,3
2026-02-14,0.1,0.0,3.5708333333333333,83.33333333333333,3
2026-02-15,0.0,0.0,2.983333333333333,72.70833333333333,3
2026-02-16,0.0,0.0,-0.8958333333333334,33.708333333333336,3
2026-02-17,0.0,0.0,-1.0416666666666667,0.0,3
2026-02-18,0.0,0.0,0.32916666666666666,0.0,3
2026-02-19,0.0,0.0,-1.1375,0.0,3
2026-02-20,0.0,0.0,3.370833333333333,6.0,3
2026-02-21,0.0,0.0,7.816666666666666,12.833333333333334,3
2026-02-22,0.2,0.0,5.891666666666667,39.958333333333336,3
2026-02-23,0.0,0.0,-0.4124999999999999,70.83333333333333,3
2026-02-24,2.1,0.0,0.2291666666666666,78.04166666666667,3
2026-02-25,0.0,0.0,4.6875,0.0,3
2026-02-26,0.0,0.0,5.266666666666667,80.91666666666667,3
2026-02-27,0.6000000000000001,0.0,6.020833333333333,63.791666666666664,3
2026-02-28,0.0,0.0,5.308333333333334,0.6666666666666666,3
2026-03-01,0.0,0.0,5.470833333333334,97.91666666666667,3
2026-03-02,9.4,2.4,3.1041666666666665,100.0,3
2026-03-03,0.1,0.0,4.191666666666666,63.583333333333336,3
2026-03-04,0.0,0.0,2.2708333333333335,5.708333333333333,3
2026-03-05,0.0,0.0,2.9250000000000003,88.04166666666667,3
2026-03-06,0.0,0.0,2.6374999999999997,82.83333333333333,3
2026-03-07,0.0,0.0,-0.8875000000000001,0.0,3
2026-03-08,0.0,0.0,-0.5291666666666666,43.25,3
2026-03-09,0.0,0.0,2.3000000000000003,58.25,3
2026-03-10,0.0,0.0,1.4833333333333334,18.25,3
2026-03-11,0.0,0.0,1.9958333333333333,38.75,3
2026-03-12,0.0,0.0,4.6000000000000005,6.291666666666667,3
2026-03-13,0.0,0.0,4.354166666666667,38.208333333333336,3
2026-03-14,0.0,0.0,4.75,74.25,3
2026-03-15,0.0,0.0,5.220833333333333,80.83333333333333,3
2026-03-16,0.0,0.0,4.766666666666667,54.583333333333336,3
2026-03-17,0.0,0.0,5.766666666666667,43.833333333333336,3
2026-03-18,1.0,0.0,4.5375000000000005,99.20833333333331,3
2026-03-19,0.0,0.0,3.7541666666666664,41.791666666666664,3
2026-03-20,0.0,0.0,4.933333333333334,0.08333333333333333,3
2026-03-21,0.0,0.0,5.0,18.375,3
2026-03-22,0.0,0.0,7.570833333333333,67.41666666666667,3
2026-03-23,0.0,0.0,8.983333333333333,42.75,3
2026-03-24,0.0,0.0,8.979166666666666,97.91666666666669,3
2026-03-25,0.0,0.0,10.483333333333333,64.08333333333333,3
2026-03-26,0.0,0.0,10.895833333333334,33.5,3
2026-03-27,0.0,0.0,10.7,23.5,3
2026-03-28,0.0,0.0,11.229166666666666,14.208333333333334,3
2026-03-29,0.0,0.0,12.1625,68.33333333333333,3
2026-03-30,0.0,0.0,12.708333333333334,90.29166666666669,3
2026-03-31,0.0,0.0,13.458333333333334,84.125,3
2026-04-01,0.1,0.0,10.995833333333332,78.25,3
2026-04-02,0.0,0.0,10.616666666666667,3.875,3
2026-04-03,1.0,0.1,12.6875,92.33333333333333,3
2026-04-04,11.5,0.0,12.108333333333334,68.08333333333333,3
2026-04-05,0.2,0.0,10.329166666666667,12.666666666666666,3
2026-04-06,16.1,0.0,10.958333333333334,37.0,3
2026-04-07,0.0,0.0,8.25,2.75,3
2026-04-08,0.0,0.0,9.7375,7.041666666666667,3
2026-04-09,13.5,0.0,9.304166666666667,100.0,3
2026-04-10,0.0,0.0,10.075000000000001,67.625,3
2026-04-11,0.0,0.0,12.674999999999999,11.666666666666666,3
2026-04-12,0.0,0.0,14.966666666666667,99.04166666666667,3
2026-04-13,0.0,0.0,15.433333333333332,82.16666666666667,3
2026-04-14,0.0,0.0,16.241666666666667,85.54166666666667,3
2026-04-15,0.0,0.0,16.145833333333332,28.291666666666668,3
2026-04-16,0.0,0.0,16.162499999999998,55.208333333333336,3
2026-04-17,0.0,0.0,14.458333333333334,82.0,3
2026-04-18,0.0,0.0,15.545833333333334,0.0,3
2026-04-19,0.0,0.0,19.533333333333335,0.0416666666666666,3
2026-04-20,1.0,0.0,15.104166666666666,46.666666666666664,3
2026-04-21,4.4,0.0,12.345833333333331,21.75,3
2026-04-22,0.8,0.4,13.795833333333334,99.83333333333333,3
2026-04-23,0.4,0.0,16.175,69.66666666666667,3
2026-04-24,0.0,0.0,17.099999999999998,0.4583333333333333,3
2026-04-25,0.0,0.0,17.724999999999998,4.708333333333333,3
2026-04-26,0.0,0.0,17.150000000000002,41.375,3
2026-04-27,9.9,5.1,15.220833333333331,79.91666666666667,3
2026-04-28,0.1,0.0,13.7125,81.95833333333333,3
2026-04-29,0.0,0.0,13.883333333333333,38.791666666666664,3
2026-04-30,0.0,0.0,14.304166666666667,11.166666666666666,3
2026-05-01,0.0,0.0,15.65,12.5,3
2026-05-02,0.0,0.0,16.0625,99.58333333333331,3
2026-05-03,14.1,0.0,14.316666666666668,100.0,3
2026-05-04,0.0,0.0,13.4,21.958333333333332,3
2026-05-05,0.0,0.0,14.1,0.0,3
2026-05-06,0.0,0.0,15.933333333333332,13.125,3
2026-05-07,0.6,0.1,14.679166666666667,79.95833333333333,3
2026-05-08,0.0,0.0,15.3125,1.2083333333333333,3
2026-05-09,0.0,0.0,15.725,1.7916666666666667,3
2026-05-10,0.0,0.0,17.583333333333332,35.041666666666664,3
2026-05-11,2.8000000000000003,0.2,17.145833333333332,97.625,3
2026-05-12,0.2,0.0,19.029166666666665,58.125,3
2026-05-13,0.0,0.0,18.1875,52.375,3
2026-05-14,0.0,0.0,20.854166666666668,32.625,3
2026-05-15,0.0,0.0,22.40833333333333,0.0,3
2026-05-16,0.0,0.0,24.416666666666668,10.583333333333334,3
2026-05-17,0.0,0.0,23.391666666666666,43.541666666666664,3
2026-05-18,0.0,0.0,22.95,75.83333333333333,3
2026-05-19,0.0,0.0,22.78333333333333,100.0,3
2026-05-20,5.6,1.3,20.900000000000002,100.0,3
2026-05-21,2.1,0.0,18.820833333333333,51.833333333333336,3
2026-05-22,0.0,0.0,18.458333333333332,35.041666666666664,3
2026-05-23,0.1,0.0,17.400000000000002,46.875,3
2026-05-24,0.0,0.0,19.879166666666666,72.95833333333333,3
2026-05-25,0.0,0.0,22.258333333333336,63.833333333333336,3
2026-05-26,114.1,34.1,20.858333333333334,99.70833333333333,3
2026-05-27,2.7,0.0,22.625,81.83333333333333,3
2026-05-28,2.0,0.0,21.7875,48.958333333333336,3
2026-05-29,0.0,0.0,21.308333333333334,0.125,3
2026-05-30,0.0,0.0,20.375,0.0833333333333333,3
2026-05-31,0.0,0.0,21.429166666666664,16.916666666666668,3
2026-06-01,0.0,0.0,21.125,96.20833333333333,3
2026-06-02,0.0,0.0,24.15,12.708333333333334,3
2026-06-03,0.0,0.0,25.5625,87.75,3
2026-06-04,8.7,0.2,23.9625,56.666666666666664,3
2026-06-05,1.2,0.0,21.954166666666666,36.708333333333336,3
2026-06-06,0.4,0.0,22.162499999999998,54.875,3
2026-06-07,0.8,0.0,21.295833333333334,90.08333333333331,3
2026-06-08,0.0,0.0,21.34166666666667,21.583333333333332,3
2026-06-09,0.0,0.0,21.329166666666666,8.666666666666666,3
2026-06-10,0.30000000000000004,0.0,21.420833333333334,36.375,3
2026-06-11,1.4000000000000001,0.30000000000000004,21.1375,47.5,3
2026-06-12,0.1,0.0,21.90416666666667,11.791666666666666,3
2026-06-13,0.0,0.0,23.3125,64.125,3
2026-06-14,0.5,0.2,25.3125,64.45833333333333,3
2026-06-15,0.6,0.1,26.483333333333334,14.166666666666666,3
2026-06-16,0.1,0.0,27.6125,32.208333333333336,3
2026-06-17,0.0,0.0,27.504166666666663,34.375,3
2026-06-18,0.1,0.0,27.225,16.041666666666668,3
2026-06-19,1.0,0.0,26.837500000000002,83.16666666666667,3
2026-06-20,12.6,0.0,22.84583333333333,87.75,3
2026-06-21,0.0,0.0,23.3,73.91666666666667,3
2026-06-22,0.0,0.0,24.05,80.20833333333333,3
2026-06-23,0.0,0.0,23.508333333333336,46.625,3
2026-06-24,0.0,0.0,22.125,43.166666666666664,3
2026-06-25,2.3,1.5,21.733333333333334,54.625,3
2026-06-26,0.0,0.0,22.766666666666666,14.541666666666666,3
2026-06-27,0.0,0.0,23.866666666666664,63.083333333333336,3
2026-06-28,1.8,0.6,26.020833333333332,27.416666666666668,3
2026-06-29,0.6000000000000001,0.0,26.629166666666666,44.958333333333336,3
2026-06-30,0.4,0.0,26.504166666666666,60.375,3
2026-07-01,0.39999999999999997,0.39999999999999997,28.145833333333332,83.33333333333333,3
2026-07-02,0.30000000000000004,0.0,26.679166666666664,53.916666666666664,3
2026-07-03,0.8,0.0,25.795833333333334,71.5,3
2026-07-04,1.2,0.0,26.84166666666667,90.70833333333331,3
2026-07-05,8.0,5.6,26.1125,87.0,3
2026-07-06,16.8,3.4000000000000004,25.295833333333334,91.83333333333333,3
2026-07-07,9.7,1.4,24.77916666666667,95.16666666666669,3
2026-07-08,16.9,1.3,25.004166666666663,97.625,3
2026-07-09,13.2,0.8,24.125,91.04166666666669,3
2026-07-10,11.0,0.1,25.6375,94.66666666666669,3
2026-07-11,0.4,0.0,27.22083333333333,97.625,3
2026-07-12,0.4,0.0,28.245833333333337,89.33333333333333,3
2026-07-13,0.9,0.30000000000000004,29.025000000000002,35.791666666666664,3
2026-07-14,44.9,17.4,26.625,91.625,3
2026-07-15,17.5,0.0,25.045833333333334,85.375,3
2026-07-16,0.0,0.0,25.629166666666663,55.791666666666664,3
2026-07-17,0.1,0.0,26.625,82.625,3
2026-07-18,10.8,6.300000000000001,24.775,99.66666666666669,3
2026-07-19,2.8,0.0,25.4125,89.41666666666667,3
2026-07-20,12.2,1.7,24.045833333333334,96.875,3
2026-07-21,50.2,1.4,25.4625,98.66666666666669,3
2026-07-22,43.7,1.2,24.84583333333333,96.83333333333331,3
2026-07-23,48.4,11.4,24.15416666666667,100.0,3
2026-07-24,11.3,0.1,26.900000000000002,77.08333333333333,3
2026-07-25,1.5,0.2,26.837500000000002,89.41666666666667,3
2026-07-26,8.6,0.2,26.5375,91.25,3
2026-07-27,2.4,0.0,27.045833333333334,86.04166666666667,3
2026-07-28,1.3,0.0,27.116666666666664,63.166666666666664,3
2026-07-29,0.1,0.0,26.84166666666667,63.25,3
2026-07-30,1.0,0.0,26.90416666666667,63.5,3
2026-07-31,0.6000000000000001,0.0,27.570833333333336,63.791666666666664,3
2026-08-01,1.8,0.0,28.566666666666666,76.95833333333333,3
2026-08-02,0.30000000000000004,0.0,29.25,55.25,3
2026-08-03,4.3,0.6,30.379166666666666,48.625,3
2026-08-04,0.4,0.0,31.679166666666664,35.25,3
2026-08-05,2.8,0.9,31.27916666666667,24.166666666666668,3
2026-08-06,0.0,0.0,32.15,7.708333333333333,3
2026-08-07,0.0,0.0,33.0375,4.833333333333333,3
2026-08-08,3.9,0.1,30.320833333333336,20.5,3
2026-08-09,0.0,0.0,26.920833333333334,14.375,3
2026-08-10,0.0,0.0,26.7625,93.41666666666669,3
2026-08-11,0.0,0.0,26.458333333333332,58.5,3
2026-08-12,0.0,0.0,25.9875,18.375,3
2026-08-13,1.0,0.3,28.0125,56.875,3
2026-08-14,0.0,0.0,28.316666666666663,67.08333333333333,3
2026-08-15,0.4,0.0,27.854166666666668,94.33333333333331,3
2026-08-16,4.0,0.0,25.979166666666668,82.66666666666667,3
2026-08-17,7.1000000000000005,0.1,26.05,67.54166666666667,3
2026-08-18,0.7000000000000001,0.0,26.333333333333332,45.458333333333336,3
2026-08-19,0.9,0.0,26.412499999999998,89.70833333333333,3
2026-08-20,0.1,0.0,26.474999999999998,84.41666666666667,3
2026-08-21,7.5,3.5,25.708333333333332,83.79166666666667,3
2026-08-22,6.7,0.0,27.304166666666664,98.83333333333333,3
2026-08-23,0.0,0.0,28.425,80.375,3
2026-08-24,1.9,1.5,27.133333333333336,84.33333333333333,3
2026-08-25,2.2,0.0,27.05,77.875,3
2026-08-26,6.9,0.9,25.516666666666666,95.875,3
2026-08-27,1.8,0.1,26.4625,85.04166666666667,3
2026-08-28,1.1,0.2,26.15416666666667,97.125,3
2026-08-29,4.4,0.0,26.0625,61.75,3
2023-06-01,,,22.670833333333334,,4
2023-06-02,,,23.820833333333336,,4
2023-06-03,,,24.141666666666666,,4
2023-06-04,,,24.224999999999998,,4
2023-06-05,,,22.729166666666668,,4
2023-06-06,,,20.320833333333333,,4
2023-06-07,,,22.133333333333336,,4
2023-06-08,,,24.15833333333333,,4
2023-06-09,,,21.291666666666668,,4
2023-06-10,,,22.045833333333334,,4
2023-06-11,,,21.59583333333333,,4
2023-06-12,,,21.733333333333334,,4
2023-06-13,,,22.537499999999998,,4
2023-06-14,,,23.579166666666666,,4
2023-06-15,,,24.254166666666666,,4
2023-06-16,,,25.120833333333334,,4
2023-06-17,,,26.258333333333336,,4
2023-06-18,,,27.604166666666668,,4
2023-06-19,,,28.8875,,4
2023-06-20,,,27.241666666666664,,4
2023-06-21,,,25.041666666666668,,4
2023-06-22,,,22.745833333333334,,4
2023-06-23,,,25.712500000000002,,4
2023-06-24,,,26.770833333333332,,4
2023-06-25,,,27.804166666666664,,4
2023-06-26,,,25.495833333333334,,4
2023-06-27,,,23.491666666666664,,4
2023-06-28,,,25.429166666666664,,4
2023-06-29,,,23.4875,,4
2023-06-30,,,25.416666666666668,,4
2023-07-01,,,27.75,,4
2023-07-02,,,27.554166666666664,,4
2023-07-03,,,30.004166666666666,,4
2023-07-04,,,28.5125,,4
2023-07-05,,,26.054166666666664,,4
2023-07-06,,,27.4875,,4
2023-07-07,,,28.1125,,4
2023-07-08,,,24.870833333333334,,4
2023-07-09,,,27.09583333333333,,4
2023-07-10,,,26.8,,4
2023-07-11,,,24.6875,,4
2023-07-12,,,25.7,,4
2023-07-13,,,25.629166666666666,,4
2023-07-14,,,23.8125,,4
2023-07-15,,,25.829166666666666,,4
2023-07-16,,,25.2,,4
2023-07-17,,,24.683333333333334,,4
2023-07-18,,,24.2,,4
2023-07-19,,,27.258333333333336,,4
2023-07-20,,,28.870833333333334,,4
2023-07-21,,,29.566666666666666,,4
2023-07-22,,,29.045833333333334,,4
2023-07-23,,,25.7625,,4
2023-07-24,,,25.025000000000002,,4
2023-07-25,,,25.349999999999998,,4
2023-07-26,,,28.270833333333332,,4
2023-07-27,,,28.520833333333332,,4
2023-07-28,,,27.97083333333333,,4
2023-07-29,,,28.2,,4
2023-07-30,,,29.212500000000002,,4
2023-07-31,,,31.129166666666666,,4
2023-08-01,,,31.695833333333336,,4
2023-08-02,,,31.520833333333332,,4
2023-08-03,,,30.554166666666664,,4
2023-08-04,,,31.45,,4
2023-08-05,,,32.045833333333334,,4
2023-08-06,,,30.825,,4
2023-08-07,,,27.900000000000002,,4
2023-08-08,,,26.704166666666666,,4
2023-08-09,,,27.691666666666666,,4
2023-08-10,,,22.775000000000002,,4
2023-08-11,,,24.208333333333332,,4
2023-08-12,,,24.0,,4
2023-08-13,,,25.65833333333333,,4
2023-08-14,,,27.03333333333333,,4
2023-08-15,,,27.28333333333333,,4
2023-08-16,,,26.71666666666667,,4
2023-08-17,,,27.78333333333333,,4
2023-08-18,,,28.675,,4
2023-08-19,,,28.733333333333334,,4
2023-08-20,,,29.116666666666664,,4
2023-08-21,,,29.15416666666667,,4
2023-08-22,,,25.741666666666664,,4
2023-08-23,,,24.295833333333334,,4
2023-08-24,,,23.625,,4
2023-08-25,,,25.150000000000002,,4
2023-08-26,,,26.425,,4
2023-08-27,,,26.245833333333334,,4
2023-08-28,,,20.75,,4
2023-08-29,,,22.09583333333333,,4
2023-08-30,,,23.3,,4
2023-08-31,,,23.483333333333334,,4
2023-09-01,,,24.395833333333332,,4
2023-09-02,,,25.775000000000002,,4
2023-09-03,,,23.7,,4
2023-09-04,,,24.333333333333332,,4
2023-09-05,,,25.7375,,4
2023-09-06,,,25.554166666666664,,4
2023-09-07,,,25.34583333333333,,4
2023-09-08,,,26.016666666666666,,4
2023-09-09,,,26.958333333333332,,4
2023-09-10,,,25.2625,,4
2023-09-11,,,25.954166666666666,,4
2023-09-12,,,25.808333333333334,,4
2023-09-13,,,22.304166666666664,,4
2023-09-14,,,21.0125,,4
2023-09-15,,,22.254166666666666,,4
2023-09-16,,,21.666666666666668,,4
2023-09-17,,,21.34166666666667,,4
2023-09-18,,,23.854166666666668,,4
2023-09-19,,,23.84583333333333,,4
2023-09-20,,,22.516666666666666,,4
2023-09-21,,,19.170833333333334,,4
2023-09-22,,,21.425,,4
2023-09-23,,,21.6875,,4
2023-09-24,,,22.054166666666664,,4
2023-09-25,,,19.991666666666667,,4
2023-09-26,,,18.8,,4
2023-09-27,,,20.270833333333332,,4
2023-09-28,,,23.083333333333332,,4
2023-09-29,,,22.28333333333333,,4
2023-09-30,,,21.608333333333334,,4
2023-10-01,,,19.195833333333333,,4
2023-10-02,,,19.658333333333335,,4
2023-10-03,,,19.979166666666668,,4
2023-10-04,,,19.066666666666666,,4
2023-10-05,,,15.666666666666666,,4
2023-10-06,,,16.929166666666667,,4
2023-10-07,,,17.412499999999998,,4
2023-10-08,,,18.733333333333334,,4
2023-10-09,,,18.404166666666665,,4
2023-10-10,,,18.745833333333334,,4
2023-10-11,,,18.7375,,4
2023-10-12,,,19.5625,,4
2023-10-13,,,19.645833333333332,,4
2023-10-14,,,18.349999999999998,,4
2023-10-15,,,17.479166666666668,,4
2023-10-16,,,16.204166666666666,,4
2023-10-17,,,16.45,,4
2023-10-18,,,17.483333333333334,,4
2023-10-19,,,16.483333333333334,,4
2023-10-20,,,13.420833333333334,,4
2023-10-21,,,13.395833333333334,,4
2023-10-22,,,15.9,,4
2023-10-23,,,17.25,,4
2023-10-24,,,16.89166666666667,,4
2023-10-25,,,17.041666666666668,,4
2023-10-26,,,17.625,,4
2023-10-27,,,17.3,,4
2023-10-28,,,16.304166666666667,,4
2023-10-29,,,16.075,,4
2023-10-30,,,16.3125,,4
2023-10-31,,,17.070833333333333,,4
2023-11-01,,,17.9375,,4
2023-11-02,,,19.358333333333334,,4
2023-11-03,,,18.820833333333333,,4
2023-11-04,,,18.104166666666668,,4
2023-11-05,,,14.866666666666667,,4
2023-11-06,,,14.495833333333332,,4
2023-11-07,,,7.458333333333333,,4
2023-11-08,,,10.625,,4
2023-11-09,,,12.862499999999999,,4
2023-11-10,,,9.025,,4
2023-11-11,,,5.383333333333333,,4
2023-11-12,,,4.004166666666666,,4
2023-11-13,,,4.083333333333333,,4
2023-11-14,,,6.916666666666667,,4
2023-11-15,,,8.924999999999999,,4
2023-11-16,,,8.629166666666666,,4
2023-11-17,,,3.7458333333333336,,4
2023-11-18,,,2.0749999999999997,,4
2023-11-19,,,8.7125,,4
2023-11-20,,,7.204166666666667,,4
2023-11-21,,,8.954166666666667,,4
2023-11-22,,,10.137500000000001,,4
2023-11-23,,,9.9625,,4
2023-11-24,,,-0.9500000000000001,,4
2023-11-25,,,-0.44166666666666665,,4
2023-11-26,,,4.433333333333334,,4
2023-11-27,,,6.625,,4
2023-11-28,,,0.07083333333333335,,4
2023-11-29,,,-1.5833333333333333,,4
2023-11-30,,,-1.8458333333333332,,4
2023-12-01,,,-0.07916666666666668,,4
2023-12-02,,,2.504166666666667,,4
2023-12-03,,,4.045833333333333,,4
2023-12-04,,,4.645833333333333,,4
2023-12-05,,,6.379166666666666,,4
2023-12-06,,,6.920833333333333,,4
2023-12-07,,,6.670833333333333,,4
2023-12-08,,,9.825000000000001,,4
2023-12-09,,,12.233333333333334,,4
2023-12-10,,,9.795833333333333,,4
2023-12-11,,,10.0625,,4
2023-12-12,,,8.0875,,4
2023-12-13,,,7.079166666666667,,4
2023-12-14,,,7.566666666666666,,4
2023-12-15,,,4.970833333333333,,4
2023-12-16,,,-1.3166666666666667,,4
2023-12-17,,,-7.033333333333334,,4
2023-12-18,,,-5.179166666666666,,4
2023-12-19,,,-1.6875,,4
2023-12-20,,,-5.575,,4
2023-12-21,,,-9.533333333333333,,4
2023-12-22,,,-8.483333333333333,,4
2023-12-23,,,-4.3500000000000005,,4
2023-12-24,,,-1.7541666666666667,,4
2023-12-25,,,-1.6375,,4
2023-12-26,,,-0.26666666666666666,,4
2023-12-27,,,-0.33749999999999997,,4
2023-12-28,,,0.5125000000000001,,4
2023-12-29,,,0.31249999999999994,,4
2023-12-30,,,0.15555555555555556,,4
2023-12-31,,,,,4
2024-01-01,,,,,4
2024-01-02,,,,,4
2024-01-03,,,,,4
2024-01-04,,,,,4
2024-01-05,,,,,4
2024-01-06,,,,,4
2024-01-07,,,,,4
2024-01-08,,,,,4
2024-01-09,,,,,4
2024-01-10,,,,,4
2024-01-11,,,,,4
2024-01-12,,,,,4
2024-01-13,,,,,4
2024-01-14,,,,,4
2024-01-15,,,,,4
2024-01-16,,,,,4
2024-01-17,,,,,4
2024-01-18,,,,,4
2024-01-19,,,,,4
2024-01-20,,,,,4
2024-01-21,,,,,4
2024-01-22,0.0,0.0,-13.066666666666668,51.666666666666664,4
2024-01-23,0.0,0.0,-13.491666666666667,43.75,4
2024-01-24,0.0,0.0,-9.941666666666666,0.4166666666666667,4
2024-01-25,0.0,0.0,-7.670833333333333,3.6666666666666665,4
2024-01-26,0.0,0.0,-3.8166666666666664,34.375,4
2024-01-27,0.0,0.0,-1.575,42.541666666666664,4
2024-01-28,0.0,0.0,-2.4541666666666666,15.333333333333334,4
2024-01-29,0.0,0.0,-1.8291666666666666,18.083333333333332,4
2024-01-30,0.0,0.0,-0.7833333333333333,51.25,4
2024-01-31,0.0,0.0,3.0416666666666665,73.625,4
2024-02-01,0.0,0.0,1.9958333333333333,95.125,4
2024-02-02,0.0,0.0,2.1166666666666667,84.20833333333333,4
2024-02-03,0.0,0.0,2.2291666666666665,96.95833333333333,4
2024-02-04,0.4,0.0,4.491666666666666,99.33333333333333,4
2024-02-05,7.5,1.8,2.7875,99.29166666666667,4
2024-02-06,1.0,0.0,0.525,84.625,4
2024-02-07,0.0,0.0,-0.7625000000000001,38.583333333333336,4
2024-02-08,0.0,0.0,-0.37916666666666665,22.666666666666668,4
2024-02-09,0.0,0.0,-0.3375000000000001,21.833333333333332,4
2024-02-10,0.0,0.0,0.37916666666666665,41.5,4
2024-02-11,0.2,0.0,0.7208333333333333,40.25,4
2024-02-12,0.0,0.0,1.5333333333333332,18.75,4
2024-02-13,0.0,0.0,5.679166666666667,64.5,4
2024-02-14,0.30000000000000004,0.0,9.308333333333334,88.91666666666667,4
2024-02-15,4.6,0.0,6.3500000000000005,78.20833333333333,4
2024-02-16,0.0,0.0,0.35000000000000003,4.208333333333333,4
2024-02-17,0.0,0.0,2.1708333333333334,17.791666666666668,4
2024-02-18,10.100000000000001,1.7,7.7124999999999995,59.166666666666664,4
2024-02-19,17.6,0.0,10.820833333333333,100.0,4
2024-02-20,6.2,1.2,4.854166666666667,99.875,4
2024-02-21,63.5,17.0,1.5541666666666665,100.0,4
2024-02-22,13.4,0.0,1.4791666666666667,98.54166666666667,4
2024-02-23,0.7,0.0,1.5208333333333333,95.79166666666667,4
2024-02-24,0.7,0.1,1.675,98.33333333333333,4
2024-02-25,2.7,0.0,2.841666666666667,81.66666666666667,4
2024-02-26,0.0,0.0,2.6166666666666667,56.208333333333336,4
2024-02-27,0.0,0.0,3.1208333333333336,87.20833333333333,4
2024-02-28,0.0,0.0,5.116666666666666,93.83333333333333,4
2024-02-29,0.4,0.0,5.016666666666667,99.75,4
2024-03-01,0.0,0.0,-3.6041666666666665,8.916666666666666,4
2024-03-02,0.9,0.2,-1.7416666666666665,49.958333333333336,4
2024-03-03,0.6000000000000001,0.0,3.920833333333333,50.625,4
2024-03-04,0.0,0.0,3.654166666666667,51.666666666666664,4
2024-03-05,0.6000000000000001,0.0,5.879166666666666,97.20833333333333,4
2024-03-06,0.0,0.0,4.916666666666667,73.45833333333333,4
2024-03-07,0.0,0.0,4.208333333333333,74.29166666666667,4
2024-03-08,0.0,0.0,1.758333333333333,63.75,4
2024-03-09,0.0,0.0,0.7250000000000001,0.0,4
2024-03-10,0.0,0.0,2.45,6.291666666666667,4
2024-03-11,0.0,0.0,4.0249999999999995,93.29166666666667,4
2024-03-12,6.6,1.5,5.033333333333333,91.125,4
2024-03-13,0.0,0.0,4.6499999999999995,32.583333333333336,4
2024-03-14,0.0,0.0,4.995833333333333,7.958333333333333,4
2024-03-15,0.0,0.0,6.879166666666666,23.708333333333332,4
2024-03-16,0.0,0.0,9.020833333333334,61.583333333333336,4
2024-03-17,0.30000000000000004,0.0,8.029166666666667,89.125,4
2024-03-18,0.0,0.0,4.858333333333333,30.125,4
2024-03-19,3.1,0.9,5.608333333333333,85.04166666666667,4
2024-03-20,0.0,0.0,4.629166666666666,19.583333333333332,4
2024-03-21,0.0,0.0,4.158333333333333,7.541666666666667,4
2024-03-22,8.3,2.7,6.558333333333334,66.79166666666667,4
2024-03-23,6.7,0.0,11.620833333333332,81.45833333333333,4
2024-03-24,0.0,0.0,12.070833333333333,17.875,4
2024-03-25,5.4,3.0,10.5875,94.125,4
2024-03-26,20.1,0.0,8.195833333333333,73.95833333333333,4
2024-03-27,0.2,0.0,8.983333333333333,74.625,4
2024-03-28,0.8,0.5,10.387500000000001,93.25,4
2024-03-29,0.0,0.0,8.529166666666667,24.916666666666668,4
2024-03-30,0.0,0.0,7.016666666666667,39.25,4
2024-03-31,0.0,0.0,8.6875,56.833333333333336,4
2024-04-01,0.0,0.0,9.908333333333333,7.458333333333333,4
2024-04-02,0.0,0.0,10.5875,47.958333333333336,4
2024-04-03,11.5,4.800000000000001,11.720833333333333,89.25,4
2024-04-04,0.0,0.0,11.545833333333334,78.66666666666667,4
2024-04-05,0.0,0.0,11.183333333333332,52.041666666666664,4
2024-04-06,0.0,0.0,10.991666666666667,66.83333333333333,4
2024-04-07,0.0,0.0,13.370833333333332,6.333333333333333,4
2024-04-08,0.0,0.0,15.120833333333332,55.791666666666664,4
2024-04-09,0.0,0.0,14.1875,14.833333333333334,4
2024-04-10,0.0,0.0,13.791666666666666,93.375,4
2024-04-11,0.7000000000000001,0.0,13.15,64.33333333333333,4
2024-04-12,0.0,0.0,14.395833333333334,59.958333333333336,4
2024-04-13,0.0,0.0,16.908333333333335,6.25,4
2024-04-14,0.0,0.0,19.233333333333334,86.45833333333333,4
2024-04-15,4.5,0.0,15.079166666666666,98.375,4
2024-04-16,0.0,0.0,13.966666666666667,40.708333333333336,4
2024-04-17,0.0,0.0,15.916666666666666,45.208333333333336,4
2024-04-18,0.0,0.0,17.404166666666665,14.916666666666666,4
2024-04-19,0.0,0.0,16.933333333333334,66.29166666666667,4
2024-04-20,8.2,3.0,15.108333333333334,100.0,4
2024-04-21,1.5,0.0,14.9375,62.708333333333336,4
2024-04-22,0.0,0.0,16.925,84.375,4
2024-04-23,0.0,0.0,16.933333333333334,98.66666666666667,4
2024-04-24,8.2,0.0,14.133333333333333,86.04166666666667,4
2024-04-25,0.0,0.0,14.595833333333333,54.833333333333336,4
2024-04-26,0.0,0.0,16.595833333333335,30.916666666666668,4
2024-04-27,0.0,0.0,19.179166666666667,6.75,4
2024-04-28,0.0,0.0,20.037499999999998,97.375,4
2024-04-29,2.7,0.0,17.683333333333334,90.95833333333333,4
2024-04-30,0.0,0.0,17.645833333333332,83.5,4
2024-05-01,0.0,0.0,16.929166666666667,67.75,4
2024-05-02,0.0,0.0,16.962500000000002,17.375,4
2024-05-03,0.0,0.0,17.162499999999998,2.75,4
2024-05-04,0.0,0.0,19.375,55.583333333333336,4
2024-05-05,26.599999999999998,7.8999999999999995,17.8125,100.0,4
2024-05-06,24.2,0.1,14.9375,99.91666666666667,4
2024-05-07,2.2,0.1,14.683333333333332,99.20833333333333,4
2024-05-08,0.9,0.0,15.041666666666666,62.041666666666664,4
2024-05-09,0.0,0.0,14.445833333333333,35.083333333333336,4
2024-05-10,0.0,0.0,15.5375,33.083333333333336,4
2024-05-11,26.0,18.0,16.425,91.79166666666667,4
2024-05-12,1.0,0.0,17.541666666666668,63.708333333333336,4
2024-05-13,0.0,0.0,16.429166666666667,11.375,4
2024-05-14,0.0,0.0,16.5,4.166666666666667,4
2024-05-15,5.4,1.1,13.566666666666668,58.083333333333336,4
2024-05-16,0.0,0.0,13.833333333333334,57.416666666666664,4
2024-05-17,5.2,1.7,15.487499999999999,67.95833333333333,4
2024-05-18,0.0,0.0,18.104166666666668,48.0,4
2024-05-19,0.0,0.0,19.349999999999998,28.583333333333332,4
2024-05-20,0.2,0.0,18.441666666666666,79.16666666666667,4
2024-05-21,0.0,0.0,19.833333333333332,74.83333333333333,4
2024-05-22,0.0,0.0,19.920833333333334,17.625,4
2024-05-23,0.0,0.0,19.095833333333335,2.5833333333333335,4
2024-05-24,0.0,0.0,18.983333333333334,80.125,4
2024-05-25,0.0,0.0,20.4875,95.54166666666667,4
2024-05-26,24.9,9.1,20.55,99.75,4
2024-05-27,8.8,0.0,18.316666666666666,97.08333333333333,4
2024-05-28,0.4,0.0,17.474999999999998,66.75,4
2024-05-29,0.0,0.0,19.466666666666665,37.333333333333336,4
2024-05-30,0.0,0.0,19.416666666666668,92.54166666666667,4
2024-05-31,0.0,0.0,19.654166666666665,67.45833333333333,4
2024-06-01,0.0,0.0,19.883333333333333,77.04166666666667,4
2024-06-02,0.0,0.0,19.658333333333335,42.708333333333336,4
2024-06-03,0.0,0.0,19.849999999999998,28.583333333333332,4
2024-06-04,0.0,0.0,20.804166666666667,16.75,4
2024-06-05,0.0,0.0,22.5625,61.083333333333336,4
2024-06-06,0.0,0.0,23.59583333333333,46.333333333333336,4
2024-06-07,0.0,0.0,21.96666666666667,27.583333333333332,4
2024-06-08,0.0,0.0,20.720833333333335,89.08333333333333,4
2024-06-09,0.0,0.0,20.9375,51.458333333333336,4
2024-06-10,0.0,0.0,22.233333333333334,33.125,4
2024-06-11,0.0,0.0,23.53333333333333,39.375,4
2024-06-12,0.0,0.0,23.820833333333336,21.875,4
2024-06-13,0.0,0.0,24.84166666666667,20.041666666666668,4
2024-06-14,0.0,0.0,25.75,5.083333333333333,4
2024-06-15,0.0,0.0,24.695833333333336,92.625,4
2024-06-16,0.2,0.0,23.295833333333334,62.0,4
2024-06-17,0.0,0.0,23.09166666666667,1.75,4
2024-06-18,0.0,0.0,25.770833333333332,9.791666666666666,4
2024-06-19,0.0,0.0,26.8625,39.958333333333336,4
2024-06-20,0.0,0.0,28.745833333333334,53.041666666666664,4
2024-06-21,0.0,0.0,26.587500000000002,69.04166666666667,4
2024-06-22,0.1,0.0,25.320833333333336,96.45833333333333,4
2024-06-23,0.0,0.0,24.641666666666666,98.08333333333333,4
2024-06-24,3.4,0.1,23.445833333333336,98.83333333333333,4
2024-06-25,0.0,0.0,22.525000000000002,93.41666666666667,4
2024-06-26,0.0,0.0,22.766666666666666,45.083333333333336,4
2024-06-27,0.0,0.0,24.445833333333336,61.125,4
2024-06-28,0.0,0.0,26.395833333333332,55.666666666666664,4
2024-06-29,7.6,0.8,24.787499999999998,87.375,4
2024-06-30,29.2,0.0,23.837500000000002,91.875,4
2024-07-01,0.0,0.0,24.75,99.375,4
2024-07-02,21.8,1.9000000000000001,23.270833333333332,99.75,4
2024-07-03,3.8000000000000003,0.0,23.420833333333334,100.0,4
2024-07-04,65.6,34.7,22.566666666666666,97.91666666666667,4
2024-07-05,18.2,0.0,24.325,90.41666666666667,4
2024-07-06,16.6,4.3,24.866666666666664,98.29166666666667,4
2024-07-07,6.1,0.6000000000000001,25.458333333333332,82.625,4
2024-07-08,50.4,2.6999999999999997,24.75,100.0,4
2024-07-09,96.0,15.2,23.587500000000002,99.54166666666667,4
2024-07-10,0.1,0.0,24.020833333333332,87.5,4
2024-07-11,0.30000000000000004,0.1,24.675,79.83333333333333,4
2024-07-12,0.0,0.0,25.458333333333332,72.83333333333333,4
2024-07-13,0.30000000000000004,0.0,26.545833333333334,51.166666666666664,4
2024-07-14,0.0,0.0,26.78333333333333,68.375,4
2024-07-15,0.0,0.0,26.670833333333334,88.08333333333333,4
2024-07-16,35.1,7.5,24.708333333333332,99.0,4
2024-07-17,52.7,5.9,24.633333333333336,99.91666666666667,4
2024-07-18,117.0,18.400000000000002,24.545833333333334,100.0,4
2024-07-19,0.2,0.0,26.8875,99.66666666666667,4
2024-07-20,22.7,1.4,24.795833333333334,98.08333333333333,4
2024-07-21,46.9,0.3,26.075,89.29166666666667,4
2024-07-22,56.6,0.0,26.141666666666666,99.20833333333333,4
2024-07-23,22.8,2.6,25.849999999999998,96.25,4
2024-07-24,10.1,0.0,27.141666666666666,96.75,4
2024-07-25,3.0,1.2000000000000002,28.9375,89.66666666666667,4
2024-07-26,33.7,13.8,28.7375,97.125,4
2024-07-27,26.1,8.0,28.041666666666668,99.70833333333333,4
2024-07-28,0.4,0.0,29.05,92.08333333333333,4
2024-07-29,0.0,0.0,28.145833333333332,87.375,4
2024-07-30,0.7000000000000001,0.0,27.983333333333334,77.45833333333333,4
2024-07-31,0.0,0.0,28.504166666666666,66.54166666666667,4
2024-08-01,0.0,0.0,28.483333333333334,70.29166666666667,4
2024-08-02,0.0,0.0,28.52916666666667,75.20833333333333,4
2024-08-03,0.0,0.0,28.84583333333333,54.083333333333336,4
2024-08-04,0.30000000000000004,0.1,28.854166666666668,66.95833333333333,4
2024-08-05,2.8000000000000003,0.0,29.145833333333332,84.54166666666667,4
2024-08-06,0.0,0.0,29.329166666666666,55.416666666666664,4
2024-08-07,0.2,0.0,29.366666666666664,71.33333333333333,4
2024-08-08,6.8,0.0,27.079166666666666,90.20833333333333,4
2024-08-09,0.0,0.0,28.545833333333334,75.125,4
2024-08-10,0.0,0.0,28.991666666666664,90.79166666666667,4
2024-08-11,0.0,0.0,28.7625,62.75,4
2024-08-12,0.0,0.0,28.7,58.375,4
2024-08-13,1.5,0.4,29.5,67.29166666666667,4
2024-08-14,10.1,5.7,29.40833333333333,69.5,4
2024-08-15,28.8,10.3,27.875,93.75,4
2024-08-16,9.3,0.3,27.6375,100.0,4
2024-08-17,0.6000000000000001,0.30000000000000004,29.15833333333333,64.33333333333333,4
2024-08-18,0.9,0.4,28.34166666666667,62.208333333333336,4
2024-08-19,0.0,0.0,29.025000000000002,69.08333333333333,4
2024-08-20,0.2,0.0,30.287499999999998,62.75,4
2024-08-21,26.8,2.8000000000000003,29.141666666666666,97.45833333333333,4
2024-08-22,12.700000000000001,0.1,27.491666666666664,91.16666666666667,4
2024-08-23,0.2,0.0,27.96666666666667,63.666666666666664,4
2024-08-24,0.0,0.0,27.608333333333334,63.083333333333336,4
2024-08-25,0.0,0.0,27.775000000000002,64.58333333333333,4
2024-08-26,0.0,0.0,26.8875,78.41666666666667,4
2024-08-27,0.0,0.0,26.837500000000002,69.66666666666667,4
2024-08-28,0.0,0.0,26.433333333333334,35.916666666666664,4
2024-08-29,0.0,0.0,24.791666666666668,8.125,4
2024-08-30,0.0,0.0,26.875,25.666666666666668,4
2024-08-31,0.0,0.0,26.233333333333334,34.708333333333336,4
2024-09-01,0.0,0.0,25.320833333333336,88.08333333333333,4
2024-09-02,4.5,0.0,25.566666666666666,76.20833333333333,4
2024-09-03,0.0,0.0,25.045833333333334,62.25,4
2024-09-04,0.0,0.0,26.4875,46.625,4
2024-09-05,0.0,0.0,25.8625,83.25,4
2024-09-06,0.0,0.0,25.433333333333334,91.20833333333333,4
2024-09-07,0.0,0.0,25.941666666666666,57.208333333333336,4
2024-09-08,0.0,0.0,25.537499999999998,56.208333333333336,4
2024-09-09,0.0,0.0,26.745833333333334,43.208333333333336,4
2024-09-10,0.0,0.0,27.59166666666667,34.166666666666664,4
2024-09-11,0.0,0.0,28.63333333333333,16.541666666666668,4
2024-09-12,6.5,1.3,26.641666666666666,95.04166666666667,4
2024-09-13,2.0,0.2,25.479166666666668,95.70833333333333,4
2024-09-14,4.0,0.3,25.474999999999998,96.625,4
2024-09-15,0.2,0.0,25.954166666666666,86.25,4
2024-09-16,0.0,0.0,26.34583333333333,72.70833333333333,4
2024-09-17,6.7,1.1,26.066666666666666,71.16666666666667,4
2024-09-18,0.6000000000000001,0.2,27.625,60.375,4
2024-09-19,0.5,0.1,27.641666666666666,61.166666666666664,4
2024-09-20,20.9,6.1,25.525000000000002,88.95833333333333,4
2024-09-21,40.5,0.0,21.033333333333335,99.875,4
2024-09-22,0.0,0.0,20.595833333333335,78.95833333333333,4
2024-09-23,0.0,0.0,19.316666666666666,22.166666666666668,4
2024-09-24,0.0,0.0,19.954166666666666,75.0,4
2024-09-25,0.0,0.0,21.075,51.791666666666664,4
2024-09-26,0.0,0.0,21.929166666666664,65.41666666666667,4
2024-09-27,0.0,0.0,20.479166666666668,50.416666666666664,4
2024-09-28,0.0,0.0,21.454166666666666,43.833333333333336,4
2024-09-29,0.0,0.0,21.445833333333336,49.458333333333336,4
2024-09-30,0.0,0.0,20.787499999999998,60.083333333333336,4
2024-10-01,1.8,0.0,17.145833333333332,88.33333333333333,4
2024-10-02,0.0,0.0,14.129166666666668,66.29166666666667,4
2024-10-03,1.3,0.1,15.208333333333334,81.45833333333333,4
2024-10-04,0.0,0.0,15.279166666666667,31.166666666666668,4
2024-10-05,0.0,0.0,16.820833333333333,74.20833333333333,4
2024-10-06,0.0,0.0,17.658333333333335,93.04166666666667,4
2024-10-07,2.5,0.0,16.679166666666667,90.54166666666667,4
2024-10-08,0.0,0.0,17.204166666666666,65.79166666666667,4
2024-10-09,0.0,0.0,17.591666666666665,69.33333333333333,4
2024-10-10,0.0,0.0,16.820833333333333,52.333333333333336,4
2024-10-11,0.0,0.0,16.379166666666666,24.416666666666668,4
2024-10-12,0.0,0.0,16.879166666666666,33.458333333333336,4
2024-10-13,0.0,0.0,16.270833333333332,62.875,4
2024-10-14,0.1,0.1,17.837500000000002,99.79166666666667,4
2024-10-15,0.3,0.0,18.6375,96.54166666666667,4
2024-10-16,0.0,0.0,18.320833333333333,49.875,4
2024-10-17,0.0,0.0,17.05,69.91666666666667,4
2024-10-18,43.1,11.6,16.720833333333335,99.20833333333333,4
2024-10-19,2.0,0.0,15.325000000000001,66.41666666666667,4
2024-10-20,0.0,0.0,12.4125,59.208333333333336,4
2024-10-21,1.6,0.8,13.0875,97.375,4
2024-10-22,34.5,2.0,14.520833333333334,100.0,4
2024-10-23,0.2,0.0,12.341666666666667,50.291666666666664,4
2024-10-24,0.0,0.0,10.633333333333333,0.875,4
2024-10-25,0.0,0.0,12.454166666666666,20.083333333333332,4
2024-10-26,0.0,0.0,14.479166666666666,69.25,4
2024-10-27,0.0,0.0,15.129166666666668,71.41666666666667,4
2024-10-28,0.0,0.0,15.2875,80.33333333333333,4
2024-10-29,0.0,0.0,15.358333333333334,72.45833333333333,4
2024-10-30,0.0,0.0,14.033333333333333,33.375,4
2024-10-31,0.0,0.0,13.841666666666667,58.541666666666664,4
2024-11-01,0.0,0.0,14.470833333333333,98.04166666666667,4
2024-11-02,0.0,0.0,14.904166666666667,46.833333333333336,4
2024-11-03,0.0,0.0,13.866666666666667,25.958333333333332,4
2024-11-04,0.30000000000000004,0.0,11.5375,54.541666666666664,4
2024-11-05,0.0,0.0,7.0874999999999995,43.166666666666664,4
2024-11-06,0.0,0.0,3.9291666666666667,5.0,4
2024-11-07,0.0,0.0,4.166666666666667,0.0,4
2024-11-08,0.0,0.0,8.762500000000001,56.291666666666664,4
2024-11-09,0.0,0.0,11.291666666666666,41.208333333333336,4
2024-11-10,0.0,0.0,10.762500000000001,49.916666666666664,4
2024-11-11,0.0,0.0,11.933333333333332,59.0,4
2024-11-12,0.0,0.0,12.299999999999999,30.5,4
2024-11-13,0.0,0.0,11.25,57.583333333333336,4
2024-11-14,1.7,0.8,12.700000000000001,87.83333333333333,4
2024-11-15,1.5,0.0,13.054166666666667,98.0,4
2024-11-16,1.1,0.8,15.304166666666667,94.58333333333333,4
2024-11-17,0.0,0.0,5.066666666666666,43.125,4
2024-11-18,0.0,0.0,0.01666666666666668,15.5,4
2024-11-19,0.0,0.0,2.783333333333333,70.41666666666667,4
2024-11-20,0.0,0.0,4.533333333333333,40.25,4
2024-11-21,0.0,0.0,5.6125,27.0,4
2024-11-22,0.0,0.0,5.0625,0.8333333333333334,4
2024-11-23,0.0,0.0,3.966666666666667,29.041666666666668,4
2024-11-24,0.0,0.0,3.3874999999999997,12.166666666666666,4
2024-11-25,0.0,0.0,5.841666666666666,77.91666666666667,4
2024-11-26,26.2,0.5,7.395833333333333,93.79166666666667,4
2024-11-27,3.4,0.0,-0.44166666666666665,80.75,4
2024-11-28,0.8,0.0,0.08750000000000001,70.5,4
2024-11-29,1.0,0.0,0.3625,67.91666666666667,4
2024-11-30,0.0,0.0,2.1166666666666667,17.625,4
2024-12-01,0.2,0.0,1.7916666666666667,83.0,4
2024-12-02,0.5,0.0,4.766666666666667,78.75,4
2024-12-03,0.0,0.0,-1.6875,2.7916666666666665,4
2024-12-04,0.0,0.0,-1.5,20.666666666666668,4
2024-12-05,0.0,0.0,0.06249999999999995,25.041666666666668,4
2024-12-06,0.0,0.0,-0.1208333333333333,28.25,4
2024-12-07,0.0,0.0,-3.9583333333333335,15.083333333333334,4
2024-12-08,0.0,0.0,-3.0,6.083333333333333,4
2024-12-09,0.0,0.0,-1.383333333333333,15.166666666666666,4
2024-12-10,0.0,0.0,0.45833333333333326,35.583333333333336,4
2024-12-11,0.0,0.0,-0.35000000000000003,97.08333333333333,4
2024-12-12,0.0,0.0,-1.0875000000000001,59.666666666666664,4
2024-12-13,0.0,0.0,-1.6833333333333333,82.83333333333333,4
2024-12-14,0.0,0.0,-4.295833333333333,0.0,4
2024-12-15,0.0,0.0,-1.8875,15.041666666666666,4
2024-12-16,0.0,0.0,-2.6041666666666665,17.958333333333332,4
2024-12-17,0.0,0.0,-3.3833333333333333,1.3333333333333333,4
2024-12-18,0.0,0.0,-5.45,0.0,4
2024-12-19,0.0,0.0,-5.183333333333334,9.125,4
2024-12-20,0.6000000000000001,0.4,-1.7708333333333333,94.16666666666667,4
2024-12-21,0.1,0.0,-2.1458333333333335,55.583333333333336,4
2024-12-22,0.0,0.0,-5.7749999999999995,0.0,4
2024-12-23,0.0,0.0,-3.1291666666666664,11.916666666666666,4
2024-12-24,0.0,0.0,-2.8249999999999997,0.7083333333333334,4
2024-12-25,0.0,0.0,-1.9916666666666665,86.20833333333333,4
2024-12-26,0.0,0.0,-1.925,25.25,4
2024-12-27,0.0,0.0,-4.754166666666666,8.083333333333334,4
2024-12-28,0.0,0.0,-5.391666666666667,3.7083333333333335,4
2024-12-29,0.2,0.2,-2.3541666666666665,50.0,4
2024-12-30,0.8,0.0,2.3583333333333334,71.45833333333333,4
2024-12-31,0.0,0.0,-1.7333333333333334,2.5,4
2025-01-01,0.0,0.0,-0.575,39.5,4
2025-01-02,0.0,0.0,0.8291666666666666,37.75,4
2025-01-03,0.0,0.0,-2.6958333333333333,18.166666666666668,4
2025-01-04,0.0,0.0,-1.9500000000000002,12.5,4
2025-01-05,2.6,0.1,1.0333333333333334,84.04166666666667,4
2025-01-06,0.0,0.0,-1.9000000000000001,31.75,4
2025-01-07,0.0,0.0,-4.233333333333333,19.958333333333332,4
2025-01-08,0.0,0.0,-6.641666666666667,11.958333333333334,4
2025-01-09,0.0,0.0,-11.245833333333332,5.5,4
2025-01-10,0.0,0.0,-8.637500000000001,1.4166666666666667,4
2025-01-11,0.0,0.0,-6.391666666666667,19.625,4
2025-01-12,0.0,0.0,-4.925,31.666666666666668,4
2025-01-13,0.0,0.0,-3.954166666666667,26.875,4
2025-01-14,0.9,0.0,-0.3541666666666667,79.29166666666667,4
2025-01-15,0.0,0.0,-5.575,8.25,4
2025-01-16,0.1,0.1,-6.0874999999999995,45.25,4
2025-01-17,0.0,0.0,-2.2916666666666665,13.333333333333334,4
2025-01-18,0.0,0.0,-2.1458333333333335,38.041666666666664,4
2025-01-19,0.0,0.0,0.1125,99.95833333333333,4
2025-01-20,0.2,0.0,1.8,75.08333333333333,4
2025-01-21,0.0,0.0,0.8875000000000001,16.041666666666668,4
2025-01-22,0.0,0.0,1.0083333333333333,73.29166666666667,4
2025-01-23,0.0,0.0,0.5833333333333334,25.416666666666668,4
2025-01-24,0.0,0.0,-0.47916666666666674,0.0,4
2025-01-25,0.0,0.0,1.2541666666666667,37.791666666666664,4
2025-01-26,0.4,0.2,1.2958333333333332,82.20833333333333,4
2025-01-27,11.4,0.30000000000000004,0.3541666666666667,86.91666666666667,4
2025-01-28,2.5999999999999996,0.1,-3.975,92.625,4
2025-01-29,0.0,0.0,-6.616666666666667,74.04166666666667,4
2025-01-30,0.0,0.0,-4.9875,35.833333333333336,4
2025-01-31,0.0,0.0,-2.3541666666666665,90.83333333333333,4
2025-02-01,0.0,0.0,-1.9666666666666668,94.0,4
2025-02-02,0.0,0.0,0.9958333333333335,82.83333333333333,4
2025-02-03,0.0,0.0,-2.8833333333333333,46.333333333333336,4
2025-02-04,0.0,0.0,-9.566666666666666,11.625,4
2025-02-05,0.0,0.0,-9.666666666666666,22.291666666666668,4
2025-02-06,0.30000000000000004,0.30000000000000004,-6.029166666666666,35.958333333333336,4
2025-02-07,0.9,0.0,-7.391666666666667,53.708333333333336,4
2025-02-08,0.0,0.0,-9.616666666666667,22.166666666666668,4
2025-02-09,0.0,0.0,-6.075,17.333333333333332,4
2025-02-10,0.0,0.0,-4.65,11.5,4
2025-02-11,0.0,0.0,-1.9375,63.125,4
2025-02-12,7.1,0.1,0.30833333333333335,89.95833333333333,4
2025-02-13,0.0,0.0,-1.3541666666666667,2.0,4
2025-02-14,0.0,0.0,1.8541666666666667,25.125,4
2025-02-15,0.30000000000000004,0.0,2.7291666666666665,90.25,4
2025-02-16,0.0,0.0,3.4125,73.625,4
2025-02-17,0.0,0.0,-2.379166666666667,16.041666666666668,4
2025-02-18,0.0,0.0,-3.7708333333333335,0.0,4
2025-02-19,0.0,0.0,-4.7749999999999995,0.0,4
2025-02-20,0.0,0.0,-4.233333333333333,19.0,4
2025-02-21,0.0,0.0,-4.141666666666667,10.833333333333334,4
2025-02-22,0.0,0.0,-4.395833333333333,0.2916666666666667,4
2025-02-23,0.0,0.0,-4.416666666666667,9.708333333333334,4
2025-02-24,0.0,0.0,-2.875,0.0,4
2025-02-25,0.0,0.0,0.5458333333333334,49.583333333333336,4
2025-02-26,0.0,0.0,1.1666666666666667,20.083333333333332,4
2025-02-27,0.0,0.0,2.9791666666666665,20.291666666666668,4
2025-02-28,0.0,0.0,5.720833333333334,58.0,4
2025-03-01,6.5,3.3,6.645833333333333,99.375,4
2025-03-02,2.5,1.9,9.512500000000001,98.66666666666667,4
2025-03-03,9.5,0.0,2.4583333333333335,98.625,4
2025-03-04,0.9,0.1,1.0958333333333334,97.04166666666667,4
2025-03-05,0.0,0.0,3.2458333333333336,78.20833333333333,4
2025-03-06,0.0,0.0,3.420833333333333,25.333333333333332,4
2025-03-07,0.0,0.0,3.1333333333333333,56.041666666666664,4
2025-03-08,0.0,0.0,4.045833333333333,57.583333333333336,4
2025-03-09,0.0,0.0,5.1000000000000005,28.916666666666668,4
2025-03-10,0.0,0.0,5.5375000000000005,73.875,4
2025-03-11,0.0,0.0,6.5,46.083333333333336,4
2025-03-12,0.0,0.0,6.616666666666667,65.25,4
2025-03-13,0.0,0.0,6.679166666666667,39.125,4
2025-03-14,0.0,0.0,9.387500000000001,64.58333333333333,4
2025-03-15,0.0,0.0,9.229166666666666,98.33333333333333,4
2025-03-16,4.7,1.3,4.0,98.16666666666667,4
2025-03-17,1.3,0.0,0.8374999999999999,91.625,4
2025-03-18,4.7,0.0,1.1458333333333333,76.5,4
2025-03-19,0.0,0.0,2.6333333333333333,12.375,4
2025-03-20,0.0,0.0,6.545833333333333,46.875,4
2025-03-21,0.0,0.0,8.829166666666667,42.083333333333336,4
2025-03-22,0.0,0.0,9.2125,1.0,4
2025-03-23,0.0,0.0,11.208333333333334,35.416666666666664,4
2025-03-24,0.0,0.0,12.354166666666666,69.375,4
2025-03-25,0.30000000000000004,0.0,11.487499999999999,77.33333333333333,4
2025-03-26,0.2,0.0,12.608333333333334,50.458333333333336,4
2025-03-27,11.8,0.6000000000000001,12.970833333333333,91.625,4
2025-03-28,0.0,0.0,5.6375,69.5,4
2025-03-29,0.2,0.0,2.3291666666666666,24.125,4
2025-03-30,0.1,0.0,3.154166666666667,21.958333333333332,4
2025-03-31,0.0,0.0,4.329166666666667,13.166666666666666,4
2025-04-01,1.1,0.0,7.425,59.75,4
2025-04-02,4.8,0.3,6.316666666666666,80.125,4
2025-04-03,0.0,0.0,8.691666666666666,49.625,4
2025-04-04,1.2,0.0,9.066666666666666,59.583333333333336,4
2025-04-05,11.6,0.7,8.012500000000001,95.70833333333333,4
2025-04-06,0.1,0.0,9.279166666666667,43.125,4
2025-04-07,0.0,0.0,9.558333333333334,1.5833333333333333,4
2025-04-08,0.0,0.0,11.195833333333333,24.208333333333332,4
2025-04-09,3.3,0.5,11.895833333333334,90.58333333333333,4
2025-04-10,8.6,0.0,12.654166666666667,85.375,4
2025-04-11,0.0,0.0,13.570833333333333,37.625,4
2025-04-12,17.6,11.2,12.275,99.04166666666667,4
2025-04-13,2.6,0.0,6.079166666666667,83.58333333333333,4
2025-04-14,9.7,0.7,5.958333333333333,82.20833333333333,4
2025-04-15,0.0,0.0,8.579166666666667,14.208333333333334,4
2025-04-16,0.0,0.0,12.420833333333334,56.75,4
2025-04-17,0.2,0.2,16.070833333333333,68.45833333333333,4
2025-04-18,0.0,0.0,15.604166666666666,86.83333333333333,4
2025-04-19,61.0,19.6,15.133333333333333,98.91666666666667,4
2025-04-20,8.0,0.0,16.054166666666667,64.83333333333333,4
2025-04-21,0.0,0.0,18.183333333333334,42.708333333333336,4
2025-04-22,8.2,0.0,16.125,92.41666666666667,4
2025-04-23,0.0,0.0,17.575,82.375,4
2025-04-24,0.0,0.0,12.783333333333333,17.458333333333332,4
2025-04-25,0.0,0.0,11.700000000000001,0.9166666666666666,4
2025-04-26,0.0,0.0,11.575000000000001,1.5416666666666667,4
2025-04-27,0.4,0.0,12.208333333333334,88.83333333333333,4
2025-04-28,0.2,0.0,13.129166666666668,13.791666666666666,4
2025-04-29,0.0,0.0,13.2125,21.125,4
2025-04-30,0.0,0.0,17.445833333333333,16.25,4
2025-05-01,22.8,2.7,14.704166666666666,86.45833333333333,4
2025-05-02,0.8,0.0,13.487499999999999,53.666666666666664,4
2025-05-03,19.0,0.0,10.754166666666668,89.91666666666667,4
2025-05-04,0.0,0.0,13.0625,29.041666666666668,4
2025-05-05,2.2,0.8,12.833333333333334,84.58333333333333,4
2025-05-06,2.0,0.7,13.441666666666668,94.20833333333333,4
2025-05-07,0.0,0.0,14.666666666666666,56.375,4
2025-05-08,0.0,0.0,15.308333333333332,70.83333333333333,4
2025-05-09,10.3,0.6,14.575000000000001,100.0,4
2025-05-10,1.2000000000000002,0.0,12.591666666666667,98.45833333333333,4
2025-05-11,0.1,0.0,13.316666666666668,88.375,4
2025-05-12,0.0,0.0,15.783333333333333,25.916666666666668,4
2025-05-13,0.0,0.0,16.941666666666666,90.625,4
2025-05-14,0.0,0.0,18.570833333333333,79.41666666666667,4
2025-05-15,3.0,0.0,17.491666666666667,99.5,4
2025-05-16,2.7,1.0,17.837500000000002,95.58333333333333,4
2025-05-17,0.0,0.0,18.441666666666666,75.91666666666667,4
2025-05-18,0.0,0.0,14.6,9.041666666666666,4
2025-05-19,10.799999999999999,10.399999999999999,16.133333333333333,71.45833333333333,4
2025-05-20,0.0,0.0,20.583333333333332,74.95833333333333,4
2025-05-21,0.0,0.0,22.708333333333332,77.125,4
2025-05-22,0.2,0.0,20.258333333333333,84.04166666666667,4
2025-05-23,10.200000000000001,4.6000000000000005,14.195833333333333,91.25,4
2025-05-24,2.8000000000000003,0.0,16.8125,74.08333333333333,4
2025-05-25,0.0,0.0,18.462500000000002,26.125,4
2025-05-26,0.0,0.0,18.125,22.416666666666668,4
2025-05-27,0.0,0.0,19.125,17.708333333333332,4
2025-05-28,0.0,0.0,19.683333333333334,28.583333333333332,4
2025-05-29,0.0,0.0,21.608333333333334,44.791666666666664,4
2025-05-30,0.0,0.0,20.504166666666666,41.875,4
2025-05-31,0.0,0.0,21.441666666666666,37.208333333333336,4
2025-06-01,0.0,0.0,21.804166666666664,58.208333333333336,4
2025-06-02,1.5,0.0,19.458333333333332,99.58333333333333,4
2025-06-03,9.2,0.0,17.8125,80.33333333333333,4
2025-06-04,0.0,0.0,19.325,27.541666666666668,4
2025-06-05,0.0,0.0,20.349999999999998,30.333333333333332,4
2025-06-06,0.0,0.0,21.941666666666666,61.833333333333336,4
2025-06-07,0.0,0.0,22.883333333333336,93.125,4
2025-06-08,0.0,0.0,24.599999999999998,93.54166666666667,4
2025-06-09,0.0,0.0,23.462500000000002,79.125,4
2025-06-10,0.0,0.0,22.675,44.958333333333336,4
2025-06-11,0.0,0.0,23.712500000000002,52.791666666666664,4
2025-06-12,0.0,0.0,25.6375,32.458333333333336,4
2025-06-13,10.3,4.1000000000000005,24.516666666666666,66.79166666666667,4
2025-06-14,105.3,0.0,23.275000000000002,97.83333333333333,4
2025-06-15,38.0,12.8,23.954166666666666,98.08333333333333,4
2025-06-16,16.8,0.0,24.05,69.29166666666667,4
2025-06-17,1.7000000000000002,0.0,24.941666666666666,79.04166666666667,4
2025-06-18,0.0,0.0,25.458333333333332,55.875,4
2025-06-19,15.899999999999999,9.2,25.71666666666667,97.0,4
2025-06-20,70.5,10.8,24.191666666666666,100.0,4
2025-06-21,8.6,0.0,23.691666666666666,98.45833333333333,4
2025-06-22,0.0,0.0,23.712500000000002,63.375,4
2025-06-23,0.0,0.0,24.945833333333336,94.45833333333333,4
2025-06-24,0.0,0.0,27.291666666666668,92.41666666666667,4
2025-06-25,0.0,0.0,26.8625,70.20833333333333,4
2025-06-26,0.0,0.0,23.333333333333332,73.625,4
2025-06-27,0.0,0.0,23.59583333333333,86.0,4
2025-06-28,5.0,0.8999999999999999,24.075,99.58333333333333,4
2025-06-29,0.4,0.0,25.316666666666666,91.54166666666667,4
2025-06-30,0.0,0.0,26.337500000000002,79.29166666666667,4
2025-07-01,0.0,0.0,26.883333333333336,91.33333333333333,4
2025-07-02,0.0,0.0,26.616666666666664,98.16666666666667,4
2025-07-03,0.0,0.0,27.162499999999998,84.125,4
2025-07-04,0.0,0.0,26.204166666666666,69.83333333333333,4
2025-07-05,0.0,0.0,26.974999999999998,82.125,4
2025-07-06,0.0,0.0,27.791666666666668,63.333333333333336,4
2025-07-07,0.0,0.0,28.604166666666668,60.208333333333336,4
2025-07-08,0.1,0.1,31.8625,41.833333333333336,4
2025-07-09,0.0,0.0,32.0875,39.25,4
2025-07-10,0.0,0.0,30.633333333333336,5.333333333333333,4
2025-07-11,0.0,0.0,29.304166666666664,10.458333333333334,4
2025-07-12,0.0,0.0,29.974999999999998,0.0,4
2025-07-13,0.0,0.0,30.037499999999998,52.625,4
2025-07-14,0.0,0.0,29.491666666666664,51.666666666666664,4
2025-07-15,0.0,0.0,28.09166666666667,28.75,4
2025-07-16,1.5,0.7,24.479166666666668,95.70833333333333,4
2025-07-17,95.9,25.5,25.183333333333334,95.375,4
2025-07-18,80.0,0.0,26.441666666666666,85.20833333333333,4
2025-07-19,2.0,0.2,25.708333333333332,97.0,4
2025-07-20,2.4,0.0,27.71666666666667,97.83333333333333,4
2025-07-21,0.0,0.0,27.96666666666667,88.04166666666667,4
2025-07-22,5.3,0.5,27.133333333333336,98.04166666666667,4
2025-07-23,0.0,0.0,27.724999999999998,78.70833333333333,4
2025-07-24,0.0,0.0,27.491666666666664,47.75,4
2025-07-25,0.0,0.0,28.491666666666664,4.416666666666667,4
2025-07-26,0.0,0.0,30.7375,35.541666666666664,4
2025-07-27,0.0,0.0,31.162499999999998,35.041666666666664,4
2025-07-28,0.0,0.0,31.34583333333333,21.458333333333332,4
2025-07-29,0.0,0.0,31.645833333333332,47.833333333333336,4
2025-07-30,0.0,0.0,30.325,99.375,4
2025-07-31,0.8,0.2,28.3125,99.95833333333331,4
2025-08-01,0.7,0.0,28.77916666666667,99.0,4
2025-08-02,0.0,0.0,30.0125,98.08333333333333,4
2025-08-03,19.3,9.600000000000001,27.441666666666666,99.66666666666667,4
2025-08-04,1.5,0.1,27.90416666666667,92.0,4
2025-08-05,0.2,0.0,27.8875,94.20833333333333,4
2025-08-06,35.8,0.0,25.2375,90.79166666666667,4
2025-08-07,0.0,0.0,27.2625,57.208333333333336,4
2025-08-08,0.0,0.0,26.95,77.5,4
2025-08-09,0.1,0.0,25.870833333333337,91.875,4
2025-08-10,0.0,0.0,27.533333333333335,54.083333333333336,4
2025-08-11,0.2,0.0,28.454166666666666,82.20833333333333,4
2025-08-12,0.0,0.0,28.95,68.04166666666667,4
2025-08-13,12.8,3.8,25.795833333333334,95.41666666666669,4
2025-08-14,22.4,0.2,26.983333333333334,91.875,4
2025-08-15,7.1,0.1,27.224999999999998,81.125,4
2025-08-16,0.0,0.0,27.991666666666664,74.79166666666667,4
2025-08-17,1.7000000000000002,0.0,27.5375,95.66666666666669,4
2025-08-18,0.2,0.0,27.508333333333336,92.91666666666669,4
2025-08-19,0.1,0.0,28.05,85.33333333333333,4
2025-08-20,0.1,0.0,28.0,93.5,4
2025-08-21,1.8,0.0,28.40833333333333,75.95833333333333,4
2025-08-22,0.0,0.0,28.541666666666668,48.833333333333336,4
2025-08-23,0.0,0.0,28.545833333333334,52.416666666666664,4
2025-08-24,0.0,0.0,29.304166666666664,48.5,4
2025-08-25,6.9,2.9,28.979166666666668,77.79166666666667,4
2025-08-26,21.5,0.0,27.629166666666663,82.41666666666667,4
2025-08-27,0.0,0.0,27.370833333333337,79.54166666666667,4
2025-08-28,0.0,0.0,27.8625,84.91666666666667,4
2025-08-29,1.6,0.1,27.3375,83.16666666666667,4
2025-08-30,8.0,1.4,27.383333333333336,83.70833333333333,4
2025-08-31,0.2,0.0,28.108333333333334,70.16666666666667,4
2025-09-01,22.0,3.1,26.291666666666668,95.58333333333333,4
2025-09-02,0.1,0.0,27.3125,57.75,4
2025-09-03,0.6,0.6,27.77916666666667,82.75,4
2025-09-04,8.9,1.2,26.65833333333333,79.08333333333333,4
2025-09-05,14.3,0.0,26.745833333333337,76.625,4
2025-09-06,13.9,8.8,26.491666666666664,89.29166666666667,4
2025-09-07,0.5,0.0,24.52916666666667,88.79166666666667,4
2025-09-08,0.0,0.0,23.85,99.41666666666669,4
2025-09-09,0.0,0.0,24.079166666666666,71.0,4
2025-09-10,0.0,0.0,24.175,19.625,4
2025-09-11,0.0,0.0,24.808333333333334,8.625,4
2025-09-12,0.2,0.2,24.795833333333334,75.70833333333333,4
2025-09-13,34.5,1.0,24.608333333333334,96.58333333333333,4
2025-09-14,0.1,0.0,24.791666666666668,88.875,4
2025-09-15,0.0,0.0,25.541666666666668,58.958333333333336,4
2025-09-16,10.5,2.6,23.866666666666664,83.75,4
2025-09-17,18.8,0.0,23.995833333333337,95.25,4
2025-09-18,0.0,0.0,22.34166666666667,72.75,4
2025-09-19,6.2,3.0,19.587500000000002,90.5,4
2025-09-20,5.5,0.0,20.104166666666668,87.45833333333333,4
2025-09-21,0.0,0.0,21.133333333333333,78.375,4
2025-09-22,0.0,0.0,20.183333333333334,96.58333333333333,4
2025-09-23,0.0,0.0,21.220833333333335,98.33333333333333,4
2025-09-24,28.6,4.3,21.85,99.91666666666669,4
2025-09-25,1.7,0.0,22.099999999999998,63.833333333333336,4
2025-09-26,0.0,0.0,20.570833333333333,36.041666666666664,4
2025-09-27,0.0,0.0,22.15833333333333,92.45833333333333,4
2025-09-28,19.1,0.1,21.266666666666666,89.41666666666667,4
2025-09-29,0.0,0.0,20.604166666666668,66.20833333333333,4
2025-09-30,0.1,0.0,21.125,69.79166666666667,4
2025-10-01,0.0,0.0,20.895833333333332,35.625,4
2025-10-02,0.0,0.0,20.991666666666667,98.375,4
2025-10-03,2.0,0.0,20.566666666666663,95.83333333333331,4
2025-10-04,0.0,0.0,22.34583333333333,89.33333333333333,4
2025-10-05,3.5,0.0,22.27916666666667,79.375,4
2025-10-06,3.8,0.8999999999999999,20.291666666666668,80.83333333333333,4
2025-10-07,19.7,4.1,17.8125,100.0,4
2025-10-08,2.0,0.4,20.8875,44.208333333333336,4
2025-10-09,0.0,0.0,18.475,9.0,4
2025-10-10,0.0,0.0,16.962500000000002,80.16666666666667,4
2025-10-11,0.4,0.0,20.283333333333335,72.58333333333333,4
2025-10-12,2.4,1.1,19.395833333333332,97.33333333333331,4
2025-10-13,26.1,6.7,16.8125,100.0,4
2025-10-14,17.7,0.0,17.891666666666666,99.29166666666669,4
2025-10-15,3.2,2.2,18.787499999999998,91.5,4
2025-10-16,18.8,0.0,19.412499999999998,53.625,4
2025-10-17,6.6000000000000005,1.2,19.05,72.33333333333333,4
2025-10-18,19.8,0.0,16.541666666666668,99.79166666666669,4
2025-10-19,0.0,0.0,12.3875,49.875,4
2025-10-20,0.0,0.0,8.6875,80.75,4
2025-10-21,0.0,0.0,7.745833333333334,21.875,4
2025-10-22,0.0,0.0,10.191666666666666,5.666666666666667,4
2025-10-23,0.0,0.0,12.041666666666666,66.33333333333333,4
2025-10-24,0.0,0.0,12.420833333333334,51.833333333333336,4
2025-10-25,0.0,0.0,12.841666666666669,84.75,4
2025-10-26,0.1,0.1,11.445833333333333,81.08333333333333,4
2025-10-27,0.0,0.0,6.0249999999999995,0.9583333333333334,4
2025-10-28,0.0,0.0,5.979166666666667,1.625,4
2025-10-29,0.0,0.0,8.895833333333334,1.5,4
2025-10-30,0.0,0.0,10.695833333333333,34.125,4
2025-10-31,4.5,1.5,11.933333333333332,51.375,4
2025-11-01,3.5,0.0,11.933333333333332,39.166666666666664,4
2025-11-02,0.0,0.0,6.741666666666667,2.2083333333333335,4
2025-11-03,0.0,0.0,4.304166666666666,0.0,4
2025-11-04,0.0,0.0,6.495833333333334,17.416666666666668,4
2025-11-05,0.0,0.0,8.954166666666667,8.166666666666666,4
2025-11-06,0.0,0.0,11.225,34.083333333333336,4
2025-11-07,0.0,0.0,11.45,42.791666666666664,4
2025-11-08,0.1,0.1,11.9875,86.66666666666667,4
2025-11-09,0.4,0.0,12.679166666666667,70.25,4
2025-11-10,0.0,0.0,6.033333333333334,17.5,4
2025-11-11,0.0,0.0,6.5249999999999995,21.666666666666668,4
2025-11-12,0.0,0.0,8.112499999999999,38.041666666666664,4
2025-11-13,0.0,0.0,9.7875,10.875,4
2025-11-14,0.0,0.0,6.095833333333334,1.4583333333333333,4
2025-11-15,0.0,0.0,6.916666666666667,83.54166666666667,4
2025-11-16,0.5,0.5,9.4125,49.791666666666664,4
2025-11-17,0.0,0.0,1.9083333333333332,58.75,4
2025-11-18,0.0,0.0,0.8749999999999999,1.875,4
2025-11-19,0.0,0.0,1.3291666666666666,0.0,4
2025-11-20,0.0,0.0,5.5125,43.166666666666664,4
2025-11-21,0.0,0.0,4.55,7.416666666666667,4
2025-11-22,0.0,0.0,5.316666666666666,6.375,4
2025-11-23,0.0,0.0,9.3375,97.20833333333331,4
2025-11-24,2.0,0.1,10.7625,26.708333333333332,4
2025-11-25,2.9,0.0,5.3625,30.166666666666668,4
2025-11-26,0.0,0.0,3.4375,13.083333333333334,4
2025-11-27,8.2,0.0,4.8625,60.708333333333336,4
2025-11-28,0.0,0.0,0.6041666666666666,0.125,4
2025-11-29,0.2,0.2,5.783333333333334,46.416666666666664,4
2025-11-30,0.5,0.0,9.4125,52.708333333333336,4
2025-12-01,0.0,0.0,2.9958333333333336,11.75,4
2025-12-02,0.0,0.0,-2.441666666666667,38.916666666666664,4
2025-12-03,0.0,0.0,-6.266666666666667,1.7083333333333333,4
2025-12-04,0.6,0.4,-3.2541666666666664,17.916666666666668,4
2025-12-05,0.0,0.0,-2.2291666666666665,10.416666666666666,4
2025-12-06,0.30000000000000004,0.1,2.025,52.791666666666664,4
2025-12-07,0.0,0.0,5.7875000000000005,69.375,4
2025-12-08,0.0,0.0,0.0875,48.291666666666664,4
2025-12-09,0.0,0.0,-0.7416666666666667,10.375,4
2025-12-10,0.0,0.0,3.3375,39.833333333333336,4
2025-12-11,9.5,0.0,3.3041666666666667,50.541666666666664,4
2025-12-12,0.0,0.0,0.0083333333333333,46.291666666666664,4
2025-12-13,10.9,1.0,0.7083333333333334,94.0,4
2025-12-14,0.0,0.0,-3.6958333333333333,41.125,4
2025-12-15,0.0,0.0,-1.2708333333333333,64.45833333333333,4
2025-12-16,0.0,0.0,2.0875,80.08333333333333,4
2025-12-17,0.0,0.0,2.2624999999999997,68.04166666666667,4
2025-12-18,0.0,0.0,0.9625,14.208333333333334,4
2025-12-19,0.0,0.0,2.25,48.708333333333336,4
2025-12-20,0.5,0.0,5.166666666666667,70.66666666666667,4
2025-12-21,0.0,0.0,-2.7375000000000003,22.25,4
2025-12-22,0.0,0.0,-1.9833333333333334,4.958333333333333,4
2025-12-23,7.4,2.4,2.654166666666667,79.95833333333333,4
2025-12-24,6.0,0.0,0.9583333333333334,53.958333333333336,4
2025-12-25,0.0,0.0,-4.8,0.0,4
2025-12-26,0.0,0.0,-10.75,16.916666666666668,4
2025-12-27,0.0,0.0,-5.591666666666666,57.916666666666664,4
2025-12-28,2.1,0.7999999999999999,1.3416666666666668,66.5,4
2025-12-29,2.8000000000000003,0.0,1.6708333333333334,35.25,4
2025-12-30,0.0,0.0,-2.216666666666667,0.0,4
2025-12-31,0.0,0.0,-5.783333333333334,0.5,4
2026-01-01,0.0,0.0,-9.762500000000001,15.0,4
2026-01-02,0.0,0.0,-9.262500000000001,0.0,4
2026-01-03,0.0,0.0,-4.154166666666667,30.25,4
2026-01-04,0.0,0.0,1.0958333333333334,86.91666666666667,4
2026-01-05,0.0,0.0,-1.925,27.875,4
2026-01-06,0.0,0.0,-2.595833333333333,13.208333333333334,4
2026-01-07,0.0,0.0,-1.8625,31.916666666666668,4
2026-01-08,0.0,0.0,-5.445833333333333,8.125,4
2026-01-09,0.2,0.2,-0.2083333333333333,84.83333333333333,4
2026-01-10,3.3,0.0,-0.1875,53.458333333333336,4
2026-01-11,0.0,0.0,-9.316666666666666,0.5,4
2026-01-12,1.7,1.5,-5.391666666666667,60.916666666666664,4
2026-01-13,0.0,0.0,-4.329166666666667,7.0,4
2026-01-14,0.0,0.0,-3.970833333333333,48.833333333333336,4
2026-01-15,0.8,0.0,3.3874999999999997,26.666666666666668,4
2026-01-16,0.0,0.0,-0.1583333333333333,10.75,4
2026-01-17,0.0,0.0,-1.3458333333333332,24.208333333333332,4
2026-01-18,0.0,0.0,0.21250000000000005,66.66666666666667,4
2026-01-19,1.5,0.0,-1.6500000000000001,94.70833333333333,4
2026-01-20,0.0,0.0,-8.658333333333333,40.208333333333336,4
2026-01-21,0.0,0.0,-10.329166666666667,6.0,4
2026-01-22,0.0,0.0,-10.891666666666666,0.0,4
2026-01-23,0.0,0.0,-7.991666666666667,2.5833333333333335,4
2026-01-24,0.0,0.0,-7.758333333333333,0.0,4
2026-01-25,0.0,0.0,-7.933333333333334,32.416666666666664,4
2026-01-26,0.0,0.0,-6.766666666666667,72.95833333333333,4
2026-01-27,0.0,0.0,-4.829166666666667,49.625,4
2026-01-28,0.0,0.0,-7.708333333333333,7.791666666666667,4
2026-01-29,0.0,0.0,-7.283333333333334,3.5416666666666665,4
2026-01-30,0.0,0.0,-8.179166666666667,37.166666666666664,4
2026-01-31,0.0,0.0,-6.0249999999999995,15.541666666666666,4
2026-02-01,0.0,0.0,-3.3083333333333336,49.0,4
2026-02-02,0.2,0.0,-2.1416666666666666,24.541666666666668,4
2026-02-03,0.0,0.0,-4.020833333333333,0.0,4
2026-02-04,0.0,0.0,0.2416666666666666,82.79166666666667,4
2026-02-05,0.0,0.0,1.6291666666666667,47.291666666666664,4
2026-02-06,0.0,0.0,-7.675,99.08333333333333,4
2026-02-07,0.0,0.0,-9.654166666666667,29.875,4
2026-02-08,0.0,0.0,-8.791666666666666,0.0,4
2026-02-09,0.0,0.0,-4.129166666666666,17.791666666666668,4
2026-02-10,0.6000000000000001,0.1,0.46249999999999997,100.0,4
2026-02-11,0.0,0.0,1.4458333333333335,48.75,4
2026-02-12,0.0,0.0,0.3999999999999999,0.6666666666666666,4
2026-02-13,0.0,0.0,2.845833333333333,26.333333333333332,4
2026-02-14,0.0,0.0,3.3958333333333335,90.04166666666667,4
2026-02-15,0.0,0.0,3.1125000000000003,76.54166666666667,4
2026-02-16,0.0,0.0,-0.65,36.958333333333336,4
2026-02-17,0.0,0.0,-0.875,3.4583333333333335,4
2026-02-18,0.0,0.0,1.3416666666666668,0.0,4
2026-02-19,0.0,0.0,-1.0833333333333333,2.625,4
2026-02-20,0.0,0.0,2.9,17.166666666666668,4
2026-02-21,0.0,0.0,7.516666666666667,29.208333333333332,4
2026-02-22,0.0,0.0,4.841666666666667,26.5,4
2026-02-23,0.0,0.0,-0.6708333333333334,53.291666666666664,4
2026-02-24,1.5,0.0,1.1083333333333334,64.41666666666667,4
2026-02-25,0.0,0.0,3.408333333333333,1.3333333333333333,4
2026-02-26,0.0,0.0,5.616666666666667,84.375,4
2026-02-27,0.8,0.0,7.1375,75.41666666666667,4
2026-02-28,0.0,0.0,5.075,22.791666666666668,4
2026-03-01,0.1,0.0,5.379166666666666,99.125,4
2026-03-02,3.5,1.1,3.391666666666667,96.875,4
2026-03-03,0.0,0.0,5.1125,17.416666666666668,4
2026-03-04,0.0,0.0,3.825,13.375,4
2026-03-05,0.0,0.0,2.875,83.58333333333333,4
2026-03-06,0.4,0.0,3.1,46.916666666666664,4
2026-03-07,0.0,0.0,-0.2250000000000001,0.0,4
2026-03-08,0.0,0.0,0.0208333333333333,75.79166666666667,4
2026-03-09,0.1,0.0,2.5166666666666666,53.666666666666664,4
2026-03-10,0.0,0.0,1.5041666666666667,36.5,4
2026-03-11,0.0,0.0,1.6708333333333334,48.75,4
2026-03-12,0.0,0.0,4.595833333333333,6.583333333333333,4
2026-03-13,0.0,0.0,4.679166666666666,24.541666666666668,4
2026-03-14,0.0,0.0,5.2749999999999995,80.91666666666667,4
2026-03-15,0.2,0.0,4.4375,87.54166666666667,4
2026-03-16,0.0,0.0,4.808333333333334,18.75,4
2026-03-17,0.0,0.0,6.0249999999999995,28.208333333333332,4
2026-03-18,2.9,0.0,5.0125,93.16666666666669,4
2026-03-19,0.0,0.0,4.429166666666666,55.75,4
2026-03-20,0.0,0.0,4.870833333333333,16.708333333333332,4
2026-03-21,0.0,0.0,5.204166666666667,4.875,4
2026-03-22,0.0,0.0,7.3,82.29166666666667,4
2026-03-23,0.0,0.0,9.0375,23.083333333333332,4
2026-03-24,0.0,0.0,9.329166666666667,95.25,4
2026-03-25,0.0,0.0,9.920833333333333,70.04166666666667,4
2026-03-26,0.0,0.0,9.65,14.5,4
2026-03-27,0.0,0.0,10.583333333333334,37.0,4
2026-03-28,0.0,0.0,10.729166666666666,8.458333333333334,4
2026-03-29,0.0,0.0,11.533333333333333,98.95833333333333,4
2026-03-30,0.5,0.0,13.908333333333333,100.0,4
2026-03-31,0.6000000000000001,0.0,12.804166666666667,80.08333333333333,4
2026-04-01,0.1,0.1,11.679166666666667,50.083333333333336,4
2026-04-02,0.4,0.0,10.433333333333334,14.458333333333334,4
2026-04-03,0.4,0.0,11.916666666666666,91.54166666666669,4
2026-04-04,24.3,0.0,11.658333333333331,66.08333333333333,4
2026-04-05,0.0,0.0,9.725,34.833333333333336,4
2026-04-06,21.4,0.0,8.945833333333333,48.208333333333336,4
2026-04-07,0.0,0.0,6.283333333333334,0.25,4
2026-04-08,0.0,0.0,7.866666666666667,32.041666666666664,4
2026-04-09,13.5,8.0,7.683333333333334,98.16666666666667,4
2026-04-10,5.3,0.0,10.95,80.5,4
2026-04-11,0.0,0.0,10.491666666666667,21.333333333333332,4
2026-04-12,0.0,0.0,13.216666666666669,99.75,4
2026-04-13,0.2,0.0,15.975,87.875,4
2026-04-14,0.0,0.0,16.016666666666666,58.25,4
2026-04-15,0.0,0.0,16.125,21.25,4
2026-04-16,0.0,0.0,15.8375,27.583333333333332,4
2026-04-17,0.0,0.0,14.079166666666666,9.0,4
2026-04-18,0.0,0.0,15.954166666666666,70.0,4
2026-04-19,0.0,0.0,18.708333333333332,5.958333333333333,4
2026-04-20,0.5,0.0,14.245833333333332,63.125,4
2026-04-21,0.0,0.0,12.129166666666668,52.125,4
2026-04-22,0.0,0.0,13.7125,96.54166666666667,4
2026-04-23,0.0,0.0,14.6625,95.79166666666667,4
2026-04-24,0.0,0.0,16.883333333333333,30.5,4
2026-04-25,0.0,0.0,17.4375,10.041666666666666,4
2026-04-26,0.0,0.0,16.604166666666668,64.75,4
2026-04-27,5.3,0.5,15.487499999999999,84.91666666666667,4
2026-04-28,3.4,0.1,13.995833333333332,61.75,4
2026-04-29,0.0,0.0,13.2,87.45833333333333,4
2026-04-30,0.0,0.0,14.445833333333333,26.25,4
2026-05-01,0.0,0.0,14.658333333333333,34.625,4
2026-05-02,0.0,0.0,16.070833333333333,100.0,4
2026-05-03,11.8,0.2,16.604166666666668,96.79166666666669,4
2026-05-04,0.1,0.0,14.1125,65.54166666666667,4
2026-05-05,0.0,0.0,14.304166666666667,3.2916666666666665,4
2026-05-06,0.0,0.0,16.433333333333334,15.958333333333334,4
2026-05-07,1.9,0.0,14.466666666666669,58.625,4
2026-05-08,0.0,0.0,15.079166666666666,0.5,4
2026-05-09,0.0,0.0,15.791666666666666,13.5,4
2026-05-10,0.0,0.0,17.645833333333332,49.791666666666664,4
2026-05-11,11.7,0.9,16.854166666666668,92.95833333333333,4
2026-05-12,3.0,0.0,17.720833333333335,79.25,4
2026-05-13,0.0,0.0,18.408333333333335,73.29166666666667,4
2026-05-14,0.0,0.0,20.633333333333333,25.208333333333332,4
2026-05-15,0.0,0.0,20.933333333333334,0.0,4
2026-05-16,0.0,0.0,23.95,0.0,4
2026-05-17,0.0,0.0,23.77916666666667,68.79166666666667,4
2026-05-18,0.0,0.0,22.291666666666668,85.45833333333333,4
2026-05-19,0.6,0.0,22.2125,99.875,4
2026-05-20,10.3,5.5,21.520833333333332,100.0,4
2026-05-21,10.2,0.0,18.866666666666667,65.125,4
2026-05-22,0.0,0.0,20.258333333333333,21.0,4
2026-05-23,0.0,0.0,18.158333333333335,38.791666666666664,4
2026-05-24,0.0,0.0,19.775000000000002,41.208333333333336,4
2026-05-25,0.0,0.0,22.3875,67.41666666666667,4
2026-05-26,3.3,0.0,22.808333333333334,77.83333333333333,4
2026-05-27,0.3,0.0,22.008333333333336,73.58333333333333,4
2026-05-28,0.3,0.0,21.59166666666667,33.0,4
2026-05-29,0.0,0.0,21.191666666666663,8.0,4
2026-05-30,0.0,0.0,21.333333333333332,0.75,4
2026-05-31,0.0,0.0,21.662499999999998,16.458333333333332,4
2026-06-01,0.0,0.0,21.97083333333333,85.29166666666667,4
2026-06-02,0.0,0.0,23.308333333333337,5.791666666666667,4
2026-06-03,0.0,0.0,24.016666666666666,63.708333333333336,4
2026-06-04,5.4,0.0,23.208333333333332,59.833333333333336,4
2026-06-05,4.0,0.0,21.916666666666668,44.541666666666664,4
2026-06-06,0.0,0.0,22.370833333333337,39.25,4
2026-06-07,0.2,0.0,23.05,67.95833333333333,4
2026-06-08,0.0,0.0,20.8875,14.541666666666666,4
2026-06-09,0.0,0.0,21.141666666666666,37.875,4
2026-06-10,0.0,0.0,21.395833333333332,7.0,4
2026-06-11,2.5,0.6,20.966666666666665,32.875,4
2026-06-12,0.0,0.0,22.075,5.375,4
2026-06-13,0.0,0.0,23.525,62.708333333333336,4
2026-06-14,0.0,0.0,25.541666666666668,54.916666666666664,4
2026-06-15,2.1,0.6,25.791666666666668,21.208333333333332,4
2026-06-16,0.5,0.0,26.9125,57.708333333333336,4
2026-06-17,0.0,0.0,27.741666666666664,42.083333333333336,4
2026-06-18,0.0,0.0,25.795833333333334,7.375,4
2026-06-19,0.1,0.0,28.191666666666663,69.45833333333333,4
2026-06-20,0.1,0.0,26.504166666666666,65.54166666666667,4
2026-06-21,0.0,0.0,24.295833333333334,67.125,4
2026-06-22,1.0,0.0,22.608333333333334,76.95833333333333,4
2026-06-23,0.0,0.0,23.1625,23.333333333333332,4
2026-06-24,0.2,0.0,22.733333333333334,71.0,4
2026-06-25,8.3,3.3,20.645833333333332,27.125,4
2026-06-26,0.0,0.0,21.462500000000002,32.625,4
2026-06-27,0.1,0.0,23.9625,55.208333333333336,4
2026-06-28,0.3,0.0,24.55,51.291666666666664,4
2026-06-29,1.2000000000000002,0.4,25.558333333333334,35.083333333333336,4
2026-06-30,0.9,0.1,26.375,50.5,4
2026-07-01,0.0,0.0,27.925,70.08333333333333,4
2026-07-02,0.0,0.0,27.675,83.33333333333333,4
2026-07-03,3.4,0.0,25.47083333333333,48.666666666666664,4
2026-07-04,0.0,0.0,26.516666666666666,84.66666666666667,4
2026-07-05,5.5,1.1,26.349999999999998,97.58333333333333,4
2026-07-06,10.4,4.8,25.633333333333336,94.45833333333331,4
2026-07-07,15.1,0.3,26.02916666666667,78.875,4
2026-07-08,29.1,13.0,25.379166666666663,98.95833333333331,4
2026-07-09,35.0,0.0,25.1375,95.58333333333333,4
2026-07-10,9.0,0.1,26.229166666666668,78.5,4
2026-07-11,0.7000000000000001,0.0,27.34166666666667,99.625,4
2026-07-12,0.1,0.0,27.979166666666668,91.41666666666667,4
2026-07-13,0.4,0.0,28.066666666666663,40.708333333333336,4
2026-07-14,18.1,8.5,27.72083333333333,74.95833333333333,4
2026-07-15,28.0,0.0,25.150000000000002,85.875,4
2026-07-16,0.0,0.0,25.558333333333337,76.33333333333333,4
2026-07-17,9.6,0.0,26.525,94.91666666666669,4
2026-07-18,44.0,1.7,24.858333333333334,96.25,4
2026-07-19,13.1,0.4,25.104166666666668,87.58333333333333,4
2026-07-20,3.1,0.9,24.670833333333334,99.75,4
2026-07-21,16.2,0.2,25.195833333333336,77.08333333333333,4
2026-07-22,18.0,3.0999999999999996,24.8875,88.16666666666667,4
2026-07-23,57.7,9.8,23.795833333333334,98.5,4
2026-07-24,36.1,2.3,24.729166666666668,86.45833333333333,4
2026-07-25,26.2,4.8,25.4,93.66666666666669,4
2026-07-26,16.1,2.0,25.599999999999998,78.83333333333333,4
2026-07-27,4.2,0.1,27.02916666666667,82.04166666666667,4
2026-07-28,1.0,0.0,27.3,64.83333333333333,4
2026-07-29,2.2,0.0,26.995833333333334,58.0,4
2026-07-30,0.7000000000000001,0.0,27.0625,72.20833333333333,4
2026-07-31,0.3,0.0,27.65833333333333,51.5,4
2026-08-01,0.4,0.0,28.066666666666663,80.625,4
2026-08-02,0.3,0.0,29.03333333333333,51.125,4
2026-08-03,0.4,0.1,30.15416666666667,51.416666666666664,4
2026-08-04,1.5,0.5,31.316666666666663,22.083333333333332,4
2026-08-05,3.1,0.5,31.141666666666666,32.916666666666664,4
2026-08-06,0.4,0.1,31.991666666666664,10.0,4
2026-08-07,0.0,0.0,32.84166666666667,2.5833333333333335,4
2026-08-08,13.4,3.6,29.52916666666667,25.208333333333332,4
2026-08-09,0.0,0.0,26.97083333333333,20.708333333333332,4
2026-08-10,0.0,0.0,26.020833333333332,72.33333333333333,4
2026-08-11,0.0,0.0,25.670833333333334,0.5,4
2026-08-12,0.0,0.0,25.275,39.458333333333336,4
2026-08-13,0.0,0.0,27.95,64.83333333333333,4
2026-08-14,1.3,0.30000000000000004,28.554166666666664,60.5,4
2026-08-15,13.0,1.2000000000000002,27.491666666666664,95.875,4
2026-08-16,48.0,16.299999999999997,25.195833333333336,84.95833333333333,4
2026-08-17,3.5,0.5,26.09583333333333,52.5,4
2026-08-18,0.1,0.0,26.295833333333334,29.083333333333332,4
2026-08-19,2.6,0.1,26.075,77.83333333333333,4
2026-08-20,1.3,0.0,27.045833333333334,58.708333333333336,4
2026-08-21,13.0,5.7,26.712500000000002,75.875,4
2026-08-22,7.4,0.0,26.633333333333336,99.125,4
2026-08-23,1.6,1.0,28.395833333333332,86.45833333333333,4
2026-08-24,0.8,0.1,28.104166666666668,72.5,4
2026-08-25,2.6,0.1,27.150000000000002,69.58333333333333,4
2026-08-26,1.5,0.2,26.483333333333334,93.625,4
2026-08-27,1.3,0.0,25.704166666666666,99.91666666666669,4
2026-08-28,3.0,0.0,26.729166666666668,90.29166666666667,4
2026-08-29,7.2,0.7,25.454166666666666,88.91666666666667,4
2023-06-01,,,23.3125,,5
2023-06-02,,,21.108333333333334,,5
2023-06-03,,,24.383333333333336,,5
2023-06-04,,,25.308333333333334,,5
2023-06-05,,,24.458333333333332,,5
2023-06-06,,,21.920833333333334,,5
2023-06-07,,,22.587500000000002,,5
2023-06-08,,,25.504166666666666,,5
2023-06-09,,,23.1875,,5
2023-06-10,,,23.058333333333334,,5
2023-06-11,,,20.966666666666665,,5
2023-06-12,,,21.766666666666666,,5
2023-06-13,,,21.808333333333334,,5
2023-06-14,,,23.854166666666668,,5
2023-06-15,,,22.991666666666664,,5
2023-06-16,,,25.1125,,5
2023-06-17,,,26.46666666666667,,5
2023-06-18,,,28.370833333333334,,5
2023-06-19,,,28.816666666666666,,5
2023-06-20,,,25.962500000000002,,5
2023-06-21,,,20.020833333333332,,5
2023-06-22,,,24.675,,5
2023-06-23,,,25.96666666666667,,5
2023-06-24,,,26.354166666666668,,5
2023-06-25,,,27.02916666666667,,5
2023-06-26,,,24.995833333333334,,5
2023-06-27,,,22.441666666666666,,5
2023-06-28,,,25.25,,5
2023-06-29,,,23.416666666666668,,5
2023-06-30,,,22.933333333333334,,5
2023-07-01,,,27.691666666666666,,5
2023-07-02,,,28.879166666666666,,5
2023-07-03,,,29.320833333333336,,5
2023-07-04,,,28.954166666666666,,5
2023-07-05,,,22.84583333333333,,5
2023-07-06,,,27.579166666666666,,5
2023-07-07,,,28.25,,5
2023-07-08,,,26.425,,5
2023-07-09,,,26.675,,5
2023-07-10,,,26.170833333333334,,5
2023-07-11,,,27.045833333333334,,5
2023-07-12,,,24.504166666666666,,5
2023-07-13,,,23.6875,,5
2023-07-14,,,24.075,,5
2023-07-15,,,23.349999999999998,,5
2023-07-16,,,25.254166666666666,,5
2023-07-17,,,24.895833333333332,,5
2023-07-18,,,22.974999999999998,,5
2023-07-19,,,23.429166666666664,,5
2023-07-20,,,28.316666666666666,,5
2023-07-21,,,29.087500000000002,,5
2023-07-22,,,28.079166666666666,,5
2023-07-23,,,25.05,,5
2023-07-24,,,24.5,,5
2023-07-25,,,26.53333333333333,,5
2023-07-26,,,27.775000000000002,,5
2023-07-27,,,29.391666666666666,,5
2023-07-28,,,24.041666666666668,,5
2023-07-29,,,27.004166666666666,,5
2023-07-30,,,27.7375,,5
2023-07-31,,,31.162499999999998,,5
2023-08-01,,,32.06666666666667,,5
2023-08-02,,,31.391666666666666,,5
2023-08-03,,,30.599999999999998,,5
2023-08-04,,,32.020833333333336,,5
2023-08-05,,,32.8125,,5
2023-08-06,,,31.995833333333334,,5
2023-08-07,,,28.358333333333334,,5
2023-08-08,,,28.383333333333336,,5
2023-08-09,,,26.333333333333332,,5
2023-08-10,,,24.383333333333336,,5
2023-08-11,,,23.825,,5
2023-08-12,,,23.991666666666664,,5
2023-08-13,,,26.504166666666666,,5
2023-08-14,,,27.2375,,5
2023-08-15,,,26.525000000000002,,5
2023-08-16,,,26.891666666666666,,5
2023-08-17,,,28.40833333333333,,5
2023-08-18,,,29.52916666666667,,5
2023-08-19,,,29.3875,,5
2023-08-20,,,29.454166666666666,,5
2023-08-21,,,28.72083333333333,,5
2023-08-22,,,26.441666666666666,,5
2023-08-23,,,23.02916666666667,,5
2023-08-24,,,25.766666666666666,,5
2023-08-25,,,24.34166666666667,,5
2023-08-26,,,26.483333333333334,,5
2023-08-27,,,25.191666666666666,,5
2023-08-28,,,20.208333333333332,,5
2023-08-29,,,21.233333333333334,,5
2023-08-30,,,24.083333333333332,,5
2023-08-31,,,24.099999999999998,,5
2023-09-01,,,24.041666666666668,,5
2023-09-02,,,25.083333333333332,,5
2023-09-03,,,25.212500000000002,,5
2023-09-04,,,25.84166666666667,,5
2023-09-05,,,25.391666666666666,,5
2023-09-06,,,25.079166666666666,,5
2023-09-07,,,25.320833333333336,,5
2023-09-08,,,25.454166666666666,,5
2023-09-09,,,26.825,,5
2023-09-10,,,25.675,,5
2023-09-11,,,25.912499999999998,,5
2023-09-12,,,24.125,,5
2023-09-13,,,24.708333333333332,,5
2023-09-14,,,22.8125,,5
2023-09-15,,,23.525000000000002,,5
2023-09-16,,,20.7,,5
2023-09-17,,,22.7,,5
2023-09-18,,,24.383333333333336,,5
2023-09-19,,,23.945833333333336,,5
2023-09-20,,,22.383333333333336,,5
2023-09-21,,,21.46666666666667,,5
2023-09-22,,,22.133333333333336,,5
2023-09-23,,,22.058333333333334,,5
2023-09-24,,,22.370833333333334,,5
2023-09-25,,,20.754166666666666,,5
2023-09-26,,,20.333333333333332,,5
2023-09-27,,,21.425,,5
2023-09-28,,,21.84583333333333,,5
2023-09-29,,,22.579166666666666,,5
2023-09-30,,,21.245833333333334,,5
2023-10-01,,,19.208333333333332,,5
2023-10-02,,,19.162499999999998,,5
2023-10-03,,,19.204166666666666,,5
2023-10-04,,,19.908333333333335,,5
2023-10-05,,,15.875,,5
2023-10-06,,,16.316666666666666,,5
2023-10-07,,,18.125,,5
2023-10-08,,,18.375,,5
2023-10-09,,,18.133333333333333,,5
2023-10-10,,,18.8125,,5
2023-10-11,,,18.729166666666668,,5
2023-10-12,,,19.391666666666666,,5
2023-10-13,,,19.520833333333332,,5
2023-10-14,,,18.712500000000002,,5
2023-10-15,,,17.900000000000002,,5
2023-10-16,,,15.641666666666667,,5
2023-10-17,,,15.758333333333333,,5
2023-10-18,,,17.825,,5
2023-10-19,,,15.529166666666667,,5
2023-10-20,,,15.191666666666668,,5
2023-10-21,,,12.025,,5
2023-10-22,,,15.329166666666666,,5
2023-10-23,,,17.208333333333332,,5
2023-10-24,,,16.833333333333332,,5
2023-10-25,,,17.254166666666666,,5
2023-10-26,,,17.587500000000002,,5
2023-10-27,,,17.3,,5
2023-10-28,,,16.808333333333334,,5
2023-10-29,,,16.8875,,5
2023-10-30,,,17.041666666666668,,5
2023-10-31,,,16.916666666666668,,5
2023-11-01,,,17.683333333333334,,5
2023-11-02,,,19.05,,5
2023-11-03,,,19.05,,5
2023-11-04,,,18.245833333333334,,5
2023-11-05,,,15.454166666666666,,5
2023-11-06,,,14.475,,5
2023-11-07,,,6.845833333333334,,5
2023-11-08,,,11.279166666666667,,5
2023-11-09,,,11.916666666666666,,5
2023-11-10,,,7.633333333333333,,5
2023-11-11,,,5.2749999999999995,,5
2023-11-12,,,4.858333333333333,,5
2023-11-13,,,4.4624999999999995,,5
2023-11-14,,,6.933333333333334,,5
2023-11-15,,,9.433333333333334,,5
2023-11-16,,,8.554166666666667,,5
2023-11-17,,,4.0249999999999995,,5
2023-11-18,,,2.9916666666666667,,5
2023-11-19,,,7.229166666666667,,5
2023-11-20,,,7.354166666666667,,5
2023-11-21,,,8.625,,5
2023-11-22,,,9.970833333333333,,5
2023-11-23,,,11.254166666666668,,5
2023-11-24,,,0.6124999999999999,,5
2023-11-25,,,-1.1208333333333333,,5
2023-11-26,,,3.545833333333333,,5
2023-11-27,,,5.6625000000000005,,5
2023-11-28,,,0.5916666666666667,,5
2023-11-29,,,-1.5416666666666667,,5
2023-11-30,,,-2.2624999999999997,,5
2023-12-01,,,0.07500000000000002,,5
2023-12-02,,,2.7708333333333335,,5
2023-12-03,,,4.7875000000000005,,5
2023-12-04,,,5.616666666666667,,5
2023-12-05,,,7.733333333333333,,5
2023-12-06,,,6.945833333333333,,5
2023-12-07,,,6.55,,5
2023-12-08,,,9.754166666666666,,5
2023-12-09,,,12.416666666666666,,5
2023-12-10,,,8.891666666666667,,5
2023-12-11,,,9.1125,,5
2023-12-12,,,6.4750000000000005,,5
2023-12-13,,,6.683333333333334,,5
2023-12-14,,,7.4750000000000005,,5
2023-12-15,,,5.55,,5
2023-12-16,,,-1.3666666666666665,,5
2023-12-17,,,-6.783333333333334,,5
2023-12-18,,,-5.079166666666667,,5
2023-12-19,,,-1.2416666666666667,,5
2023-12-20,,,-7.341666666666668,,5
2023-12-21,,,-9.866666666666667,,5
2023-12-22,,,-8.700000000000001,,5
2023-12-23,,,-4.566666666666666,,5
2023-12-24,,,-1.2874999999999999,,5
2023-12-25,,,-1.2708333333333333,,5
2023-12-26,,,0.06666666666666667,,5
2023-12-27,,,-0.12916666666666668,,5
2023-12-28,,,-0.47500000000000003,,5
2023-12-29,,,0.5083333333333333,,5
2023-12-30,,,0.14444444444444446,,5
2023-12-31,,,,,5
2024-01-01,,,,,5
2024-01-02,,,,,5
2024-01-03,,,,,5
2024-01-04,,,,,5
2024-01-05,,,,,5
2024-01-06,,,,,5
2024-01-07,,,,,5
2024-01-08,,,,,5
2024-01-09,,,,,5
2024-01-10,,,,,5
2024-01-11,,,,,5
2024-01-12,,,,,5
2024-01-13,,,,,5
2024-01-14,,,,,5
2024-01-15,,,,,5
2024-01-16,,,,,5
2024-01-17,,,,,5
2024-01-18,,,,,5
2024-01-19,,,,,5
2024-01-20,,,,,5
2024-01-21,,,,,5
2024-01-22,,,,,5
2024-01-23,0.0,0.0,-13.333333333333334,22.666666666666668,5
2024-01-24,0.0,0.0,-10.612499999999999,2.9583333333333335,5
2024-01-25,0.0,0.0,-5.883333333333333,13.833333333333334,5
2024-01-26,0.0,0.0,-3.8000000000000003,44.375,5
2024-01-27,0.0,0.0,-1.8625,31.583333333333332,5
2024-01-28,0.0,0.0,-2.316666666666667,25.166666666666668,5
2024-01-29,0.0,0.0,-1.3791666666666667,13.625,5
2024-01-30,0.0,0.0,-0.016666666666666663,74.66666666666667,5
2024-01-31,0.0,0.0,3.783333333333333,71.875,5
2024-02-01,4.9,0.0,3.016666666666667,97.70833333333333,5
2024-02-02,0.0,0.0,1.125,88.375,5
2024-02-03,0.0,0.0,0.85,75.58333333333333,5
2024-02-04,0.0,0.0,2.4375,97.33333333333333,5
2024-02-05,3.2,0.0,3.0374999999999996,97.41666666666667,5
2024-02-06,1.1,0.0,0.9666666666666667,89.45833333333333,5
2024-02-07,0.0,0.0,0.15416666666666665,54.166666666666664,5
2024-02-08,0.0,0.0,-0.5166666666666667,26.25,5
2024-02-09,0.0,0.0,-0.8833333333333333,9.0,5
2024-02-10,0.0,0.0,-0.14166666666666666,26.416666666666668,5
2024-02-11,0.0,0.0,1.6041666666666667,38.5,5
2024-02-12,0.0,0.0,2.475,43.625,5
2024-02-13,0.0,0.0,5.833333333333333,72.70833333333333,5
2024-02-14,0.0,0.0,8.75,81.16666666666667,5
2024-02-15,6.0,0.0,6.104166666666667,75.95833333333333,5
2024-02-16,0.0,0.0,0.9791666666666666,18.666666666666668,5
2024-02-17,0.0,0.0,3.079166666666667,63.458333333333336,5
2024-02-18,0.0,0.0,8.004166666666666,77.45833333333333,5
2024-02-19,12.0,0.0,9.920833333333333,86.45833333333333,5
2024-02-20,9.3,2.6,5.954166666666667,100.0,5
2024-02-21,55.3,17.9,1.0583333333333333,100.0,5
2024-02-22,7.1000000000000005,0.0,0.01666666666666668,98.5,5
2024-02-23,0.0,0.0,1.1041666666666667,93.625,5
2024-02-24,4.8,1.7999999999999998,1.2083333333333333,99.20833333333333,5
2024-02-25,8.0,0.0,2.308333333333333,82.25,5
2024-02-26,0.0,0.0,3.079166666666667,56.166666666666664,5
2024-02-27,0.0,0.0,2.733333333333333,95.375,5
2024-02-28,1.8,0.0,4.466666666666667,79.625,5
2024-02-29,14.8,4.7,4.029166666666667,100.0,5
2024-03-01,0.0,0.0,-3.6208333333333336,35.458333333333336,5
2024-03-02,0.30000000000000004,0.0,-2.0458333333333334,38.958333333333336,5
2024-03-03,0.0,0.0,3.466666666666667,25.458333333333332,5
2024-03-04,0.0,0.0,4.3374999999999995,66.41666666666667,5
2024-03-05,0.0,0.0,5.479166666666667,81.91666666666667,5
2024-03-06,0.0,0.0,4.2625,65.20833333333333,5
2024-03-07,0.0,0.0,3.3625000000000003,39.375,5
2024-03-08,0.0,0.0,2.5708333333333333,3.875,5
2024-03-09,0.0,0.0,0.4083333333333334,0.0,5
2024-03-10,0.0,0.0,2.6416666666666666,13.083333333333334,5
2024-03-11,0.0,0.0,4.404166666666667,98.75,5
2024-03-12,0.30000000000000004,0.1,6.883333333333333,85.04166666666667,5
2024-03-13,0.0,0.0,4.575,56.208333333333336,5
2024-03-14,0.0,0.0,5.7,9.291666666666666,5
2024-03-15,0.0,0.0,6.333333333333333,19.25,5
2024-03-16,0.0,0.0,8.620833333333334,13.166666666666666,5
2024-03-17,0.0,0.0,6.245833333333334,62.75,5
2024-03-18,0.0,0.0,4.554166666666666,54.625,5
2024-03-19,0.0,0.0,4.9125000000000005,78.5,5
2024-03-20,0.0,0.0,4.5,13.375,5
2024-03-21,0.0,0.0,4.816666666666666,22.166666666666668,5
2024-03-22,6.8,4.4,6.866666666666667,62.166666666666664,5
2024-03-23,1.2,0.0,10.145833333333334,86.58333333333333,5
2024-03-24,0.0,0.0,12.595833333333333,45.708333333333336,5
2024-03-25,12.6,6.1,9.433333333333334,93.5,5
2024-03-26,14.799999999999999,0.0,7.133333333333333,79.29166666666667,5
2024-03-27,0.4,0.4,8.691666666666666,56.583333333333336,5
2024-03-28,0.7,0.0,10.5625,90.5,5
2024-03-29,0.3,0.0,9.200000000000001,54.25,5
2024-03-30,1.3,0.0,8.0,29.041666666666668,5
2024-03-31,0.0,0.0,8.345833333333333,14.833333333333334,5
2024-04-01,0.0,0.0,8.854166666666666,20.041666666666668,5
2024-04-02,0.0,0.0,10.083333333333334,6.083333333333333,5
2024-04-03,8.3,2.1,9.975,91.125,5
2024-04-04,0.0,0.0,12.683333333333332,76.0,5
2024-04-05,0.0,0.0,11.929166666666667,75.33333333333333,5
2024-04-06,0.0,0.0,10.083333333333334,51.583333333333336,5
2024-04-07,0.0,0.0,13.058333333333332,59.5,5
2024-04-08,0.0,0.0,14.691666666666668,74.83333333333333,5
2024-04-09,0.0,0.0,12.704166666666666,31.0,5
2024-04-10,0.1,0.1,13.9375,98.91666666666667,5
2024-04-11,0.0,0.0,15.0875,22.041666666666668,5
2024-04-12,0.0,0.0,15.004166666666668,98.20833333333333,5
2024-04-13,0.0,0.0,16.945833333333333,33.875,5
2024-04-14,0.0,0.0,17.520833333333332,67.25,5
2024-04-15,3.0,0.0,15.441666666666668,95.95833333333333,5
2024-04-16,0.0,0.0,13.558333333333332,41.375,5
2024-04-17,0.0,0.0,13.975,56.041666666666664,5
2024-04-18,0.0,0.0,15.6875,42.791666666666664,5
2024-04-19,0.0,0.0,15.816666666666668,58.541666666666664,5
2024-04-20,0.4,0.0,16.220833333333335,94.875,5
2024-04-21,0.0,0.0,15.174999999999999,60.708333333333336,5
2024-04-22,0.0,0.0,15.983333333333334,73.95833333333333,5
2024-04-23,0.0,0.0,16.779166666666665,94.04166666666667,5
2024-04-24,2.8,0.0,14.2875,69.125,5
2024-04-25,0.0,0.0,13.975000000000001,28.666666666666668,5
2024-04-26,0.0,0.0,15.758333333333333,5.0,5
2024-04-27,0.0,0.0,17.629166666666666,14.083333333333334,5
2024-04-28,0.0,0.0,19.033333333333335,94.83333333333333,5
2024-04-29,0.0,0.0,19.420833333333334,47.333333333333336,5
2024-04-30,0.0,0.0,18.070833333333333,89.83333333333333,5
2024-05-01,0.0,0.0,17.133333333333333,43.666666666666664,5
2024-05-02,0.0,0.0,17.370833333333334,12.958333333333334,5
2024-05-03,0.0,0.0,18.575,40.25,5
2024-05-04,0.0,0.0,18.9375,52.583333333333336,5
2024-05-05,59.2,10.4,15.450000000000001,100.0,5
2024-05-06,39.6,0.0,15.6625,98.0,5
2024-05-07,3.8,1.0,14.295833333333334,99.66666666666667,5
2024-05-08,0.0,0.0,15.341666666666667,61.375,5
2024-05-09,0.0,0.0,14.987499999999999,17.791666666666668,5
2024-05-10,0.0,0.0,16.016666666666666,68.83333333333333,5
2024-05-11,40.1,8.7,15.054166666666667,96.33333333333333,5
2024-05-12,1.7000000000000002,0.0,17.166666666666668,61.458333333333336,5
2024-05-13,0.0,0.0,14.941666666666668,50.916666666666664,5
2024-05-14,0.0,0.0,15.808333333333332,3.9166666666666665,5
2024-05-15,0.5,0.0,15.75,50.916666666666664,5
2024-05-16,0.0,0.0,14.516666666666666,16.666666666666668,5
2024-05-17,0.6000000000000001,0.0,16.220833333333335,38.75,5
2024-05-18,0.0,0.0,19.266666666666666,49.791666666666664,5
2024-05-19,0.0,0.0,19.708333333333332,28.041666666666668,5
2024-05-20,0.0,0.0,20.150000000000002,50.916666666666664,5
2024-05-21,0.0,0.0,20.591666666666665,58.416666666666664,5
2024-05-22,0.0,0.0,20.858333333333334,22.625,5
2024-05-23,0.0,0.0,20.958333333333332,0.625,5
2024-05-24,0.0,0.0,18.995833333333334,60.375,5
2024-05-25,0.0,0.0,20.404166666666665,84.0,5
2024-05-26,14.3,2.3,19.754166666666666,99.5,5
2024-05-27,9.9,0.1,18.4375,95.625,5
2024-05-28,0.0,0.0,16.0625,63.083333333333336,5
2024-05-29,0.0,0.0,17.970833333333335,31.083333333333332,5
2024-05-30,0.0,0.0,19.849999999999998,98.66666666666667,5
2024-05-31,0.0,0.0,20.608333333333334,22.875,5
2024-06-01,0.0,0.0,19.55,66.41666666666667,5
2024-06-02,0.0,0.0,19.691666666666666,26.75,5
2024-06-03,0.0,0.0,20.5125,23.625,5
2024-06-04,0.0,0.0,21.758333333333336,16.375,5
2024-06-05,0.0,0.0,22.495833333333334,58.5,5
2024-06-06,0.0,0.0,24.195833333333336,53.125,5
2024-06-07,0.0,0.0,22.8625,55.833333333333336,5
2024-06-08,0.0,0.0,21.34166666666667,99.20833333333333,5
2024-06-09,0.0,0.0,22.583333333333332,83.25,5
2024-06-10,0.0,0.0,21.729166666666668,29.458333333333332,5
2024-06-11,0.0,0.0,24.054166666666664,59.5,5
2024-06-12,0.0,0.0,23.891666666666666,24.416666666666668,5
2024-06-13,0.0,0.0,25.275000000000002,21.666666666666668,5
2024-06-14,0.0,0.0,25.291666666666668,46.166666666666664,5
2024-06-15,0.2,0.0,24.46666666666667,61.583333333333336,5
2024-06-16,0.1,0.0,23.65416666666667,56.125,5
2024-06-17,0.0,0.0,22.983333333333334,15.5,5
2024-06-18,0.0,0.0,24.766666666666666,45.625,5
2024-06-19,0.0,0.0,27.166666666666668,12.5,5
2024-06-20,0.0,0.0,27.0125,83.41666666666667,5
2024-06-21,0.30000000000000004,0.0,28.954166666666666,84.0,5
2024-06-22,0.1,0.1,26.766666666666666,96.41666666666667,5
2024-06-23,1.2,0.0,26.787499999999998,87.58333333333333,5
2024-06-24,26.0,3.3,22.78333333333333,98.16666666666667,5
2024-06-25,20.7,0.0,23.587500000000002,69.75,5
2024-06-26,0.0,0.0,23.40416666666667,25.708333333333332,5
2024-06-27,0.0,0.0,22.608333333333334,79.5,5
2024-06-28,0.0,0.0,26.075,54.708333333333336,5
2024-06-29,3.0,1.6,24.9375,69.625,5
2024-06-30,28.5,0.0,23.704166666666666,86.375,5
2024-07-01,31.9,18.6,23.458333333333332,99.75,5
2024-07-02,3.8000000000000003,0.0,24.52916666666667,97.41666666666667,5
2024-07-03,5.4,0.0,24.9875,92.95833333333333,5
2024-07-04,0.0,0.0,24.204166666666666,97.75,5
2024-07-05,1.8,0.0,23.508333333333336,92.33333333333333,5
2024-07-06,0.0,0.0,25.320833333333336,95.25,5
2024-07-07,15.1,0.0,25.650000000000002,89.45833333333333,5
2024-07-08,10.4,3.2,24.97083333333333,100.0,5
2024-07-09,63.800000000000004,0.2,24.849999999999998,97.08333333333333,5
2024-07-10,10.2,0.5,23.858333333333334,95.375,5
2024-07-11,0.0,0.0,24.599999999999998,86.25,5
2024-07-12,0.0,0.0,24.929166666666664,77.625,5
2024-07-13,1.0,0.2,26.058333333333334,49.25,5
2024-07-14,0.7000000000000001,0.0,26.433333333333334,71.75,5
2024-07-15,0.0,0.0,26.72083333333333,91.25,5
2024-07-16,5.2,1.0,26.2625,99.33333333333333,5
2024-07-17,54.6,2.0,24.829166666666666,99.875,5
2024-07-18,110.8,1.7999999999999998,24.425,100.0,5
2024-07-19,0.0,0.0,26.579166666666666,98.91666666666667,5
2024-07-20,7.9,2.0,25.520833333333332,95.5,5
2024-07-21,2.7,0.0,26.629166666666666,89.41666666666667,5
2024-07-22,13.1,0.4,27.308333333333334,99.66666666666667,5
2024-07-23,23.1,1.7,26.258333333333336,97.95833333333333,5
2024-07-24,1.0,0.0,27.787499999999998,95.625,5
2024-07-25,4.2,3.4,28.59583333333333,95.70833333333333,5
2024-07-26,4.3,0.6,29.941666666666666,85.08333333333333,5
2024-07-27,19.8,3.4000000000000004,27.616666666666664,95.25,5
2024-07-28,11.5,0.30000000000000004,29.65416666666667,91.29166666666667,5
2024-07-29,0.0,0.0,28.058333333333334,91.95833333333333,5
2024-07-30,0.5,0.0,27.983333333333334,86.79166666666667,5
2024-07-31,0.0,0.0,28.27916666666667,69.91666666666667,5
2024-08-01,0.2,0.0,28.683333333333334,74.54166666666667,5
2024-08-02,1.8,0.1,28.045833333333334,82.70833333333333,5
2024-08-03,1.1,0.0,28.254166666666666,61.458333333333336,5
2024-08-04,0.0,0.0,29.520833333333332,41.583333333333336,5
2024-08-05,0.3,0.3,29.05,33.333333333333336,5
2024-08-06,1.5,0.0,28.445833333333336,84.83333333333333,5
2024-08-07,0.0,0.0,28.566666666666666,47.958333333333336,5
2024-08-08,0.30000000000000004,0.0,28.287499999999998,82.41666666666667,5
2024-08-09,0.5,0.2,28.645833333333332,61.125,5
2024-08-10,0.0,0.0,27.766666666666666,41.25,5
2024-08-11,0.0,0.0,28.733333333333334,87.125,5
2024-08-12,0.1,0.0,27.849999999999998,88.08333333333333,5
2024-08-13,0.7,0.7,29.95,73.95833333333333,5
2024-08-14,7.4,0.4,27.99166666666667,92.5,5
2024-08-15,13.6,3.3,27.825,98.04166666666667,5
2024-08-16,18.6,0.4,28.2,93.25,5
2024-08-17,5.5,0.0,27.90833333333333,67.75,5
2024-08-18,1.6,1.2,28.370833333333334,42.958333333333336,5
2024-08-19,1.7,0.1,28.025000000000002,91.625,5
2024-08-20,27.5,0.7000000000000001,29.633333333333336,94.625,5
2024-08-21,36.2,2.3,28.7375,97.5,5
2024-08-22,7.3,0.6,27.712500000000002,78.25,5
2024-08-23,0.0,0.0,27.666666666666668,66.0,5
2024-08-24,0.0,0.0,27.912499999999998,67.33333333333333,5
2024-08-25,0.0,0.0,27.191666666666666,91.41666666666667,5
2024-08-26,0.0,0.0,28.25,70.125,5
2024-08-27,4.300000000000001,0.1,25.59583333333333,78.33333333333333,5
2024-08-28,0.0,0.0,26.395833333333332,61.416666666666664,5
2024-08-29,0.0,0.0,26.224999999999998,43.5,5
2024-08-30,0.0,0.0,26.21666666666667,66.0,5
2024-08-31,0.0,0.0,26.558333333333334,17.75,5
2024-09-01,0.0,0.0,25.5,76.125,5
2024-09-02,0.4,0.1,25.46666666666667,87.41666666666667,5
2024-09-03,0.0,0.0,24.804166666666664,30.916666666666668,5
2024-09-04,0.0,0.0,24.6125,22.041666666666668,5
2024-09-05,0.0,0.0,26.066666666666666,92.45833333333333,5
2024-09-06,0.0,0.0,25.3875,94.29166666666667,5
2024-09-07,0.0,0.0,25.270833333333332,73.29166666666667,5
2024-09-08,0.0,0.0,25.979166666666668,52.833333333333336,5
2024-09-09,0.0,0.0,28.1375,64.16666666666667,5
2024-09-10,0.0,0.0,27.266666666666666,36.0,5
2024-09-11,0.0,0.0,27.28333333333333,23.0,5
2024-09-12,1.8,0.2,27.97083333333333,83.625,5
2024-09-13,23.2,2.2,25.179166666666664,95.58333333333333,5
2024-09-14,39.8,0.0,23.337500000000002,97.625,5
2024-09-15,0.0,0.0,25.295833333333334,82.875,5
2024-09-16,0.0,0.0,25.7,77.04166666666667,5
2024-09-17,0.0,0.0,26.474999999999998,61.166666666666664,5
2024-09-18,2.2,0.0,25.429166666666664,73.29166666666667,5
2024-09-19,0.30000000000000004,0.0,27.712500000000002,63.791666666666664,5
2024-09-20,0.4,0.0,20.7375,85.75,5
2024-09-21,0.0,0.0,21.020833333333332,44.375,5
2024-09-22,0.0,0.0,22.120833333333334,65.58333333333333,5
2024-09-23,0.0,0.0,20.479166666666668,55.833333333333336,5
2024-09-24,0.0,0.0,20.474999999999998,73.0,5
2024-09-25,0.0,0.0,21.429166666666664,47.25,5
2024-09-26,0.0,0.0,22.308333333333334,58.375,5
2024-09-27,0.0,0.0,22.15416666666667,63.041666666666664,5
2024-09-28,0.0,0.0,22.099999999999998,57.208333333333336,5
2024-09-29,0.0,0.0,20.837500000000002,28.458333333333332,5
2024-09-30,0.0,0.0,20.875,73.25,5
2024-10-01,0.5,0.0,17.67083333333333,96.875,5
2024-10-02,0.0,0.0,14.666666666666666,65.0,5
2024-10-03,4.5,2.3,15.004166666666668,73.125,5
2024-10-04,0.0,0.0,15.008333333333333,8.708333333333334,5
2024-10-05,0.0,0.0,16.408333333333335,40.708333333333336,5
2024-10-06,6.0,4.2,19.175,97.25,5
2024-10-07,3.6,0.0,15.0,91.875,5
2024-10-08,0.0,0.0,15.9625,52.083333333333336,5
2024-10-09,0.0,0.0,17.020833333333332,50.166666666666664,5
2024-10-10,0.0,0.0,16.466666666666665,59.166666666666664,5
2024-10-11,0.0,0.0,16.470833333333335,20.875,5
2024-10-12,0.0,0.0,16.495833333333334,30.25,5
2024-10-13,0.0,0.0,15.808333333333332,67.95833333333333,5
2024-10-14,0.0,0.0,17.833333333333332,88.08333333333333,5
2024-10-15,0.0,0.0,18.170833333333334,73.875,5
2024-10-16,0.0,0.0,18.333333333333332,45.666666666666664,5
2024-10-17,0.0,0.0,18.529166666666665,68.375,5
2024-10-18,17.8,6.0,16.891666666666666,99.625,5
2024-10-19,0.0,0.0,14.933333333333332,51.583333333333336,5
2024-10-20,0.0,0.0,11.904166666666667,49.5,5
2024-10-21,0.0,0.0,12.779166666666667,94.5,5
2024-10-22,22.1,0.30000000000000004,15.095833333333333,94.625,5
2024-10-23,0.0,0.0,12.4125,36.083333333333336,5
2024-10-24,0.0,0.0,10.070833333333333,12.958333333333334,5
2024-10-25,0.0,0.0,12.012500000000001,21.541666666666668,5
2024-10-26,0.0,0.0,14.183333333333332,59.333333333333336,5
2024-10-27,0.0,0.0,15.958333333333334,68.375,5
2024-10-28,0.0,0.0,15.637500000000001,89.29166666666667,5
2024-10-29,0.0,0.0,15.325000000000001,71.58333333333333,5
2024-10-30,0.0,0.0,13.216666666666667,29.791666666666668,5
2024-10-31,0.0,0.0,13.754166666666668,40.208333333333336,5
2024-11-01,0.0,0.0,14.120833333333332,67.08333333333333,5
2024-11-02,0.0,0.0,14.833333333333334,66.83333333333333,5
2024-11-03,0.0,0.0,13.666666666666666,38.208333333333336,5
2024-11-04,0.0,0.0,9.4375,54.208333333333336,5
2024-11-05,0.0,0.0,4.625,8.333333333333334,5
2024-11-06,0.0,0.0,3.6791666666666667,10.791666666666666,5
2024-11-07,0.0,0.0,3.0500000000000003,0.08333333333333333,5
2024-11-08,0.0,0.0,6.6125,57.875,5
2024-11-09,0.0,0.0,10.895833333333334,52.583333333333336,5
2024-11-10,0.0,0.0,11.433333333333332,10.583333333333334,5
2024-11-11,0.0,0.0,12.316666666666668,45.541666666666664,5
2024-11-12,0.0,0.0,11.85,57.958333333333336,5
2024-11-13,0.0,0.0,11.575000000000001,80.29166666666667,5
2024-11-14,1.3,0.9,13.391666666666666,77.54166666666667,5
2024-11-15,1.1,0.0,13.25,94.41666666666667,5
2024-11-16,8.2,0.0,15.725000000000001,92.125,5
2024-11-17,1.2,0.0,8.3125,46.458333333333336,5
2024-11-18,0.0,0.0,-0.10416666666666663,60.291666666666664,5
2024-11-19,0.0,0.0,0.8875000000000001,81.45833333333333,5
2024-11-20,0.0,0.0,4.616666666666666,62.166666666666664,5
2024-11-21,0.0,0.0,5.920833333333333,27.916666666666668,5
2024-11-22,0.0,0.0,4.2124999999999995,9.416666666666666,5
2024-11-23,0.0,0.0,4.870833333333333,33.75,5
2024-11-24,0.0,0.0,4.645833333333333,59.791666666666664,5
2024-11-25,7.5,2.3,7.245833333333334,99.45833333333333,5
2024-11-26,38.5,0.1,9.191666666666666,97.20833333333333,5
2024-11-27,3.6,0.0,1.25,79.95833333333333,5
2024-11-28,1.2000000000000002,0.0,-0.020833333333333325,70.5,5
2024-11-29,0.0,0.0,-0.8125,60.708333333333336,5
2024-11-30,0.0,0.0,-0.9791666666666666,15.25,5
2024-12-01,0.0,0.0,1.4458333333333335,27.0,5
2024-12-02,2.3,0.0,3.125,73.83333333333333,5
2024-12-03,0.0,0.0,-1.7249999999999999,6.0,5
2024-12-04,0.0,0.0,-1.075,42.5,5
2024-12-05,0.0,0.0,0.4958333333333333,13.666666666666666,5
2024-12-06,0.0,0.0,1.075,33.791666666666664,5
2024-12-07,0.0,0.0,-3.6791666666666667,0.6666666666666666,5
2024-12-08,0.0,0.0,-2.654166666666667,1.3333333333333333,5
2024-12-09,0.0,0.0,-1.7791666666666668,3.375,5
2024-12-10,0.0,0.0,-0.6291666666666668,33.125,5
2024-12-11,0.0,0.0,-0.6958333333333333,91.375,5
2024-12-12,0.0,0.0,-0.4166666666666667,58.541666666666664,5
2024-12-13,0.4,0.0,-0.8666666666666667,67.5,5
2024-12-14,0.0,0.0,-3.8541666666666665,0.0,5
2024-12-15,0.0,0.0,-2.7291666666666665,42.0,5
2024-12-16,0.0,0.0,-1.4541666666666666,34.041666666666664,5
2024-12-17,0.0,0.0,-1.4083333333333332,22.666666666666668,5
2024-12-18,0.0,0.0,-4.370833333333334,3.8333333333333335,5
2024-12-19,0.0,0.0,-5.404166666666666,19.125,5
2024-12-20,0.5,0.1,-2.2125,86.75,5
2024-12-21,2.7,0.0,-1.25,74.45833333333333,5
2024-12-22,0.0,0.0,-4.966666666666667,0.0,5
2024-12-23,0.0,0.0,-4.320833333333334,0.0,5
2024-12-24,0.0,0.0,-2.4916666666666667,4.416666666666667,5
2024-12-25,1.0,0.0,-1.3416666666666668,95.5,5
2024-12-26,0.5,0.0,-1.5458333333333334,37.291666666666664,5
2024-12-27,0.0,0.0,-5.116666666666666,28.958333333333332,5
2024-12-28,0.0,0.0,-5.283333333333333,6.791666666666667,5
2024-12-29,0.0,0.0,-3.3833333333333333,34.541666666666664,5
2024-12-30,0.6000000000000001,0.1,1.5541666666666665,90.83333333333333,5
2024-12-31,0.0,0.0,-1.0208333333333333,0.0,5
2025-01-01,0.0,0.0,-0.8999999999999999,14.875,5
2025-01-02,0.0,0.0,-0.13750000000000004,50.125,5
2025-01-03,0.0,0.0,-2.8791666666666664,2.1666666666666665,5
2025-01-04,0.0,0.0,-3.2541666666666664,8.208333333333334,5
2025-01-05,1.7,1.2,0.6749999999999999,91.58333333333333,5
2025-01-06,0.30000000000000004,0.0,0.5083333333333333,62.583333333333336,5
2025-01-07,0.0,0.0,-3.845833333333333,23.583333333333332,5
2025-01-08,0.0,0.0,-5.879166666666666,9.375,5
2025-01-09,0.0,0.0,-11.2875,1.25,5
2025-01-10,0.0,0.0,-9.504166666666666,1.2083333333333333,5
2025-01-11,0.0,0.0,-6.254166666666666,31.0,5
2025-01-12,0.0,0.0,-3.9916666666666667,78.5,5
2025-01-13,0.2,0.0,-3.7416666666666667,39.291666666666664,5
2025-01-14,2.1999999999999997,0.0,1.2708333333333333,85.83333333333333,5
2025-01-15,0.0,0.0,-5.304166666666666,7.708333333333333,5
2025-01-16,0.0,0.0,-6.379166666666666,22.916666666666668,5
2025-01-17,0.6000000000000001,0.0,-1.7583333333333335,36.5,5
2025-01-18,0.0,0.0,-1.7874999999999999,15.875,5
2025-01-19,0.0,0.0,1.0916666666666666,95.79166666666667,5
2025-01-20,0.0,0.0,1.9666666666666668,64.79166666666667,5
2025-01-21,0.0,0.0,1.3875,10.916666666666666,5
2025-01-22,0.0,0.0,1.5583333333333333,61.166666666666664,5
2025-01-23,0.0,0.0,2.316666666666667,41.125,5
2025-01-24,0.0,0.0,0.19999999999999996,0.0,5
2025-01-25,0.0,0.0,1.2375,40.75,5
2025-01-26,0.0,0.0,1.6833333333333333,96.5,5
2025-01-27,8.6,0.30000000000000004,0.5375,94.70833333333333,5
2025-01-28,0.30000000000000004,0.0,-4.245833333333334,85.70833333333333,5
2025-01-29,0.0,0.0,-5.529166666666666,47.875,5
2025-01-30,0.0,0.0,-5.716666666666666,33.291666666666664,5
2025-01-31,0.7000000000000001,0.5,-2.4125,72.5,5
2025-02-01,0.0,0.0,2.5,80.20833333333333,5
2025-02-02,0.0,0.0,0.14583333333333343,46.125,5
2025-02-03,0.0,0.0,-2.1083333333333334,39.541666666666664,5
2025-02-04,0.0,0.0,-8.833333333333334,18.958333333333332,5
2025-02-05,0.0,0.0,-9.308333333333334,31.875,5
2025-02-06,0.6000000000000001,0.2,-6.25,45.583333333333336,5
2025-02-07,0.4,0.0,-7.333333333333333,62.541666666666664,5
2025-02-08,0.0,0.0,-9.520833333333334,8.083333333333334,5
2025-02-09,0.0,0.0,-7.175,28.333333333333332,5
2025-02-10,0.0,0.0,-4.404166666666667,23.541666666666668,5
2025-02-11,0.0,0.0,-0.6583333333333333,50.0,5
2025-02-12,3.4,0.0,1.7874999999999999,90.54166666666667,5
2025-02-13,0.0,0.0,-1.5458333333333334,5.75,5
2025-02-14,0.0,0.0,2.004166666666667,46.666666666666664,5
2025-02-15,0.0,0.0,2.8791666666666664,91.375,5
2025-02-16,0.0,0.0,2.970833333333333,59.625,5
2025-02-17,0.0,0.0,-1.8875,0.3333333333333333,5
2025-02-18,0.0,0.0,-4.05,0.0,5
2025-02-19,0.0,0.0,-4.8500000000000005,0.0,5
2025-02-20,0.0,0.0,-4.104166666666667,11.333333333333334,5
2025-02-21,0.0,0.0,-4.016666666666667,9.958333333333334,5
2025-02-22,0.0,0.0,-4.7250000000000005,4.25,5
2025-02-23,0.0,0.0,-4.254166666666666,5.125,5
2025-02-24,0.0,0.0,-2.4583333333333335,6.791666666666667,5
2025-02-25,0.0,0.0,1.1416666666666668,48.041666666666664,5
2025-02-26,0.0,0.0,1.5083333333333335,28.125,5
2025-02-27,0.0,0.0,3.1166666666666667,25.958333333333332,5
2025-02-28,0.0,0.0,5.995833333333334,66.95833333333333,5
2025-03-01,3.4,3.4,6.895833333333333,87.20833333333333,5
2025-03-02,8.3,2.3,9.641666666666667,93.25,5
2025-03-03,55.1,1.7,1.5083333333333335,100.0,5
2025-03-04,20.7,0.7,0.8875000000000001,97.79166666666667,5
2025-03-05,0.0,0.0,2.85,65.16666666666667,5
2025-03-06,0.0,0.0,3.516666666666667,25.041666666666668,5
2025-03-07,0.0,0.0,3.295833333333333,55.166666666666664,5
2025-03-08,0.0,0.0,3.654166666666667,83.45833333333333,5
2025-03-09,0.0,0.0,4.879166666666666,27.0,5
2025-03-10,0.0,0.0,6.145833333333333,54.291666666666664,5
2025-03-11,0.0,0.0,6.770833333333333,43.666666666666664,5
2025-03-12,0.0,0.0,6.341666666666666,77.16666666666667,5
2025-03-13,0.0,0.0,6.045833333333333,51.375,5
2025-03-14,0.0,0.0,10.220833333333333,82.20833333333333,5
2025-03-15,0.5,0.0,8.670833333333333,98.41666666666667,5
2025-03-16,4.9,1.4,3.8708333333333336,86.54166666666667,5
2025-03-17,0.0,0.0,0.5999999999999999,29.791666666666668,5
2025-03-18,0.0,0.0,1.2083333333333333,44.708333333333336,5
2025-03-19,0.0,0.0,2.0541666666666667,8.583333333333334,5
2025-03-20,0.30000000000000004,0.0,6.2250000000000005,46.166666666666664,5
2025-03-21,0.0,0.0,8.954166666666667,49.958333333333336,5
2025-03-22,0.0,0.0,9.433333333333334,4.916666666666667,5
2025-03-23,0.0,0.0,11.470833333333333,42.541666666666664,5
2025-03-24,0.0,0.0,12.137500000000001,43.041666666666664,5
2025-03-25,0.0,0.0,12.9625,38.25,5
2025-03-26,0.0,0.0,15.725,80.45833333333333,5
2025-03-27,18.9,0.3,11.433333333333332,97.0,5
2025-03-28,0.1,0.0,5.679166666666667,87.5,5
2025-03-29,0.1,0.0,1.7666666666666666,28.25,5
2025-03-30,1.2,0.0,3.341666666666667,31.208333333333332,5
2025-03-31,0.0,0.0,3.6916666666666664,9.25,5
2025-04-01,0.6000000000000001,0.0,6.875,42.708333333333336,5
2025-04-02,0.9,0.0,9.2125,58.583333333333336,5
2025-04-03,0.0,0.0,7.795833333333333,55.75,5
2025-04-04,0.0,0.0,9.216666666666667,61.916666666666664,5
2025-04-05,13.8,0.6,8.166666666666666,93.41666666666667,5
2025-04-06,0.0,0.0,9.341666666666667,10.875,5
2025-04-07,0.0,0.0,9.5625,16.75,5
2025-04-08,0.0,0.0,11.612499999999999,14.791666666666666,5
2025-04-09,0.0,0.0,12.3125,67.04166666666667,5
2025-04-10,9.1,0.4,14.4625,90.95833333333333,5
2025-04-11,10.5,0.0,13.6875,75.66666666666667,5
2025-04-12,20.3,10.799999999999999,10.658333333333333,87.54166666666667,5
2025-04-13,9.2,1.2,6.691666666666666,90.41666666666667,5
2025-04-14,10.1,1.0,6.258333333333333,97.70833333333333,5
2025-04-15,0.0,0.0,8.904166666666667,44.75,5
2025-04-16,0.0,0.0,13.679166666666667,82.95833333333333,5
2025-04-17,0.7,0.3,16.745833333333334,90.91666666666667,5
2025-04-18,0.1,0.0,16.724999999999998,93.58333333333333,5
2025-04-19,30.4,28.599999999999998,15.520833333333334,99.91666666666667,5
2025-04-20,0.2,0.0,14.704166666666666,48.541666666666664,5
2025-04-21,0.0,0.0,15.5375,51.208333333333336,5
2025-04-22,10.4,0.0,16.479166666666668,92.08333333333333,5
2025-04-23,0.0,0.0,18.2375,60.833333333333336,5
2025-04-24,0.0,0.0,13.570833333333333,19.333333333333332,5
2025-04-25,0.0,0.0,11.6,0.625,5
2025-04-26,0.0,0.0,11.454166666666666,0.6666666666666666,5
2025-04-27,0.0,0.0,13.441666666666668,91.25,5
2025-04-28,0.8999999999999999,0.0,11.191666666666668,29.583333333333332,5
2025-04-29,0.0,0.0,12.791666666666666,18.583333333333332,5
2025-04-30,0.0,0.0,16.816666666666666,39.75,5
2025-05-01,19.9,2.0,16.054166666666667,83.875,5
2025-05-02,7.9,0.0,15.029166666666667,83.04166666666667,5
2025-05-03,4.7,0.0,12.9375,67.0,5
2025-05-04,0.0,0.0,13.35,39.0,5
2025-05-05,0.0,0.0,12.174999999999999,71.54166666666667,5
2025-05-06,3.4,0.0,14.358333333333334,93.58333333333333,5
2025-05-07,0.0,0.0,14.012500000000001,60.5,5
2025-05-08,0.2,0.0,15.987499999999999,73.75,5
2025-05-09,1.8,0.1,14.695833333333333,99.04166666666667,5
2025-05-10,0.0,0.0,14.308333333333332,65.0,5
2025-05-11,2.9,0.7,13.220833333333333,93.875,5
2025-05-12,0.0,0.0,15.258333333333333,41.375,5
2025-05-13,0.0,0.0,17.166666666666668,65.66666666666667,5
2025-05-14,0.4,0.2,18.245833333333334,84.45833333333333,5
2025-05-15,11.8,0.2,18.820833333333333,97.25,5
2025-05-16,0.0,0.0,19.816666666666666,78.25,5
2025-05-17,0.0,0.0,20.683333333333334,70.0,5
2025-05-18,0.0,0.0,16.545833333333334,41.583333333333336,5
2025-05-19,0.8999999999999999,0.6,14.5,74.25,5
2025-05-20,0.5,0.0,18.775000000000002,95.54166666666667,5
2025-05-21,0.0,0.0,21.9875,74.58333333333333,5
2025-05-22,0.0,0.0,21.837500000000002,82.41666666666667,5
2025-05-23,0.0,0.0,19.395833333333332,91.83333333333333,5
2025-05-24,4.1,0.0,15.920833333333334,66.5,5
2025-05-25,0.0,0.0,17.579166666666666,3.9583333333333335,5
2025-05-26,0.0,0.0,19.191666666666666,22.416666666666668,5
2025-05-27,0.0,0.0,19.083333333333332,8.708333333333334,5
2025-05-28,0.0,0.0,20.599999999999998,9.5,5
2025-05-29,0.0,0.0,22.670833333333334,22.333333333333332,5
2025-05-30,6.4,4.0,17.383333333333333,56.75,5
2025-05-31,0.0,0.0,21.175,29.875,5
2025-06-01,0.0,0.0,22.425,58.541666666666664,5
2025-06-02,0.4,0.4,20.787499999999998,100.0,5
2025-06-03,0.0,0.0,19.287499999999998,70.125,5
2025-06-04,0.0,0.0,19.483333333333334,47.166666666666664,5
2025-06-05,0.0,0.0,20.516666666666666,21.791666666666668,5
2025-06-06,0.0,0.0,21.95,74.45833333333333,5
2025-06-07,0.0,0.0,22.179166666666664,65.375,5
2025-06-08,0.0,0.0,24.099999999999998,89.375,5
2025-06-09,0.0,0.0,25.883333333333336,64.45833333333333,5
2025-06-10,0.0,0.0,22.816666666666666,29.166666666666668,5
2025-06-11,0.0,0.0,24.395833333333332,34.916666666666664,5
2025-06-12,0.0,0.0,24.09583333333333,83.33333333333333,5
2025-06-13,8.7,2.1,24.545833333333334,28.416666666666668,5
2025-06-14,18.9,0.0,23.15416666666667,96.54166666666667,5
2025-06-15,30.1,25.200000000000003,24.508333333333336,99.16666666666667,5
2025-06-16,4.7,0.0,24.070833333333336,55.041666666666664,5
2025-06-17,0.0,0.0,25.125,47.708333333333336,5
2025-06-18,0.0,0.0,24.833333333333332,41.625,5
2025-06-19,28.3,13.9,25.329166666666666,49.166666666666664,5
2025-06-20,12.3,0.2,22.587500000000002,99.70833333333333,5
2025-06-21,5.4,0.0,22.170833333333334,100.0,5
2025-06-22,0.0,0.0,23.270833333333332,59.0,5
2025-06-23,0.0,0.0,26.162499999999998,98.41666666666667,5
2025-06-24,0.0,0.0,24.7625,77.125,5
2025-06-25,0.0,0.0,25.816666666666666,53.958333333333336,5
2025-06-26,0.0,0.0,26.0125,84.70833333333333,5
2025-06-27,0.0,0.0,22.925,100.0,5
2025-06-28,0.8,0.0,24.729166666666668,99.58333333333333,5
2025-06-29,7.2,0.0,25.7375,83.45833333333333,5
2025-06-30,0.4,0.2,26.224999999999998,95.91666666666667,5
2025-07-01,0.4,0.0,26.891666666666666,87.83333333333333,5
2025-07-02,0.0,0.0,26.275000000000002,82.0,5
2025-07-03,0.0,0.0,25.75,84.83333333333333,5
2025-07-04,0.0,0.0,26.229166666666668,57.166666666666664,5
2025-07-05,0.0,0.0,26.308333333333334,79.91666666666667,5
2025-07-06,0.0,0.0,27.40416666666667,54.25,5
2025-07-07,0.0,0.0,28.375,18.583333333333332,5
2025-07-08,0.0,0.0,31.587500000000002,34.333333333333336,5
2025-07-09,0.0,0.0,33.199999999999996,28.125,5
2025-07-10,0.0,0.0,31.941666666666666,35.541666666666664,5
2025-07-11,0.0,0.0,30.5625,16.666666666666668,5
2025-07-12,0.0,0.0,30.650000000000002,5.75,5
2025-07-13,0.0,0.0,29.875,5.458333333333333,5
2025-07-14,0.1,0.1,29.0,39.583333333333336,5
2025-07-15,0.0,0.0,29.433333333333334,53.041666666666664,5
2025-07-16,0.4,0.0,28.900000000000002,86.41666666666667,5
2025-07-17,13.200000000000001,6.1000000000000005,25.679166666666664,92.5,5
2025-07-18,30.7,1.0,25.579166666666666,100.0,5
2025-07-19,20.0,3.0999999999999996,26.78333333333333,89.625,5
2025-07-20,1.9000000000000001,0.0,27.604166666666668,90.20833333333333,5
2025-07-21,0.0,0.0,28.037499999999998,98.20833333333333,5
2025-07-22,2.7,0.4,26.995833333333334,96.125,5
2025-07-23,0.0,0.0,27.679166666666664,74.58333333333333,5
2025-07-24,0.0,0.0,27.420833333333334,47.458333333333336,5
2025-07-25,0.0,0.0,27.71666666666667,20.25,5
2025-07-26,0.0,0.0,29.675,38.25,5
2025-07-27,0.0,0.0,30.583333333333332,6.875,5
2025-07-28,0.0,0.0,30.8,6.916666666666667,5
2025-07-29,0.0,0.0,31.05,45.75,5
2025-07-30,0.0,0.0,29.400000000000002,100.0,5
2025-07-31,0.2,0.0,29.329166666666666,100.0,5
2025-08-01,0.8,0.0,28.741666666666664,100.0,5
2025-08-02,0.0,0.0,31.087500000000002,100.0,5
2025-08-03,0.0,0.0,30.566666666666666,85.25,5
2025-08-04,12.6,5.4,27.55,84.0,5
2025-08-05,3.9,0.0,28.28333333333333,95.41666666666669,5
2025-08-06,37.7,0.0,27.229166666666668,85.95833333333333,5
2025-08-07,0.0,0.0,26.395833333333332,32.208333333333336,5
2025-08-08,0.0,0.0,26.495833333333337,79.58333333333333,5
2025-08-09,0.3,0.1,27.208333333333332,75.66666666666667,5
2025-08-10,0.0,0.0,28.15416666666667,63.5,5
2025-08-11,0.0,0.0,28.433333333333337,87.45833333333333,5
2025-08-12,3.0,0.0,28.366666666666664,71.91666666666667,5
2025-08-13,12.0,0.0,26.933333333333334,95.33333333333333,5
2025-08-14,5.1,0.6,26.508333333333336,93.58333333333333,5
2025-08-15,0.0,0.0,28.425,40.625,5
2025-08-16,0.0,0.0,28.275,87.54166666666667,5
2025-08-17,0.0,0.0,27.941666666666663,89.66666666666667,5
2025-08-18,0.0,0.0,27.7,80.125,5
2025-08-19,37.1,11.7,27.1,88.125,5
2025-08-20,25.1,0.0,27.854166666666668,93.375,5
2025-08-21,0.0,0.0,28.2625,62.875,5
2025-08-22,0.0,0.0,29.208333333333332,52.958333333333336,5
2025-08-23,0.0,0.0,28.745833333333337,53.416666666666664,5
2025-08-24,0.3,0.0,28.745833333333337,30.291666666666668,5
2025-08-25,0.30000000000000004,0.0,28.47083333333333,60.125,5
2025-08-26,14.3,0.3,27.1375,90.95833333333331,5
2025-08-27,0.0,0.0,27.766666666666666,63.833333333333336,5
2025-08-28,0.0,0.0,27.641666666666666,64.20833333333333,5
2025-08-29,0.4,0.4,27.78333333333333,80.33333333333333,5
2025-08-30,11.1,2.8000000000000003,27.3875,82.16666666666667,5
2025-08-31,1.2,0.0,28.212500000000002,82.54166666666667,5
2025-09-01,20.5,1.1,26.275000000000002,96.79166666666667,5
2025-09-02,9.9,0.0,27.579166666666666,68.875,5
2025-09-03,0.0,0.0,28.120833333333337,71.91666666666667,5
2025-09-04,0.4,0.0,27.954166666666666,80.08333333333333,5
2025-09-05,11.2,1.2,26.579166666666666,97.16666666666667,5
2025-09-06,6.3,1.2000000000000002,27.59583333333333,84.08333333333333,5
2025-09-07,10.2,0.0,24.27916666666667,89.91666666666667,5
2025-09-08,0.0,0.0,23.21666666666667,97.91666666666667,5
2025-09-09,0.0,0.0,24.3375,86.66666666666667,5
2025-09-10,0.0,0.0,24.8,12.0,5
2025-09-11,0.0,0.0,25.6375,8.416666666666666,5
2025-09-12,0.0,0.0,25.745833333333337,64.875,5
2025-09-13,34.4,6.9,25.733333333333334,99.375,5
2025-09-14,1.5,0.0,25.25,78.16666666666667,5
2025-09-15,0.0,0.0,24.71666666666667,91.95833333333331,5
2025-09-16,4.6000000000000005,3.2,25.104166666666668,92.79166666666669,5
2025-09-17,10.9,0.0,24.304166666666664,96.83333333333331,5
2025-09-18,0.0,0.0,22.337500000000002,62.416666666666664,5
2025-09-19,1.1,0.1,20.658333333333335,95.375,5
2025-09-20,1.7,0.0,19.375,86.375,5
2025-09-21,0.0,0.0,20.5375,92.625,5
2025-09-22,0.0,0.0,20.875,93.66666666666667,5
2025-09-23,0.0,0.0,21.729166666666668,94.70833333333331,5
2025-09-24,33.2,3.4,20.6875,99.91666666666669,5
2025-09-25,3.3,0.0,23.337500000000002,90.375,5
2025-09-26,0.0,0.0,22.4375,76.79166666666667,5
2025-09-27,0.0,0.0,21.425,89.0,5
2025-09-28,4.1,0.0,20.599999999999998,96.0,5
2025-09-29,0.0,0.0,20.3,82.16666666666667,5
2025-09-30,0.0,0.0,19.7625,83.0,5
2025-10-01,0.0,0.0,21.854166666666668,65.0,5
2025-10-02,0.0,0.0,21.570833333333336,78.125,5
2025-10-03,0.0,0.0,20.933333333333337,49.583333333333336,5
2025-10-04,0.0,0.0,22.1,75.75,5
2025-10-05,2.5,0.0,22.366666666666664,96.45833333333333,5
2025-10-06,6.9,0.2,21.825,92.91666666666669,5
2025-10-07,8.5,2.2,18.908333333333335,100.0,5
2025-10-08,0.3,0.0,20.0625,17.083333333333332,5
2025-10-09,0.0,0.0,20.020833333333332,69.70833333333333,5
2025-10-10,0.0,0.0,17.295833333333334,50.541666666666664,5
2025-10-11,0.7000000000000001,0.0,19.5625,75.91666666666667,5
2025-10-12,9.4,5.5,20.9625,99.75,5
2025-10-13,52.6,11.0,15.5375,99.875,5
2025-10-14,36.0,1.7000000000000002,17.6125,95.41666666666669,5
2025-10-15,0.3,0.0,19.925,86.16666666666667,5
2025-10-16,15.6,0.0,19.2375,43.875,5
2025-10-17,1.7999999999999998,0.4,18.787499999999998,53.875,5
2025-10-18,13.7,0.0,15.120833333333332,94.95833333333331,5
2025-10-19,0.0,0.0,9.675,35.333333333333336,5
2025-10-20,0.0,0.0,7.770833333333333,62.791666666666664,5
2025-10-21,0.0,0.0,8.575000000000001,25.041666666666668,5
2025-10-22,0.0,0.0,10.05,5.791666666666667,5
2025-10-23,0.0,0.0,12.8125,27.333333333333332,5
2025-10-24,0.0,0.0,12.425,40.791666666666664,5
2025-10-25,0.0,0.0,12.799999999999999,89.08333333333333,5
2025-10-26,0.0,0.0,11.920833333333334,57.125,5
2025-10-27,0.0,0.0,5.825,0.0833333333333333,5
2025-10-28,0.0,0.0,5.958333333333333,0.125,5
2025-10-29,0.0,0.0,9.229166666666666,21.166666666666668,5
2025-10-30,0.0,0.0,11.2125,46.041666666666664,5
2025-10-31,2.8,0.0,12.341666666666669,39.708333333333336,5
2025-11-01,19.3,0.0,11.191666666666668,40.125,5
2025-11-02,1.2,0.0,7.670833333333333,4.541666666666667,5
2025-11-03,0.0,0.0,4.4375,0.0,5
2025-11-04,0.0,0.0,6.3374999999999995,7.5,5
2025-11-05,0.0,0.0,8.85,28.75,5
2025-11-06,0.0,0.0,10.85,38.666666666666664,5
2025-11-07,0.0,0.0,11.6625,57.5,5
2025-11-08,0.6000000000000001,0.0,13.2125,69.75,5
2025-11-09,1.7,0.0,12.612499999999999,52.875,5
2025-11-10,0.0,0.0,5.970833333333334,8.75,5
2025-11-11,0.0,0.0,6.2375,28.916666666666668,5
2025-11-12,0.0,0.0,7.895833333333333,23.875,5
2025-11-13,0.0,0.0,9.320833333333333,23.375,5
2025-11-14,0.0,0.0,6.6875,0.625,5
2025-11-15,0.0,0.0,7.516666666666667,78.875,5
2025-11-16,0.1,0.0,9.866666666666667,48.041666666666664,5
2025-11-17,0.0,0.0,1.6875,36.541666666666664,5
2025-11-18,0.0,0.0,-0.325,3.25,5
2025-11-19,0.0,0.0,1.45,25.458333333333332,5
2025-11-20,0.0,0.0,5.516666666666667,56.583333333333336,5
2025-11-21,0.0,0.0,5.833333333333333,27.541666666666668,5
2025-11-22,0.0,0.0,5.4125000000000005,7.333333333333333,5
2025-11-23,0.0,0.0,7.970833333333334,92.875,5
2025-11-24,0.8,0.0,10.512500000000001,27.083333333333332,5
2025-11-25,0.3,0.0,5.441666666666666,46.833333333333336,5
2025-11-26,0.0,0.0,3.5500000000000003,18.166666666666668,5
2025-11-27,9.8,0.0,5.091666666666667,60.166666666666664,5
2025-11-28,0.0,0.0,0.7416666666666667,0.0416666666666666,5
2025-11-29,1.0,0.6,5.825,30.25,5
2025-11-30,1.4,0.7000000000000001,9.1625,78.5,5
2025-12-01,0.0,0.0,2.058333333333333,14.208333333333334,5
2025-12-02,0.0,0.0,-2.9333333333333336,29.083333333333332,5
2025-12-03,0.0,0.0,-6.079166666666667,0.5833333333333334,5
2025-12-04,1.7,1.7,-1.9666666666666666,58.916666666666664,5
2025-12-05,0.0,0.0,-1.95,1.0416666666666667,5
2025-12-06,0.4,0.0,2.6916666666666664,52.333333333333336,5
2025-12-07,1.1,0.0,6.583333333333333,11.208333333333334,5
2025-12-08,0.0,0.0,0.5083333333333333,31.708333333333332,5
2025-12-09,0.0,0.0,-1.1541666666666666,7.416666666666667,5
2025-12-10,0.1,0.0,2.9166666666666665,66.08333333333333,5
2025-12-11,0.7,0.0,3.7916666666666665,52.25,5
2025-12-12,0.0,0.0,1.2541666666666667,78.95833333333333,5
2025-12-13,6.4,1.1,1.4,90.125,5
2025-12-14,0.0,0.0,-3.1,40.375,5
2025-12-15,0.0,0.0,-3.0124999999999997,47.166666666666664,5
2025-12-16,0.0,0.0,3.2125,52.708333333333336,5
2025-12-17,0.0,0.0,0.5499999999999999,48.5,5
2025-12-18,0.0,0.0,1.075,9.583333333333334,5
2025-12-19,0.0,0.0,2.9583333333333335,45.583333333333336,5
2025-12-20,4.7,1.8,6.104166666666667,99.79166666666669,5
2025-12-21,0.0,0.0,-2.183333333333333,25.416666666666668,5
2025-12-22,0.0,0.0,-1.429166666666667,37.958333333333336,5
2025-12-23,16.5,4.4,1.6833333333333333,100.0,5
2025-12-24,3.3,0.0,0.9333333333333332,34.375,5
2025-12-25,0.0,0.0,-4.6499999999999995,0.0,5
2025-12-26,0.0,0.0,-8.308333333333334,16.666666666666668,5
2025-12-27,0.0,0.0,-4.2,81.0,5
2025-12-28,4.5,0.4,0.85,77.58333333333333,5
2025-12-29,5.5,0.0,1.2291666666666667,21.375,5
2025-12-30,0.0,0.0,-2.704166666666667,11.5,5
2025-12-31,0.0,0.0,-4.383333333333334,24.208333333333332,5
2026-01-01,0.0,0.0,-9.083333333333334,25.083333333333332,5
2026-01-02,0.0,0.0,-9.533333333333331,0.0,5
2026-01-03,0.0,0.0,-4.075,31.5,5
2026-01-04,0.0,0.0,-0.008333333333333304,45.25,5
2026-01-05,0.0,0.0,-3.970833333333333,5.208333333333333,5
2026-01-06,0.0,0.0,-2.15,68.875,5
2026-01-07,0.0,0.0,-0.7583333333333333,45.166666666666664,5
2026-01-08,0.0,0.0,-6.604166666666667,0.0,5
2026-01-09,3.1,2.1,-1.6583333333333332,75.66666666666667,5
2026-01-10,1.7000000000000002,0.0,-0.10416666666666674,32.375,5
2026-01-11,0.0,0.0,-8.762500000000001,0.9583333333333334,5
2026-01-12,0.6000000000000001,0.2,-3.845833333333333,89.29166666666667,5
2026-01-13,0.4,0.0,-3.266666666666666,18.416666666666668,5
2026-01-14,0.0,0.0,-4.283333333333333,54.25,5
2026-01-15,3.8,0.0,2.783333333333333,39.708333333333336,5
2026-01-16,0.0,0.0,-0.2874999999999999,34.541666666666664,5
2026-01-17,0.0,0.0,-2.0541666666666667,12.375,5
2026-01-18,0.0,0.0,-1.0791666666666666,63.416666666666664,5
2026-01-19,5.0,0.0,-1.0625,99.29166666666667,5
2026-01-20,0.0,0.0,-9.541666666666666,33.333333333333336,5
2026-01-21,0.0,0.0,-10.5875,0.0,5
2026-01-22,0.0,0.0,-10.720833333333331,0.0,5
2026-01-23,0.2,0.0,-7.7875,33.958333333333336,5
2026-01-24,0.0,0.0,-8.533333333333333,0.0,5
2026-01-25,0.0,0.0,-8.316666666666666,28.5,5
2026-01-26,0.3,0.1,-6.425,72.125,5
2026-01-27,0.0,0.0,-5.4375,49.166666666666664,5
2026-01-28,0.0,0.0,-7.516666666666667,0.4166666666666667,5
2026-01-29,0.0,0.0,-6.375,13.041666666666666,5
2026-01-30,0.0,0.0,-7.925,49.791666666666664,5
2026-01-31,0.0,0.0,-6.170833333333333,17.833333333333332,5
2026-02-01,0.1,0.0,-1.8291666666666666,61.041666666666664,5
2026-02-02,1.0,0.0,-0.9625,37.208333333333336,5
2026-02-03,0.0,0.0,-2.8958333333333335,10.5,5
2026-02-04,0.0,0.0,-0.14166666666666664,74.95833333333333,5
2026-02-05,0.0,0.0,1.1166666666666667,96.5,5
2026-02-06,0.0,0.0,-7.529166666666666,95.875,5
2026-02-07,0.0,0.0,-9.3625,33.458333333333336,5
2026-02-08,0.0,0.0,-9.1,0.0,5
2026-02-09,0.0,0.0,-4.454166666666667,16.666666666666668,5
2026-02-10,0.9,0.1,-0.8666666666666666,99.91666666666667,5
2026-02-11,0.0,0.0,0.9791666666666666,52.5,5
2026-02-12,0.0,0.0,0.4791666666666667,0.2083333333333333,5
2026-02-13,0.0,0.0,3.1208333333333336,48.791666666666664,5
2026-02-14,0.0,0.0,3.8708333333333336,79.54166666666667,5
2026-02-15,0.5,0.0,4.216666666666667,66.08333333333333,5
2026-02-16,0.0,0.0,-0.16666666666666663,58.875,5
2026-02-17,0.0,0.0,-0.2541666666666667,20.583333333333332,5
2026-02-18,0.0,0.0,0.8291666666666666,0.2083333333333333,5
2026-02-19,0.0,0.0,0.325,0.0,5
2026-02-20,0.0,0.0,2.4791666666666665,6.291666666666667,5
2026-02-21,0.0,0.0,6.458333333333333,12.25,5
2026-02-22,0.0,0.0,5.645833333333333,25.875,5
2026-02-23,0.2,0.0,-0.4875,37.5,5
2026-02-24,13.7,0.0,-0.85,70.5,5
2026-02-25,0.0,0.0,2.575,3.0,5
2026-02-26,0.0,0.0,4.745833333333334,79.125,5
2026-02-27,0.0,0.0,7.583333333333333,46.208333333333336,5
2026-02-28,0.0,0.0,5.445833333333333,4.541666666666667,5
2026-03-01,0.0,0.0,4.604166666666667,97.25,5
2026-03-02,6.7,1.6,3.529166666666667,100.0,5
2026-03-03,1.0,0.0,5.5375000000000005,49.916666666666664,5
2026-03-04,0.0,0.0,3.6875,27.833333333333332,5
2026-03-05,2.5,0.1,5.041666666666667,85.625,5
2026-03-06,5.0,0.0,3.0749999999999997,80.375,5
2026-03-07,0.0,0.0,0.0958333333333332,0.25,5
2026-03-08,0.0,0.0,0.5833333333333331,41.0,5
2026-03-09,0.0,0.0,2.6083333333333334,40.583333333333336,5
2026-03-10,0.0,0.0,1.6916666666666669,25.25,5
2026-03-11,0.0,0.0,2.4583333333333335,58.958333333333336,5
2026-03-12,0.0,0.0,5.179166666666666,7.708333333333333,5
2026-03-13,0.0,0.0,4.9375,36.083333333333336,5
2026-03-14,0.0,0.0,4.954166666666667,84.29166666666667,5
2026-03-15,0.0,0.0,4.833333333333333,84.45833333333333,5
2026-03-16,0.0,0.0,3.766666666666667,46.0,5
2026-03-17,0.0,0.0,5.808333333333334,51.541666666666664,5
2026-03-18,4.4,0.0,5.2875000000000005,100.0,5
2026-03-19,0.0,0.0,4.504166666666666,66.33333333333333,5
2026-03-20,0.0,0.0,5.204166666666667,19.791666666666668,5
2026-03-21,0.0,0.0,5.816666666666666,4.208333333333333,5
2026-03-22,0.0,0.0,6.8125,68.33333333333333,5
2026-03-23,0.0,0.0,8.333333333333334,46.208333333333336,5
2026-03-24,0.0,0.0,9.3125,39.291666666666664,5
2026-03-25,0.0,0.0,10.133333333333333,18.791666666666668,5
2026-03-26,0.0,0.0,10.137500000000001,63.708333333333336,5
2026-03-27,0.0,0.0,11.7,62.833333333333336,5
2026-03-28,0.0,0.0,11.079166666666666,0.0,5
2026-03-29,0.0,0.0,11.016666666666666,58.916666666666664,5
2026-03-30,2.8,0.8,12.4875,100.0,5
2026-03-31,1.3,0.0,14.066666666666668,84.0,5
2026-04-01,0.2,0.0,10.8125,68.08333333333333,5
2026-04-02,0.0,0.0,10.283333333333333,18.666666666666668,5
2026-04-03,0.4,0.0,11.825000000000001,100.0,5
2026-04-04,16.2,0.0,12.258333333333333,61.125,5
2026-04-05,3.2,0.0,10.141666666666667,18.791666666666668,5
2026-04-06,2.1,0.0,12.491666666666667,50.0,5
2026-04-07,0.0,0.0,8.85,16.75,5
2026-04-08,0.0,0.0,9.7375,34.375,5
2026-04-09,13.4,7.300000000000001,9.304166666666667,7.708333333333333,5
2026-04-10,2.9000000000000004,0.0,12.691666666666668,45.333333333333336,5
2026-04-11,0.0,0.0,14.75,7.375,5
2026-04-12,0.0,0.0,18.266666666666666,91.875,5
2026-04-13,0.0,0.0,18.508333333333333,54.75,5
2026-04-14,0.0,0.0,16.925,45.333333333333336,5
2026-04-15,0.0,0.0,15.424999999999999,100.0,5
2026-04-16,0.0,0.0,16.045833333333334,99.20833333333331,5
2026-04-17,0.0,0.0,14.4375,67.875,5
2026-04-18,0.0,0.0,15.608333333333334,0.0,5
2026-04-19,0.0,0.0,17.941666666666666,0.0,5
2026-04-20,1.0,0.6000000000000001,14.4875,50.75,5
2026-04-21,0.0,0.0,12.7125,34.458333333333336,5
2026-04-22,0.0,0.0,13.379166666666668,99.91666666666667,5
2026-04-23,4.9,0.1,13.704166666666666,100.0,5
2026-04-24,0.1,0.0,16.604166666666668,37.5,5
2026-04-25,0.0,0.0,17.845833333333335,57.666666666666664,5
2026-04-26,0.0,0.0,17.3,27.708333333333332,5
2026-04-27,4.6000000000000005,2.5,13.9375,41.458333333333336,5
2026-04-28,0.0,0.0,14.0875,12.625,5
2026-04-29,0.0,0.0,13.9375,46.958333333333336,5
2026-04-30,0.0,0.0,14.5125,0.0,5
2026-05-01,0.0,0.0,15.029166666666669,16.625,5
2026-05-02,0.0,0.0,14.9875,100.0,5
2026-05-03,0.0,0.0,16.229166666666668,70.16666666666667,5
2026-05-04,0.8999999999999999,0.0,14.1375,17.291666666666668,5
2026-05-05,0.0,0.0,14.208333333333334,0.0833333333333333,5
2026-05-06,0.0,0.0,15.8375,7.166666666666667,5
2026-05-07,0.0,0.0,15.779166666666669,85.83333333333333,5
2026-05-08,0.0,0.0,16.325,33.375,5
2026-05-09,0.0,0.0,16.429166666666667,0.0,5
2026-05-10,0.0,0.0,17.529166666666665,28.041666666666668,5
2026-05-11,2.3,0.4,17.224999999999998,62.833333333333336,5
2026-05-12,0.4,0.0,18.495833333333337,81.16666666666667,5
2026-05-13,1.6,0.9,18.508333333333333,65.91666666666667,5
2026-05-14,2.3000000000000003,0.0,22.008333333333336,36.25,5
2026-05-15,0.0,0.0,21.25,0.3333333333333333,5
2026-05-16,0.0,0.0,22.40833333333333,0.0,5
2026-05-17,0.0,0.0,24.629166666666666,14.541666666666666,5
2026-05-18,0.0,0.0,22.3125,62.125,5
2026-05-19,21.9,0.0,20.079166666666666,100.0,5
2026-05-20,1.9000000000000001,0.4,21.520833333333332,99.75,5
2026-05-21,10.6,0.0,18.558333333333334,81.75,5
2026-05-22,0.0,0.0,20.720833333333335,57.5,5
2026-05-23,0.2,0.0,20.229166666666668,37.5,5
2026-05-24,0.0,0.0,20.175,66.625,5
2026-05-25,0.0,0.0,22.458333333333332,88.33333333333333,5
2026-05-26,1.2000000000000002,0.4,23.895833333333332,91.95833333333333,5
2026-05-27,0.6000000000000001,0.0,22.804166666666664,72.91666666666667,5
2026-05-28,1.5,0.0,20.925,30.541666666666668,5
2026-05-29,0.0,0.0,20.304166666666667,0.4166666666666667,5
2026-05-30,0.0,0.0,21.4375,1.2916666666666667,5
2026-05-31,0.0,0.0,22.7,6.083333333333333,5
2026-06-01,0.0,0.0,22.162499999999998,88.08333333333333,5
2026-06-02,0.0,0.0,23.645833333333332,13.416666666666666,5
2026-06-03,0.0,0.0,23.47083333333333,83.375,5
2026-06-04,2.3000000000000003,0.2,22.6625,46.541666666666664,5
2026-06-05,0.0,0.0,22.241666666666664,45.208333333333336,5
2026-06-06,0.0,0.0,21.295833333333334,44.333333333333336,5
2026-06-07,0.6,0.6,22.470833333333335,71.45833333333333,5
2026-06-08,0.5,0.1,20.675,9.875,5
2026-06-09,0.2,0.0,20.8625,12.166666666666666,5
2026-06-10,0.6000000000000001,0.1,21.058333333333334,27.291666666666668,5
2026-06-11,2.7,0.6,20.849999999999998,51.166666666666664,5
2026-06-12,0.0,0.0,22.054166666666664,10.416666666666666,5
2026-06-13,0.0,0.0,23.583333333333332,54.291666666666664,5
2026-06-14,0.8999999999999999,0.7,24.75,64.20833333333333,5
2026-06-15,2.6999999999999997,1.2999999999999998,25.6375,38.125,5
2026-06-16,0.30000000000000004,0.0,26.8125,53.083333333333336,5
2026-06-17,0.0,0.0,28.2125,47.333333333333336,5
2026-06-18,0.0,0.0,27.808333333333337,18.958333333333332,5
2026-06-19,0.0,0.0,28.125,46.75,5
2026-06-20,11.8,5.7,26.90416666666667,73.66666666666667,5
2026-06-21,0.3,0.3,26.354166666666668,45.75,5
2026-06-22,0.1,0.1,22.1125,87.29166666666667,5
2026-06-23,0.0,0.0,22.433333333333337,22.666666666666668,5
2026-06-24,0.0,0.0,22.291666666666668,67.25,5
2026-06-25,1.2000000000000002,0.5,21.662499999999998,35.333333333333336,5
2026-06-26,1.6,0.0,21.429166666666664,51.583333333333336,5
2026-06-27,0.0,0.0,23.391666666666666,70.0,5
2026-06-28,0.1,0.0,24.504166666666663,53.041666666666664,5
2026-06-29,0.6000000000000001,0.2,25.6875,50.625,5
2026-06-30,2.2,0.9,25.96666666666667,60.166666666666664,5
2026-07-01,0.0,0.0,27.304166666666664,41.833333333333336,5
2026-07-02,0.2,0.2,27.229166666666668,51.458333333333336,5
2026-07-03,4.3,0.1,25.516666666666666,37.291666666666664,5
2026-07-04,1.2,0.0,26.641666666666666,57.291666666666664,5
2026-07-05,3.3000000000000003,1.0,26.804166666666664,90.625,5
2026-07-06,20.4,5.1,24.90416666666667,98.66666666666669,5
2026-07-07,34.4,2.1,24.72083333333333,97.75,5
2026-07-08,37.3,12.5,25.775000000000002,96.5,5
2026-07-09,34.8,1.0,24.3,97.29166666666669,5
2026-07-10,2.4000000000000004,0.1,26.1875,82.66666666666667,5
2026-07-11,1.0,0.0,27.3,69.25,5
2026-07-12,0.6000000000000001,0.0,27.545833333333334,94.70833333333331,5
2026-07-13,0.9,0.0,27.579166666666666,62.041666666666664,5
2026-07-14,1.3,0.1,27.837500000000002,78.16666666666667,5
2026-07-15,25.099999999999998,0.0,25.254166666666666,85.375,5
2026-07-16,0.0,0.0,24.383333333333336,56.333333333333336,5
2026-07-17,3.5,0.0,25.77916666666667,70.66666666666667,5
2026-07-18,0.1,0.1,26.395833333333332,55.041666666666664,5
2026-07-19,9.0,0.8999999999999999,24.854166666666668,91.0,5
2026-07-20,0.2,0.0,25.425,81.875,5
2026-07-21,21.2,1.8,24.254166666666666,87.08333333333333,5
2026-07-22,1.1,0.0,26.2875,60.291666666666664,5
2026-07-23,5.2,1.1,25.087500000000002,89.66666666666667,5
2026-07-24,17.8,0.6,24.4375,97.20833333333331,5
2026-07-25,33.699999999999996,1.9,24.425,91.41666666666669,5
2026-07-26,31.5,4.6,24.25,97.125,5
2026-07-27,22.9,1.0,25.354166666666668,93.16666666666667,5
2026-07-28,0.7000000000000001,0.0,27.53333333333333,58.75,5
2026-07-29,3.0,0.1,27.162499999999998,75.0,5
2026-07-30,3.4,0.1,27.254166666666666,85.16666666666667,5
2026-07-31,0.4,0.0,27.333333333333332,82.125,5
2026-08-01,0.2,0.0,28.045833333333334,77.625,5
2026-08-02,0.5,0.0,29.1,59.333333333333336,5
2026-08-03,1.0,0.3,30.070833333333336,27.5,5
2026-08-04,3.6000000000000005,1.3,30.675,41.5,5
2026-08-05,2.4,0.6,30.34166666666667,49.041666666666664,5
2026-08-06,0.0,0.0,31.458333333333332,14.125,5
2026-08-07,0.0,0.0,32.979166666666664,2.9166666666666665,5
2026-08-08,6.5,1.5,29.704166666666666,27.708333333333332,5
2026-08-09,0.0,0.0,26.462500000000002,19.625,5
2026-08-10,0.0,0.0,26.120833333333334,86.375,5
2026-08-11,0.0,0.0,25.6125,61.125,5
2026-08-12,0.0,0.0,24.6,4.083333333333333,5
2026-08-13,1.0,0.3,28.104166666666668,44.916666666666664,5
2026-08-14,0.1,0.1,29.4,64.33333333333333,5
2026-08-15,13.6,2.4,26.245833333333334,97.04166666666667,5
2026-08-16,40.9,3.3000000000000003,25.258333333333336,93.70833333333331,5
2026-08-17,13.6,0.1,26.370833333333337,59.416666666666664,5
2026-08-18,0.2,0.0,26.34166666666667,55.458333333333336,5
2026-08-19,2.1,0.0,26.95,57.333333333333336,5
2026-08-20,1.3,0.2,26.45,86.08333333333333,5
2026-08-21,1.7999999999999998,0.1,26.59166666666667,71.29166666666667,5
2026-08-22,48.699999999999996,6.3,25.0,98.16666666666667,5
2026-08-23,0.1,0.1,28.641666666666666,87.0,5
2026-08-24,15.5,0.0,27.791666666666668,91.5,5
2026-08-25,1.3,0.0,27.724999999999998,72.45833333333333,5
2026-08-26,3.8000000000000003,0.1,26.079166666666666,96.5,5
2026-08-27,2.8,1.4,25.579166666666666,99.91666666666667,5
2026-08-28,0.6000000000000001,0.0,26.1875,96.0,5
2026-08-29,6.2,0.6,25.620833333333334,93.41666666666667,5
2023-06-01,,,21.116666666666667,,6
2023-06-02,,,22.7375,,6
2023-06-03,,,22.875,,6
2023-06-04,,,25.587500000000002,,6
2023-06-05,,,25.275000000000002,,6
2023-06-06,,,23.724999999999998,,6
2023-06-07,,,22.65833333333333,,6
2023-06-08,,,23.670833333333334,,6
2023-06-09,,,21.77916666666667,,6
2023-06-10,,,22.666666666666668,,6
2023-06-11,,,22.808333333333334,,6
2023-06-12,,,20.204166666666666,,6
2023-06-13,,,22.4875,,6
2023-06-14,,,22.866666666666664,,6
2023-06-15,,,24.695833333333336,,6
2023-06-16,,,24.266666666666666,,6
2023-06-17,,,26.21666666666667,,6
2023-06-18,,,28.904166666666665,,6
2023-06-19,,,29.3875,,6
2023-06-20,,,27.09583333333333,,6
2023-06-21,,,25.6125,,6
2023-06-22,,,22.8,,6
2023-06-23,,,27.041666666666668,,6
2023-06-24,,,26.787499999999998,,6
2023-06-25,,,27.795833333333334,,6
2023-06-26,,,26.712500000000002,,6
2023-06-27,,,22.516666666666666,,6
2023-06-28,,,23.858333333333334,,6
2023-06-29,,,23.933333333333334,,6
2023-06-30,,,22.75,,6
2023-07-01,,,25.391666666666666,,6
2023-07-02,,,27.787499999999998,,6
2023-07-03,,,29.541666666666668,,6
2023-07-04,,,26.020833333333332,,6
2023-07-05,,,22.412499999999998,,6
2023-07-06,,,26.054166666666664,,6
2023-07-07,,,28.650000000000002,,6
2023-07-08,,,26.358333333333334,,6
2023-07-09,,,26.266666666666666,,6
2023-07-10,,,26.683333333333334,,6
2023-07-11,,,25.854166666666668,,6
2023-07-12,,,25.325,,6
2023-07-13,,,24.474999999999998,,6
2023-07-14,,,23.579166666666666,,6
2023-07-15,,,24.09583333333333,,6
2023-07-16,,,24.974999999999998,,6
2023-07-17,,,26.016666666666666,,6
2023-07-18,,,21.833333333333332,,6
2023-07-19,,,21.53333333333333,,6
2023-07-20,,,26.900000000000002,,6
2023-07-21,,,28.454166666666666,,6
2023-07-22,,,26.0125,,6
2023-07-23,,,24.370833333333334,,6
2023-07-24,,,23.9375,,6
2023-07-25,,,26.358333333333334,,6
2023-07-26,,,28.15416666666667,,6
2023-07-27,,,29.083333333333332,,6
2023-07-28,,,26.066666666666666,,6
2023-07-29,,,23.587500000000002,,6
2023-07-30,,,29.28333333333333,,6
2023-07-31,,,29.875,,6
2023-08-01,,,31.383333333333336,,6
2023-08-02,,,31.55,,6
2023-08-03,,,28.641666666666666,,6
2023-08-04,,,28.758333333333336,,6
2023-08-05,,,30.0125,,6
2023-08-06,,,32.34583333333333,,6
2023-08-07,,,29.829166666666666,,6
2023-08-08,,,28.479166666666668,,6
2023-08-09,,,26.78333333333333,,6
2023-08-10,,,23.45,,6
2023-08-11,,,25.454166666666666,,6
2023-08-12,,,24.7375,,6
2023-08-13,,,26.21666666666667,,6
2023-08-14,,,27.208333333333332,,6
2023-08-15,,,27.254166666666666,,6
2023-08-16,,,26.708333333333332,,6
2023-08-17,,,27.833333333333332,,6
2023-08-18,,,29.5125,,6
2023-08-19,,,29.84166666666667,,6
2023-08-20,,,27.891666666666666,,6
2023-08-21,,,28.866666666666664,,6
2023-08-22,,,27.45,,6
2023-08-23,,,25.875,,6
2023-08-24,,,23.816666666666666,,6
2023-08-25,,,26.383333333333336,,6
2023-08-26,,,25.666666666666668,,6
2023-08-27,,,23.587500000000002,,6
2023-08-28,,,21.129166666666666,,6
2023-08-29,,,21.266666666666666,,6
2023-08-30,,,24.025000000000002,,6
2023-08-31,,,24.704166666666666,,6
2023-09-01,,,24.275000000000002,,6
2023-09-02,,,25.075,,6
2023-09-03,,,25.866666666666664,,6
2023-09-04,,,25.370833333333334,,6
2023-09-05,,,21.258333333333333,,6
2023-09-06,,,25.108333333333334,,6
2023-09-07,,,22.912499999999998,,6
2023-09-08,,,25.09166666666667,,6
2023-09-09,,,26.133333333333336,,6
2023-09-10,,,26.366666666666664,,6
2023-09-11,,,20.7125,,6
2023-09-12,,,25.275000000000002,,6
2023-09-13,,,24.758333333333336,,6
2023-09-14,,,23.65416666666667,,6
2023-09-15,,,24.391666666666666,,6
2023-09-16,,,20.704166666666666,,6
2023-09-17,,,20.779166666666665,,6
2023-09-18,,,23.304166666666664,,6
2023-09-19,,,24.233333333333334,,6
2023-09-20,,,22.6125,,6
2023-09-21,,,21.279166666666665,,6
2023-09-22,,,21.412499999999998,,6
2023-09-23,,,22.90833333333333,,6
2023-09-24,,,22.5125,,6
2023-09-25,,,20.4375,,6
2023-09-26,,,19.395833333333332,,6
2023-09-27,,,21.59166666666667,,6
2023-09-28,,,21.5125,,6
2023-09-29,,,20.904166666666665,,6
2023-09-30,,,21.579166666666666,,6
2023-10-01,,,19.099999999999998,,6
2023-10-02,,,19.191666666666666,,6
2023-10-03,,,18.966666666666665,,6
2023-10-04,,,19.666666666666668,,6
2023-10-05,,,19.825,,6
2023-10-06,,,17.079166666666666,,6
2023-10-07,,,18.004166666666666,,6
2023-10-08,,,19.145833333333332,,6
2023-10-09,,,18.758333333333333,,6
2023-10-10,,,19.195833333333333,,6
2023-10-11,,,19.275000000000002,,6
2023-10-12,,,19.204166666666666,,6
2023-10-13,,,18.9875,,6
2023-10-14,,,17.916666666666668,,6
2023-10-15,,,17.270833333333332,,6
2023-10-16,,,14.104166666666666,,6
2023-10-17,,,14.387500000000001,,6
2023-10-18,,,16.837500000000002,,6
2023-10-19,,,16.883333333333333,,6
2023-10-20,,,13.304166666666667,,6
2023-10-21,,,11.2125,,6
2023-10-22,,,13.920833333333334,,6
2023-10-23,,,15.929166666666667,,6
2023-10-24,,,17.154166666666665,,6
2023-10-25,,,17.1375,,6
2023-10-26,,,17.4375,,6
2023-10-27,,,16.595833333333335,,6
2023-10-28,,,16.716666666666665,,6
2023-10-29,,,16.875,,6
2023-10-30,,,17.754166666666666,,6
2023-10-31,,,17.229166666666668,,6
2023-11-01,,,17.541666666666668,,6
2023-11-02,,,18.345833333333335,,6
2023-11-03,,,18.641666666666666,,6
2023-11-04,,,18.179166666666667,,6
2023-11-05,,,16.595833333333335,,6
2023-11-06,,,11.170833333333334,,6
2023-11-07,,,8.658333333333333,,6
2023-11-08,,,10.154166666666667,,6
2023-11-09,,,11.883333333333333,,6
2023-11-10,,,6.645833333333333,,6
2023-11-11,,,3.845833333333333,,6
2023-11-12,,,4.3125,,6
2023-11-13,,,4.7250000000000005,,6
2023-11-14,,,7.1375,,6
2023-11-15,,,9.775,,6
2023-11-16,,,8.854166666666666,,6
2023-11-17,,,5.966666666666666,,6
2023-11-18,,,4.570833333333334,,6
2023-11-19,,,7.2250000000000005,,6
2023-11-20,,,6.7124999999999995,,6
2023-11-21,,,8.620833333333334,,6
2023-11-22,,,9.85,,6
2023-11-23,,,11.016666666666666,,6
2023-11-24,,,1.4875,,6
2023-11-25,,,-2.4916666666666667,,6
2023-11-26,,,2.6333333333333333,,6
2023-11-27,,,5.7124999999999995,,6
2023-11-28,,,1.1333333333333333,,6
2023-11-29,,,-1.8416666666666668,,6
2023-11-30,,,-2.3208333333333333,,6
2023-12-01,,,1.1708333333333334,,6
2023-12-02,,,3.0208333333333335,,6
2023-12-03,,,4.566666666666666,,6
2023-12-04,,,5.791666666666667,,6
2023-12-05,,,7.6375,,6
2023-12-06,,,7.491666666666667,,6
2023-12-07,,,6.304166666666667,,6
2023-12-08,,,9.241666666666667,,6
2023-12-09,,,12.429166666666667,,6
2023-12-10,,,9.158333333333333,,6
2023-12-11,,,8.658333333333333,,6
2023-12-12,,,7.7250000000000005,,6
2023-12-13,,,5.5125,,6
2023-12-14,,,6.658333333333334,,6
2023-12-15,,,5.079166666666667,,6
2023-12-16,,,-0.03750000000000001,,6
2023-12-17,,,-7.691666666666666,,6
2023-12-18,,,-4.725,,6
2023-12-19,,,-1.9291666666666665,,6
2023-12-20,,,-8.579166666666667,,6
2023-12-21,,,-9.845833333333333,,6
2023-12-22,,,-8.679166666666667,,6
2023-12-23,,,-4.9125000000000005,,6
2023-12-24,,,-1.8708333333333333,,6
2023-12-25,,,-0.45416666666666666,,6
2023-12-26,,,-0.08750000000000001,,6
2023-12-27,,,-0.48750000000000004,,6
2023-12-28,,,-1.0583333333333333,,6
2023-12-29,,,-0.1125,,6
2023-12-30,,,0.26666666666666666,,6
2023-12-31,,,,,6
2024-01-01,,,,,6
2024-01-02,,,,,6
2024-01-03,,,,,6
2024-01-04,,,,,6
2024-01-05,,,,,6
2024-01-06,,,,,6
2024-01-07,,,,,6
2024-01-08,,,,,6
2024-01-09,,,,,6
2024-01-10,,,,,6
2024-01-11,,,,,6
2024-01-12,,,,,6
2024-01-13,,,,,6
2024-01-14,,,,,6
2024-01-15,,,,,6
2024-01-16,,,,,6
2024-01-17,,,,,6
2024-01-18,,,,,6
2024-01-19,,,,,6
2024-01-20,,,,,6
2024-01-21,,,,,6
2024-01-22,,,,,6
2024-01-23,,,,,6
2024-01-24,0.0,0.0,-9.466666666666667,2.6666666666666665,6
2024-01-25,0.0,0.0,-6.816666666666666,37.083333333333336,6
2024-01-26,0.0,0.0,-1.9749999999999999,65.54166666666667,6
2024-01-27,0.0,0.0,-2.216666666666667,34.541666666666664,6
2024-01-28,0.0,0.0,-3.7541666666666664,10.291666666666666,6
2024-01-29,0.0,0.0,-2.4499999999999997,10.125,6
2024-01-30,0.0,0.0,0.16250000000000003,57.333333333333336,6
2024-01-31,0.0,0.0,3.891666666666667,57.833333333333336,6
2024-02-01,16.8,5.6,3.9416666666666664,100.0,6
2024-02-02,3.9,0.0,2.725,91.70833333333333,6
2024-02-03,0.0,0.0,0.9125,62.791666666666664,6
2024-02-04,0.0,0.0,2.2625,99.875,6
2024-02-05,2.7,0.2,3.0,99.125,6
2024-02-06,0.6,0.0,1.5833333333333333,90.08333333333333,6
2024-02-07,0.0,0.0,1.2750000000000001,81.16666666666667,6
2024-02-08,0.0,0.0,0.525,66.08333333333333,6
2024-02-09,0.0,0.0,-0.24583333333333326,29.208333333333332,6
2024-02-10,0.30000000000000004,0.1,-0.3666666666666667,54.041666666666664,6
2024-02-11,0.0,0.0,1.0416666666666667,12.083333333333334,6
2024-02-12,0.0,0.0,1.9958333333333333,34.708333333333336,6
2024-02-13,0.0,0.0,6.220833333333334,71.66666666666667,6
2024-02-14,0.4,0.0,9.549999999999999,73.79166666666667,6
2024-02-15,18.1,0.7,6.783333333333334,91.0,6
2024-02-16,0.0,0.0,2.1625,33.166666666666664,6
2024-02-17,0.0,0.0,3.358333333333333,4.875,6
2024-02-18,0.0,0.0,9.779166666666667,59.916666666666664,6
2024-02-19,3.3,0.0,12.741666666666667,97.875,6
2024-02-20,5.1,0.4,6.370833333333334,99.875,6
2024-02-21,24.9,5.6,0.39166666666666666,99.95833333333333,6
2024-02-22,6.8999999999999995,0.0,-0.2333333333333333,96.75,6
2024-02-23,0.0,0.0,0.6375000000000001,92.70833333333333,6
2024-02-24,3.0,0.8,1.2375,97.91666666666667,6
2024-02-25,10.4,0.0,1.5666666666666667,82.08333333333333,6
2024-02-26,0.0,0.0,2.6833333333333336,70.125,6
2024-02-27,0.0,0.0,3.4958333333333336,85.16666666666667,6
2024-02-28,0.0,0.0,3.9499999999999997,91.66666666666667,6
2024-02-29,6.9,2.1,4.1375,98.54166666666667,6
2024-03-01,6.8999999999999995,0.0,-0.4750000000000001,54.0,6
2024-03-02,3.2,2.0,-2.225,51.875,6
2024-03-03,3.0,0.0,3.6041666666666665,59.0,6
2024-03-04,0.0,0.0,6.5125,90.45833333333333,6
2024-03-05,5.3999999999999995,0.0,6.104166666666667,94.0,6
2024-03-06,0.1,0.1,4.1000000000000005,90.91666666666667,6
2024-03-07,0.0,0.0,4.05,77.08333333333333,6
2024-03-08,0.0,0.0,2.8708333333333336,11.833333333333334,6
2024-03-09,0.0,0.0,3.4625,1.0,6
2024-03-10,0.0,0.0,1.7374999999999998,2.1666666666666665,6
2024-03-11,0.0,0.0,4.833333333333333,92.125,6
2024-03-12,3.1,1.1,5.8875,87.625,6
2024-03-13,0.0,0.0,5.091666666666667,24.375,6
2024-03-14,0.0,0.0,5.425,22.208333333333332,6
2024-03-15,0.0,0.0,7.066666666666666,8.916666666666666,6
2024-03-16,0.0,0.0,7.529166666666666,59.291666666666664,6
2024-03-17,0.0,0.0,6.491666666666667,44.875,6
2024-03-18,0.0,0.0,3.3166666666666664,27.833333333333332,6
2024-03-19,0.0,0.0,5.516666666666667,65.75,6
2024-03-20,0.0,0.0,5.470833333333334,0.0,6
2024-03-21,0.0,0.0,5.625,10.458333333333334,6
2024-03-22,0.6,0.0,7.645833333333333,38.208333333333336,6
2024-03-23,8.5,0.0,11.404166666666667,80.45833333333333,6
2024-03-24,0.0,0.0,11.929166666666667,84.0,6
2024-03-25,4.7,3.6,11.808333333333332,90.83333333333333,6
2024-03-26,14.1,0.0,8.391666666666667,79.79166666666667,6
2024-03-27,0.0,0.0,8.583333333333334,48.125,6
2024-03-28,0.2,0.0,10.875,75.0,6
2024-03-29,0.7000000000000001,0.0,11.216666666666667,60.625,6
2024-03-30,7.5,0.0,5.995833333333334,40.916666666666664,6
2024-03-31,0.0,0.0,8.9375,4.625,6
2024-04-01,0.0,0.0,9.358333333333333,2.0,6
2024-04-02,0.0,0.0,11.987499999999999,66.25,6
2024-04-03,0.0,0.0,12.245833333333332,84.125,6
2024-04-04,2.0,0.0,12.108333333333334,53.208333333333336,6
2024-04-05,0.0,0.0,12.487499999999999,57.791666666666664,6
2024-04-06,0.0,0.0,11.1875,82.20833333333333,6
2024-04-07,0.0,0.0,12.799999999999999,62.166666666666664,6
2024-04-08,0.0,0.0,13.820833333333333,48.333333333333336,6
2024-04-09,0.0,0.0,14.2125,34.25,6
2024-04-10,0.0,0.0,13.279166666666667,41.875,6
2024-04-11,0.0,0.0,14.279166666666667,40.458333333333336,6
2024-04-12,0.0,0.0,14.816666666666668,72.58333333333333,6
2024-04-13,0.0,0.0,16.479166666666668,29.333333333333332,6
2024-04-14,5.5,0.5,17.366666666666667,66.75,6
2024-04-15,11.6,1.6,13.833333333333334,99.25,6
2024-04-16,9.700000000000001,0.0,15.725,47.833333333333336,6
2024-04-17,0.0,0.0,14.049999999999999,48.708333333333336,6
2024-04-18,0.0,0.0,15.200000000000001,62.625,6
2024-04-19,0.0,0.0,14.174999999999999,88.0,6
2024-04-20,0.0,0.0,13.916666666666666,79.45833333333333,6
2024-04-21,0.0,0.0,16.170833333333334,48.875,6
2024-04-22,0.0,0.0,15.924999999999999,74.625,6
2024-04-23,0.0,0.0,16.679166666666667,90.375,6
2024-04-24,2.0,0.0,13.233333333333334,82.04166666666667,6
2024-04-25,0.0,0.0,13.762500000000001,54.666666666666664,6
2024-04-26,0.0,0.0,17.3375,48.541666666666664,6
2024-04-27,0.0,0.0,16.833333333333332,61.125,6
2024-04-28,0.0,0.0,19.662499999999998,44.75,6
2024-04-29,0.0,0.0,18.183333333333334,52.291666666666664,6
2024-04-30,0.0,0.0,17.991666666666667,84.625,6
2024-05-01,0.0,0.0,16.104166666666668,76.79166666666667,6
2024-05-02,0.0,0.0,15.770833333333334,15.125,6
2024-05-03,0.0,0.0,18.341666666666665,61.958333333333336,6
2024-05-04,1.0,0.2,21.058333333333334,75.83333333333333,6
2024-05-05,71.5,3.9,18.058333333333334,100.0,6
2024-05-06,4.6,1.4,14.625,100.0,6
2024-05-07,5.1,0.1,14.579166666666666,100.0,6
2024-05-08,1.9,0.0,14.066666666666668,77.66666666666667,6
2024-05-09,0.0,0.0,15.408333333333333,3.25,6
2024-05-10,0.0,0.0,16.504166666666666,37.291666666666664,6
2024-05-11,12.8,6.6000000000000005,16.825,83.04166666666667,6
2024-05-12,58.9,0.0,16.529166666666665,40.875,6
2024-05-13,0.0,0.0,15.670833333333334,22.458333333333332,6
2024-05-14,0.0,0.0,15.408333333333333,7.875,6
2024-05-15,0.0,0.0,17.058333333333334,19.666666666666668,6
2024-05-16,0.0,0.0,14.533333333333333,7.958333333333333,6
2024-05-17,0.0,0.0,16.104166666666668,13.458333333333334,6
2024-05-18,0.0,0.0,17.75,28.583333333333332,6
2024-05-19,0.0,0.0,19.308333333333334,28.083333333333332,6
2024-05-20,0.0,0.0,21.6875,27.75,6
2024-05-21,0.0,0.0,19.316666666666666,42.458333333333336,6
2024-05-22,0.0,0.0,21.141666666666666,29.375,6
2024-05-23,0.0,0.0,19.349999999999998,33.083333333333336,6
2024-05-24,0.0,0.0,20.020833333333332,45.541666666666664,6
2024-05-25,0.0,0.0,21.045833333333334,78.0,6
2024-05-26,4.300000000000001,0.1,19.029166666666665,98.83333333333333,6
2024-05-27,7.3,0.0,19.716666666666665,87.16666666666667,6
2024-05-28,0.0,0.0,18.7625,27.5,6
2024-05-29,0.0,0.0,18.4375,20.041666666666668,6
2024-05-30,0.0,0.0,19.608333333333334,98.54166666666667,6
2024-05-31,0.8,0.8,20.525000000000002,65.83333333333333,6
2024-06-01,0.0,0.0,20.25,76.29166666666667,6
2024-06-02,0.0,0.0,20.995833333333334,26.208333333333332,6
2024-06-03,0.0,0.0,20.991666666666667,59.708333333333336,6
2024-06-04,0.0,0.0,22.34583333333333,55.458333333333336,6
2024-06-05,0.0,0.0,22.229166666666668,80.58333333333333,6
2024-06-06,0.0,0.0,21.912499999999998,52.083333333333336,6
2024-06-07,0.0,0.0,22.116666666666664,53.541666666666664,6
2024-06-08,0.0,0.0,22.166666666666668,94.41666666666667,6
2024-06-09,0.0,0.0,21.52916666666667,68.95833333333333,6
2024-06-10,0.6000000000000001,0.1,22.9375,44.0,6
2024-06-11,5.0,0.0,23.141666666666666,59.166666666666664,6
2024-06-12,0.0,0.0,25.895833333333332,59.875,6
2024-06-13,0.0,0.0,26.629166666666666,27.5,6
2024-06-14,0.0,0.0,25.375,26.666666666666668,6
2024-06-15,0.0,0.0,24.704166666666666,66.20833333333333,6
2024-06-16,0.0,0.0,23.724999999999998,80.625,6
2024-06-17,0.0,0.0,22.787499999999998,19.5,6
2024-06-18,0.0,0.0,23.233333333333334,49.333333333333336,6
2024-06-19,0.0,0.0,26.6375,43.083333333333336,6
2024-06-20,0.0,0.0,27.84583333333333,81.41666666666667,6
2024-06-21,0.0,0.0,27.179166666666664,95.0,6
2024-06-22,0.0,0.0,27.837500000000002,78.20833333333333,6
2024-06-23,0.0,0.0,25.087500000000002,89.66666666666667,6
2024-06-24,0.30000000000000004,0.0,24.583333333333332,77.75,6
2024-06-25,0.0,0.0,22.09583333333333,78.625,6
2024-06-26,0.0,0.0,23.245833333333334,58.958333333333336,6
2024-06-27,0.0,0.0,24.983333333333334,71.54166666666667,6
2024-06-28,0.0,0.0,25.233333333333334,33.958333333333336,6
2024-06-29,0.0,0.0,25.47083333333333,49.208333333333336,6
2024-06-30,5.0,0.0,23.366666666666664,95.70833333333333,6
2024-07-01,1.6,0.30000000000000004,24.3625,96.91666666666667,6
2024-07-02,8.399999999999999,0.3,25.270833333333332,97.08333333333333,6
2024-07-03,0.0,0.0,25.712500000000002,91.95833333333333,6
2024-07-04,22.7,13.5,24.96666666666667,99.70833333333333,6
2024-07-05,7.3,3.9,25.133333333333336,97.54166666666667,6
2024-07-06,3.2,0.4,25.40416666666667,100.0,6
2024-07-07,20.2,0.0,24.537499999999998,93.25,6
2024-07-08,8.6,6.8,24.545833333333334,98.5,6
2024-07-09,22.9,0.0,24.724999999999998,96.20833333333333,6
2024-07-10,6.3,2.6999999999999997,23.566666666666666,97.91666666666667,6
2024-07-11,0.0,0.0,25.420833333333334,73.04166666666667,6
2024-07-12,2.3,0.5,25.366666666666664,62.375,6
2024-07-13,1.2,0.1,26.150000000000002,97.5,6
2024-07-14,0.1,0.0,26.099999999999998,74.54166666666667,6
2024-07-15,0.0,0.0,26.212500000000002,73.41666666666667,6
2024-07-16,24.099999999999998,4.3,24.849999999999998,100.0,6
2024-07-17,92.1,2.9,25.15416666666667,100.0,6
2024-07-18,6.2,0.5,24.770833333333332,99.79166666666667,6
2024-07-19,0.7,0.7,25.333333333333332,98.16666666666667,6
2024-07-20,79.2,13.9,25.03333333333333,99.58333333333333,6
2024-07-21,11.4,4.8999999999999995,25.275000000000002,99.29166666666667,6
2024-07-22,0.0,0.0,28.370833333333334,98.54166666666667,6
2024-07-23,6.2,0.9,27.4375,97.29166666666667,6
2024-07-24,29.0,0.7,25.929166666666664,98.41666666666667,6
2024-07-25,6.800000000000001,3.8,28.166666666666668,97.95833333333333,6
2024-07-26,7.1,5.3,29.27916666666667,93.20833333333333,6
2024-07-27,4.3,0.1,30.09166666666667,95.875,6
2024-07-28,3.7,0.6000000000000001,28.683333333333334,100.0,6
2024-07-29,6.8,0.1,27.491666666666664,98.58333333333333,6
2024-07-30,0.9,0.0,28.058333333333334,88.25,6
2024-07-31,0.0,0.0,28.295833333333334,72.79166666666667,6
2024-08-01,0.0,0.0,28.25,82.375,6
2024-08-02,2.9,0.0,28.579166666666666,85.20833333333333,6
2024-08-03,1.6,0.0,28.395833333333332,67.66666666666667,6
2024-08-04,0.0,0.0,28.816666666666666,35.791666666666664,6
2024-08-05,0.0,0.0,29.099999999999998,71.625,6
2024-08-06,0.0,0.0,28.875,63.125,6
2024-08-07,3.0,0.0,28.629166666666666,54.125,6
2024-08-08,33.5,4.8999999999999995,25.608333333333334,97.70833333333333,6
2024-08-09,0.0,0.0,28.13333333333333,81.875,6
2024-08-10,0.0,0.0,28.5625,74.16666666666667,6
2024-08-11,0.0,0.0,28.370833333333334,78.125,6
2024-08-12,0.8,0.0,29.670833333333334,59.125,6
2024-08-13,0.30000000000000004,0.1,29.116666666666664,72.70833333333333,6
2024-08-14,0.30000000000000004,0.2,29.599999999999998,54.166666666666664,6
2024-08-15,5.300000000000001,4.5,28.070833333333336,81.54166666666667,6
2024-08-16,8.5,3.5,28.070833333333336,92.20833333333333,6
2024-08-17,10.4,0.1,27.858333333333334,84.79166666666667,6
2024-08-18,0.0,0.0,28.03333333333333,70.04166666666667,6
2024-08-19,1.1,0.7,27.991666666666664,78.70833333333333,6
2024-08-20,2.9000000000000004,1.3,28.879166666666666,91.20833333333333,6
2024-08-21,16.1,1.9,28.03333333333333,97.25,6
2024-08-22,8.8,0.0,27.495833333333334,86.54166666666667,6
2024-08-23,0.30000000000000004,0.0,27.1125,75.08333333333333,6
2024-08-24,1.3,0.0,27.925,68.5,6
2024-08-25,22.0,9.3,26.445833333333336,100.0,6
2024-08-26,15.9,0.6,25.504166666666666,96.08333333333333,6
2024-08-27,1.9000000000000001,0.30000000000000004,26.72083333333333,79.58333333333333,6
2024-08-28,0.0,0.0,26.495833333333334,57.125,6
2024-08-29,0.0,0.0,27.254166666666666,56.583333333333336,6
2024-08-30,0.0,0.0,26.254166666666666,60.0,6
2024-08-31,0.0,0.0,26.308333333333334,44.083333333333336,6
2024-09-01,0.0,0.0,26.520833333333332,53.666666666666664,6
2024-09-02,0.2,0.0,24.325,80.08333333333333,6
2024-09-03,0.0,0.0,24.179166666666664,68.375,6
2024-09-04,0.0,0.0,24.479166666666668,19.833333333333332,6
2024-09-05,0.0,0.0,24.183333333333334,78.875,6
2024-09-06,0.0,0.0,24.099999999999998,81.54166666666667,6
2024-09-07,0.0,0.0,26.195833333333336,82.16666666666667,6
2024-09-08,0.0,0.0,25.629166666666666,79.58333333333333,6
2024-09-09,0.0,0.0,27.27916666666667,47.916666666666664,6
2024-09-10,0.0,0.0,28.454166666666666,21.291666666666668,6
2024-09-11,0.0,0.0,27.3125,63.666666666666664,6
2024-09-12,10.9,5.6,26.349999999999998,71.70833333333333,6
2024-09-13,20.1,1.8,25.474999999999998,96.41666666666667,6
2024-09-14,54.199999999999996,1.1,23.7375,99.5,6
2024-09-15,0.0,0.0,21.712500000000002,91.20833333333333,6
2024-09-16,0.0,0.0,24.974999999999998,70.16666666666667,6
2024-09-17,6.3,0.1,26.133333333333336,73.33333333333333,6
2024-09-18,2.1,0.0,26.224999999999998,71.29166666666667,6
2024-09-19,0.0,0.0,23.816666666666666,53.541666666666664,6
2024-09-20,6.3999999999999995,0.0,22.65833333333333,85.29166666666667,6
2024-09-21,0.0,0.0,17.145833333333332,41.125,6
2024-09-22,0.0,0.0,17.829166666666666,12.375,6
2024-09-23,0.0,0.0,18.879166666666666,65.0,6
2024-09-24,0.0,0.0,19.783333333333335,49.041666666666664,6
2024-09-25,0.0,0.0,21.3,30.333333333333332,6
2024-09-26,0.0,0.0,19.883333333333333,57.416666666666664,6
2024-09-27,0.0,0.0,21.433333333333334,45.833333333333336,6
2024-09-28,0.0,0.0,21.033333333333335,49.625,6
2024-09-29,0.0,0.0,21.412499999999998,32.791666666666664,6
2024-09-30,0.0,0.0,20.6125,51.291666666666664,6
2024-10-01,0.4,0.0,17.304166666666667,91.20833333333333,6
2024-10-02,0.0,0.0,13.129166666666668,17.666666666666668,6
2024-10-03,4.6,3.4,14.725,97.66666666666667,6
2024-10-04,2.7,0.0,16.595833333333335,51.666666666666664,6
2024-10-05,0.0,0.0,15.875,21.916666666666668,6
2024-10-06,0.2,0.2,18.166666666666668,100.0,6
2024-10-07,16.0,0.0,18.825,99.08333333333333,6
2024-10-08,0.0,0.0,16.204166666666666,72.20833333333333,6
2024-10-09,0.0,0.0,17.470833333333335,45.333333333333336,6
2024-10-10,0.0,0.0,16.241666666666667,37.583333333333336,6
2024-10-11,0.0,0.0,16.3,8.833333333333334,6
2024-10-12,0.0,0.0,16.754166666666666,40.041666666666664,6
2024-10-13,0.0,0.0,15.570833333333333,71.45833333333333,6
2024-10-14,0.0,0.0,17.925,77.70833333333333,6
2024-10-15,0.0,0.0,17.875,74.04166666666667,6
2024-10-16,0.0,0.0,19.116666666666667,64.41666666666667,6
2024-10-17,0.0,0.0,17.087500000000002,40.041666666666664,6
2024-10-18,12.700000000000001,0.3,16.245833333333334,91.20833333333333,6
2024-10-19,0.0,0.0,12.879166666666668,36.75,6
2024-10-20,0.0,0.0,12.295833333333334,48.666666666666664,6
2024-10-21,3.8,2.7,12.408333333333333,98.45833333333333,6
2024-10-22,18.6,1.0,13.725,98.70833333333333,6
2024-10-23,0.0,0.0,12.0,47.916666666666664,6
2024-10-24,0.0,0.0,10.970833333333333,26.25,6
2024-10-25,0.0,0.0,12.583333333333334,28.25,6
2024-10-26,0.0,0.0,14.108333333333334,86.29166666666667,6
2024-10-27,0.0,0.0,15.775,54.583333333333336,6
2024-10-28,0.0,0.0,15.875,64.25,6
2024-10-29,0.0,0.0,15.379166666666668,78.75,6
2024-10-30,0.0,0.0,15.358333333333334,31.25,6
2024-10-31,0.0,0.0,12.845833333333333,39.75,6
2024-11-01,0.0,0.0,14.454166666666666,47.791666666666664,6
2024-11-02,0.0,0.0,14.291666666666666,28.5,6
2024-11-03,0.0,0.0,13.945833333333333,24.666666666666668,6
2024-11-04,0.0,0.0,9.091666666666667,31.166666666666668,6
2024-11-05,0.0,0.0,4.141666666666667,2.375,6
2024-11-06,0.0,0.0,5.083333333333333,20.625,6
2024-11-07,0.0,0.0,3.3125,0.0,6
2024-11-08,0.0,0.0,5.383333333333333,13.833333333333334,6
2024-11-09,0.0,0.0,10.741666666666667,92.5,6
2024-11-10,0.0,0.0,12.370833333333332,26.25,6
2024-11-11,0.0,0.0,12.941666666666668,75.70833333333333,6
2024-11-12,0.0,0.0,11.341666666666667,50.0,6
2024-11-13,0.0,0.0,12.3375,37.333333333333336,6
2024-11-14,7.5,2.4,13.470833333333333,95.66666666666667,6
2024-11-15,0.7000000000000001,0.0,12.995833333333332,98.16666666666667,6
2024-11-16,0.1,0.0,14.866666666666667,97.66666666666667,6
2024-11-17,1.5,0.0,7.0125,32.041666666666664,6
2024-11-18,0.0,0.0,0.1333333333333334,40.125,6
2024-11-19,0.0,0.0,1.3416666666666666,54.541666666666664,6
2024-11-20,0.0,0.0,4.070833333333334,51.416666666666664,6
2024-11-21,0.0,0.0,6.370833333333334,37.833333333333336,6
2024-11-22,0.0,0.0,3.8708333333333336,6.875,6
2024-11-23,0.0,0.0,5.9624999999999995,37.416666666666664,6
2024-11-24,0.0,0.0,6.5,38.416666666666664,6
2024-11-25,3.7,0.9,7.791666666666667,98.04166666666667,6
2024-11-26,0.30000000000000004,0.0,4.870833333333334,74.54166666666667,6
2024-11-27,0.2,0.0,-0.7958333333333334,80.20833333333333,6
2024-11-28,4.1,0.0,0.46249999999999997,83.54166666666667,6
2024-11-29,1.7999999999999998,0.0,-1.3041666666666667,53.583333333333336,6
2024-11-30,0.0,0.0,-1.3166666666666667,15.75,6
2024-12-01,0.0,0.0,-0.15416666666666665,21.291666666666668,6
2024-12-02,3.3000000000000003,0.2,1.2833333333333334,50.125,6
2024-12-03,0.0,0.0,-4.566666666666666,2.6666666666666665,6
2024-12-04,0.0,0.0,-2.504166666666667,23.875,6
2024-12-05,0.0,0.0,-1.4916666666666665,43.458333333333336,6
2024-12-06,0.2,0.2,0.5625,35.583333333333336,6
2024-12-07,0.8999999999999999,0.0,-2.0208333333333335,31.875,6
2024-12-08,0.0,0.0,-2.3625000000000003,3.2083333333333335,6
2024-12-09,0.0,0.0,-1.1375,29.333333333333332,6
2024-12-10,0.0,0.0,-0.2041666666666667,65.58333333333333,6
2024-12-11,0.0,0.0,-0.1208333333333333,93.41666666666667,6
2024-12-12,0.0,0.0,-1.1416666666666666,58.0,6
2024-12-13,0.0,0.0,-0.5791666666666667,71.625,6
2024-12-14,0.0,0.0,-3.1958333333333333,0.0,6
2024-12-15,0.0,0.0,-2.0124999999999997,27.083333333333332,6
2024-12-16,0.0,0.0,-3.154166666666667,23.25,6
2024-12-17,0.0,0.0,-3.0416666666666665,20.333333333333332,6
2024-12-18,0.0,0.0,-4.529166666666667,0.0,6
2024-12-19,0.0,0.0,-3.6750000000000003,37.291666666666664,6
2024-12-20,0.0,0.0,-1.9541666666666666,91.625,6
2024-12-21,0.8999999999999999,0.3,-0.725,81.70833333333333,6
2024-12-22,0.0,0.0,-6.220833333333334,8.5,6
2024-12-23,0.0,0.0,-4.533333333333333,8.916666666666666,6
2024-12-24,0.0,0.0,-3.9,3.1666666666666665,6
2024-12-25,0.0,0.0,-2.1125000000000003,73.08333333333333,6
2024-12-26,0.0,0.0,-2.4208333333333334,11.583333333333334,6
2024-12-27,0.0,0.0,-5.516666666666667,27.208333333333332,6
2024-12-28,0.0,0.0,-5.204166666666667,2.3333333333333335,6
2024-12-29,0.1,0.1,-3.1458333333333335,24.625,6
2024-12-30,0.2,0.2,0.9625,89.375,6
2024-12-31,0.30000000000000004,0.0,0.7000000000000001,19.583333333333332,6
2025-01-01,0.0,0.0,-1.3541666666666667,21.208333333333332,6
2025-01-02,0.0,0.0,-1.7625000000000002,15.541666666666666,6
2025-01-03,0.0,0.0,-3.8874999999999997,13.083333333333334,6
2025-01-04,0.0,0.0,-4.441666666666666,12.458333333333334,6
2025-01-05,1.5,0.0,-1.1375,86.70833333333333,6
2025-01-06,5.0,0.0,1.7125000000000001,85.70833333333333,6
2025-01-07,0.0,0.0,-0.8333333333333334,58.583333333333336,6
2025-01-08,0.0,0.0,-7.629166666666666,3.7083333333333335,6
2025-01-09,0.0,0.0,-11.070833333333333,0.0,6
2025-01-10,0.0,0.0,-8.529166666666667,0.0,6
2025-01-11,0.0,0.0,-7.095833333333334,36.291666666666664,6
2025-01-12,0.0,0.0,-3.658333333333333,69.75,6
2025-01-13,0.0,0.0,-3.2416666666666667,35.0,6
2025-01-14,0.5,0.0,-1.2874999999999999,63.166666666666664,6
2025-01-15,0.0,0.0,-5.108333333333333,43.708333333333336,6
2025-01-16,0.5,0.0,-4.9624999999999995,46.541666666666664,6
2025-01-17,0.0,0.0,-0.9708333333333333,34.5,6
2025-01-18,0.0,0.0,-0.5833333333333334,53.0,6
2025-01-19,0.0,0.0,0.004166666666666642,94.33333333333333,6
2025-01-20,0.0,0.0,0.9041666666666668,69.20833333333333,6
2025-01-21,0.0,0.0,0.6249999999999999,11.833333333333334,6
2025-01-22,0.0,0.0,1.0708333333333333,34.666666666666664,6
2025-01-23,0.0,0.0,2.5208333333333335,59.291666666666664,6
2025-01-24,0.0,0.0,1.7291666666666667,26.083333333333332,6
2025-01-25,0.0,0.0,0.9125000000000001,56.333333333333336,6
2025-01-26,0.0,0.0,1.6666666666666667,97.45833333333333,6
2025-01-27,4.2,0.1,0.8833333333333333,94.25,6
2025-01-28,0.30000000000000004,0.0,-4.1625000000000005,79.66666666666667,6
2025-01-29,0.0,0.0,-4.483333333333333,55.916666666666664,6
2025-01-30,0.0,0.0,-3.25,64.16666666666667,6
2025-01-31,1.3,1.1,-2.5124999999999997,99.5,6
2025-02-01,0.0,0.0,0.2708333333333333,93.20833333333333,6
2025-02-02,0.0,0.0,2.1708333333333334,53.458333333333336,6
2025-02-03,0.0,0.0,-3.2541666666666664,42.666666666666664,6
2025-02-04,0.0,0.0,-8.487499999999999,29.0,6
2025-02-05,0.0,0.0,-8.629166666666666,26.041666666666668,6
2025-02-06,1.3,0.4,-7.045833333333333,45.583333333333336,6
2025-02-07,0.0,0.0,-9.4,21.041666666666668,6
2025-02-08,0.0,0.0,-11.137500000000001,4.458333333333333,6
2025-02-09,0.0,0.0,-7.45,26.166666666666668,6
2025-02-10,0.0,0.0,-4.941666666666666,26.25,6
2025-02-11,0.0,0.0,-1.5125,59.291666666666664,6
2025-02-12,3.4000000000000004,0.0,2.0708333333333333,99.125,6
2025-02-13,0.0,0.0,-0.9208333333333334,32.458333333333336,6
2025-02-14,0.0,0.0,1.425,15.125,6
2025-02-15,1.2,0.0,1.6666666666666667,87.45833333333333,6
2025-02-16,0.0,0.0,1.6291666666666667,29.25,6
2025-02-17,0.0,0.0,-3.0875,0.0,6
2025-02-18,0.0,0.0,-4.791666666666667,0.0,6
2025-02-19,0.0,0.0,-4.341666666666667,0.875,6
2025-02-20,0.0,0.0,-4.841666666666667,4.083333333333333,6
2025-02-21,0.0,0.0,-4.520833333333333,4.75,6
2025-02-22,0.0,0.0,-4.804166666666666,5.625,6
2025-02-23,0.0,0.0,-4.4875,0.0,6
2025-02-24,0.0,0.0,-2.4875000000000003,1.0,6
2025-02-25,0.0,0.0,0.6583333333333333,39.333333333333336,6
2025-02-26,0.0,0.0,-0.09583333333333328,0.0,6
2025-02-27,0.0,0.0,2.529166666666667,20.166666666666668,6
2025-02-28,0.0,0.0,5.870833333333334,55.166666666666664,6
2025-03-01,0.0,0.0,5.666666666666667,55.708333333333336,6
2025-03-02,2.6,0.0,9.579166666666667,89.83333333333333,6
2025-03-03,23.5,1.8,2.0375,99.875,6
2025-03-04,14.2,0.0,1.7541666666666667,94.91666666666667,6
2025-03-05,0.0,0.0,1.8875,35.625,6
2025-03-06,0.0,0.0,3.4291666666666667,24.875,6
2025-03-07,0.0,0.0,4.316666666666666,50.916666666666664,6
2025-03-08,0.2,0.0,3.7624999999999997,75.5,6
2025-03-09,0.1,0.0,5.979166666666667,47.458333333333336,6
2025-03-10,0.0,0.0,6.966666666666666,32.625,6
2025-03-11,0.0,0.0,7.870833333333334,77.54166666666667,6
2025-03-12,0.0,0.0,7.2,88.04166666666667,6
2025-03-13,0.0,0.0,5.7749999999999995,43.333333333333336,6
2025-03-14,0.0,0.0,7.433333333333334,43.541666666666664,6
2025-03-15,1.5,0.1,8.6,97.875,6
2025-03-16,14.200000000000001,5.1,3.3708333333333336,98.70833333333333,6
2025-03-17,2.4,0.0,0.7208333333333333,39.75,6
2025-03-18,0.0,0.0,1.5208333333333333,60.541666666666664,6
2025-03-19,0.0,0.0,1.3333333333333333,8.625,6
2025-03-20,0.0,0.0,5.2250000000000005,52.291666666666664,6
2025-03-21,0.0,0.0,7.175,13.791666666666666,6
2025-03-22,0.0,0.0,9.5875,1.125,6
2025-03-23,0.0,0.0,11.016666666666666,29.666666666666668,6
2025-03-24,0.0,0.0,12.5,58.791666666666664,6
2025-03-25,0.0,0.0,11.045833333333334,53.416666666666664,6
2025-03-26,4.0,0.0,14.266666666666666,43.875,6
2025-03-27,22.5,0.1,11.716666666666667,83.875,6
2025-03-28,0.0,0.0,5.566666666666666,80.875,6
2025-03-29,0.0,0.0,2.2708333333333335,43.375,6
2025-03-30,0.0,0.0,3.0625,10.875,6
2025-03-31,0.0,0.0,4.7875000000000005,23.625,6
2025-04-01,0.0,0.0,6.808333333333334,29.791666666666668,6
2025-04-02,0.7000000000000001,0.4,9.920833333333333,71.125,6
2025-04-03,0.0,0.0,9.466666666666667,34.791666666666664,6
2025-04-04,0.0,0.0,9.316666666666666,28.916666666666668,6
2025-04-05,13.8,1.2,7.320833333333333,98.375,6
2025-04-06,0.1,0.0,7.875,47.291666666666664,6
2025-04-07,0.0,0.0,12.479166666666666,62.041666666666664,6
2025-04-08,0.0,0.0,11.279166666666667,41.416666666666664,6
2025-04-09,0.30000000000000004,0.1,11.829166666666666,68.20833333333333,6
2025-04-10,15.5,0.0,13.1,78.58333333333333,6
2025-04-11,0.0,0.0,11.237499999999999,75.54166666666667,6
2025-04-12,27.4,10.8,10.525,91.95833333333333,6
2025-04-13,5.8,0.2,7.883333333333333,74.66666666666667,6
2025-04-14,1.6,0.2,8.054166666666667,74.20833333333333,6
2025-04-15,0.0,0.0,8.666666666666666,46.833333333333336,6
2025-04-16,0.0,0.0,12.0875,44.208333333333336,6
2025-04-17,0.4,0.0,16.8625,85.54166666666667,6
2025-04-18,0.0,0.0,17.045833333333334,85.08333333333333,6
2025-04-19,20.2,13.4,18.645833333333332,99.95833333333333,6
2025-04-20,17.599999999999998,0.0,15.125,57.083333333333336,6
2025-04-21,0.0,0.0,14.191666666666668,13.791666666666666,6
2025-04-22,14.5,2.5,12.9375,96.79166666666667,6
2025-04-23,0.0,0.0,15.6875,61.625,6
2025-04-24,0.0,0.0,12.991666666666667,14.041666666666666,6
2025-04-25,0.0,0.0,11.487499999999999,0.5,6
2025-04-26,0.0,0.0,12.3375,31.125,6
2025-04-27,0.0,0.0,12.525,53.875,6
2025-04-28,0.0,0.0,11.733333333333334,72.875,6
2025-04-29,0.0,0.0,12.9125,20.208333333333332,6
2025-04-30,0.0,0.0,16.029166666666665,25.5,6
2025-05-01,0.30000000000000004,0.2,16.775000000000002,54.25,6
2025-05-02,0.0,0.0,14.183333333333332,32.958333333333336,6
2025-05-03,1.3,0.0,11.924999999999999,38.875,6
2025-05-04,0.0,0.0,13.779166666666667,29.708333333333332,6
2025-05-05,0.0,0.0,12.720833333333333,54.666666666666664,6
2025-05-06,12.1,2.5,12.595833333333333,67.25,6
2025-05-07,0.0,0.0,14.75,58.666666666666664,6
2025-05-08,0.6000000000000001,0.2,15.075000000000001,76.75,6
2025-05-09,12.1,0.1,14.908333333333333,96.375,6
2025-05-10,0.2,0.0,15.404166666666667,81.41666666666667,6
2025-05-11,0.0,0.0,14.25,31.083333333333332,6
2025-05-12,0.0,0.0,15.020833333333334,26.125,6
2025-05-13,0.0,0.0,18.474999999999998,54.291666666666664,6
2025-05-14,0.0,0.0,19.075,80.75,6
2025-05-15,0.9,0.0,17.537499999999998,82.04166666666667,6
2025-05-16,0.0,0.0,20.020833333333332,85.83333333333333,6
2025-05-17,0.0,0.0,20.345833333333335,96.70833333333333,6
2025-05-18,0.4,0.0,18.708333333333332,100.0,6
2025-05-19,2.5,0.7,16.379166666666666,98.66666666666667,6
2025-05-20,5.6,5.6,19.341666666666665,79.04166666666667,6
2025-05-21,0.0,0.0,21.283333333333335,87.08333333333333,6
2025-05-22,0.0,0.0,20.420833333333334,65.79166666666667,6
2025-05-23,0.0,0.0,19.566666666666666,99.79166666666667,6
2025-05-24,0.0,0.0,19.129166666666666,79.29166666666667,6
2025-05-25,0.0,0.0,17.325,41.708333333333336,6
2025-05-26,0.0,0.0,18.091666666666665,56.375,6
2025-05-27,0.0,0.0,19.266666666666666,25.833333333333332,6
2025-05-28,0.0,0.0,21.1875,71.08333333333333,6
2025-05-29,0.0,0.0,22.679166666666664,12.833333333333334,6
2025-05-30,0.0,0.0,24.295833333333334,7.916666666666667,6
2025-05-31,0.0,0.0,17.866666666666667,45.458333333333336,6
2025-06-01,0.0,0.0,20.912499999999998,58.416666666666664,6
2025-06-02,1.9,0.9,19.5,92.95833333333333,6
2025-06-03,7.0,0.0,17.745833333333334,85.08333333333333,6
2025-06-04,0.0,0.0,18.2,42.375,6
2025-06-05,0.0,0.0,20.395833333333332,31.5,6
2025-06-06,0.0,0.0,22.145833333333332,53.75,6
2025-06-07,0.0,0.0,21.691666666666666,73.08333333333333,6
2025-06-08,0.0,0.0,23.03333333333333,83.91666666666667,6
2025-06-09,0.0,0.0,26.53333333333333,81.375,6
2025-06-10,0.0,0.0,25.833333333333332,80.16666666666667,6
2025-06-11,0.0,0.0,24.620833333333334,74.0,6
2025-06-12,0.0,0.0,24.09583333333333,75.95833333333333,6
2025-06-13,0.0,0.0,24.708333333333332,89.04166666666667,6
2025-06-14,32.3,0.0,23.099999999999998,97.25,6
2025-06-15,2.3,0.3,24.5,85.0,6
2025-06-16,30.7,0.0,24.058333333333334,81.91666666666667,6
2025-06-17,0.8,0.0,24.329166666666666,51.833333333333336,6
2025-06-18,0.0,0.0,25.645833333333332,68.16666666666667,6
2025-06-19,0.0,0.0,25.025000000000002,42.583333333333336,6
2025-06-20,99.89999999999999,2.7,21.8875,96.54166666666667,6
2025-06-21,0.0,0.0,22.795833333333334,94.08333333333333,6
2025-06-22,0.0,0.0,23.395833333333332,65.91666666666667,6
2025-06-23,0.0,0.0,24.495833333333334,77.0,6
2025-06-24,28.1,0.0,21.1125,99.08333333333333,6
2025-06-25,0.0,0.0,23.804166666666664,50.333333333333336,6
2025-06-26,0.0,0.0,24.0625,89.08333333333333,6
2025-06-27,2.5,0.2,24.108333333333334,99.75,6
2025-06-28,0.6000000000000001,0.0,25.554166666666664,98.83333333333333,6
2025-06-29,0.0,0.0,25.633333333333336,94.29166666666667,6
2025-06-30,0.0,0.0,26.175,91.54166666666667,6
2025-07-01,1.1,0.0,26.8625,88.16666666666667,6
2025-07-02,0.0,0.0,25.787499999999998,95.66666666666667,6
2025-07-03,8.899999999999999,0.0,25.7,96.33333333333333,6
2025-07-04,0.0,0.0,26.583333333333332,63.541666666666664,6
2025-07-05,0.0,0.0,26.72083333333333,71.0,6
2025-07-06,1.3,0.0,26.9375,86.91666666666667,6
2025-07-07,1.1,0.0,26.866666666666664,75.33333333333333,6
2025-07-08,0.0,0.0,30.9875,19.916666666666668,6
2025-07-09,0.2,0.0,33.02916666666667,34.541666666666664,6
2025-07-10,0.1,0.0,32.02916666666667,31.083333333333332,6
2025-07-11,0.0,0.0,31.837500000000002,17.25,6
2025-07-12,0.0,0.0,31.579166666666666,49.666666666666664,6
2025-07-13,0.0,0.0,29.441666666666666,42.625,6
2025-07-14,0.0,0.0,28.537499999999998,83.04166666666667,6
2025-07-15,0.0,0.0,30.304166666666664,52.0,6
2025-07-16,1.6,0.6000000000000001,27.704166666666666,73.79166666666667,6
2025-07-17,1.3,0.3,29.1875,68.25,6
2025-07-18,66.7,12.9,25.287499999999998,100.0,6
2025-07-19,24.8,7.4,25.462500000000002,100.0,6
2025-07-20,35.7,8.200000000000001,26.879166666666666,96.79166666666667,6
2025-07-21,31.7,0.0,28.583333333333332,84.54166666666667,6
2025-07-22,0.0,0.0,27.683333333333334,93.70833333333333,6
2025-07-23,0.0,0.0,27.104166666666668,84.45833333333333,6
2025-07-24,0.0,0.0,27.65416666666667,25.625,6
2025-07-25,0.0,0.0,27.666666666666668,22.125,6
2025-07-26,0.0,0.0,27.854166666666668,13.5,6
2025-07-27,0.0,0.0,30.025,33.458333333333336,6
2025-07-28,0.0,0.0,31.5875,41.375,6
2025-07-29,0.0,0.0,31.804166666666664,39.291666666666664,6
2025-07-30,0.2,0.0,29.945833333333336,82.45833333333333,6
2025-07-31,0.1,0.0,29.816666666666666,98.79166666666667,6
2025-08-01,24.4,0.0,28.645833333333332,82.5,6
2025-08-02,2.6,0.2,26.474999999999998,99.375,6
2025-08-03,5.9,2.8000000000000003,30.1125,89.20833333333333,6
2025-08-04,21.8,0.2,31.004166666666663,86.16666666666667,6
2025-08-05,7.199999999999999,0.0,29.458333333333332,69.04166666666667,6
2025-08-06,9.2,0.0,26.191666666666663,78.125,6
2025-08-07,0.0,0.0,26.7375,45.458333333333336,6
2025-08-08,0.0,0.0,25.395833333333332,59.25,6
2025-08-09,0.0,0.0,26.28333333333333,72.95833333333333,6
2025-08-10,0.7000000000000001,0.5,27.304166666666664,75.875,6
2025-08-11,0.0,0.0,27.916666666666668,84.91666666666667,6
2025-08-12,0.0,0.0,28.837500000000002,61.125,6
2025-08-13,42.7,11.2,26.433333333333337,88.5,6
2025-08-14,0.3,0.1,28.308333333333337,87.375,6
2025-08-15,0.0,0.0,28.520833333333332,63.791666666666664,6
2025-08-16,0.4,0.0,28.870833333333337,66.79166666666667,6
2025-08-17,0.0,0.0,28.108333333333334,71.20833333333333,6
2025-08-18,0.2,0.0,27.71666666666667,85.95833333333333,6
2025-08-19,4.4,0.0,27.733333333333334,76.79166666666667,6
2025-08-20,16.5,0.0,27.65416666666667,75.33333333333333,6
2025-08-21,0.0,0.0,28.3125,70.45833333333333,6
2025-08-22,0.0,0.0,27.84166666666667,41.5,6
2025-08-23,2.2,0.0,28.995833333333337,67.29166666666667,6
2025-08-24,0.2,0.0,29.141666666666666,56.375,6
2025-08-25,0.3,0.0,28.608333333333334,59.166666666666664,6
2025-08-26,8.200000000000001,0.0,27.416666666666668,86.25,6
2025-08-27,0.5,0.0,27.775000000000002,90.83333333333333,6
2025-08-28,0.2,0.0,27.304166666666664,88.95833333333333,6
2025-08-29,0.1,0.0,27.670833333333334,72.08333333333333,6
2025-08-30,12.7,1.3,26.833333333333332,95.0,6
2025-08-31,6.7,1.2999999999999998,27.129166666666666,92.375,6
2025-09-01,12.299999999999999,1.5999999999999999,26.625,89.33333333333333,6
2025-09-02,0.0,0.0,27.629166666666663,53.541666666666664,6
2025-09-03,0.7000000000000001,0.5,27.6375,69.08333333333333,6
2025-09-04,0.0,0.0,28.675,90.83333333333333,6
2025-09-05,3.4,1.1,26.979166666666668,97.20833333333333,6
2025-09-06,10.9,3.7,27.070833333333336,96.0,6
2025-09-07,1.7,0.0,23.945833333333336,71.45833333333333,6
2025-09-08,0.0,0.0,24.175,78.20833333333333,6
2025-09-09,0.0,0.0,25.229166666666668,55.666666666666664,6
2025-09-10,0.0,0.0,24.270833333333332,40.583333333333336,6
2025-09-11,0.0,0.0,25.791666666666668,84.16666666666667,6
2025-09-12,0.0,0.0,26.52916666666667,71.75,6
2025-09-13,21.0,0.3,25.916666666666668,96.04166666666669,6
2025-09-14,0.0,0.0,25.195833333333336,69.70833333333333,6
2025-09-15,0.0,0.0,25.379166666666663,62.041666666666664,6
2025-09-16,30.9,10.5,23.479166666666668,100.0,6
2025-09-17,46.7,1.4,24.741666666666664,97.83333333333331,6
2025-09-18,0.0,0.0,20.029166666666665,48.791666666666664,6
2025-09-19,5.4,3.2,19.75,91.625,6
2025-09-20,10.299999999999999,0.0,21.1125,89.625,6
2025-09-21,0.3,0.0,19.366666666666667,96.125,6
2025-09-22,0.0,0.0,20.870833333333334,91.25,6
2025-09-23,0.2,0.0,21.7625,94.75,6
2025-09-24,31.2,3.3000000000000003,21.279166666666665,99.91666666666669,6
2025-09-25,5.1,0.0,22.316666666666666,100.0,6
2025-09-26,0.4,0.0,23.4375,52.625,6
2025-09-27,6.5,0.0,22.4,91.20833333333331,6
2025-09-28,2.2,0.0,19.808333333333334,99.29166666666667,6
2025-09-29,0.0,0.0,20.1125,71.41666666666667,6
2025-09-30,0.0,0.0,21.204166666666666,49.625,6
2025-10-01,0.0,0.0,20.125,29.041666666666668,6
2025-10-02,0.9,0.2,20.712500000000002,85.79166666666667,6
2025-10-03,0.0,0.0,22.025000000000002,47.375,6
2025-10-04,0.0,0.0,22.7625,52.541666666666664,6
2025-10-05,0.8999999999999999,0.6,21.804166666666664,98.58333333333333,6
2025-10-06,11.2,0.4,21.233333333333334,99.91666666666669,6
2025-10-07,12.7,0.8999999999999999,19.695833333333333,94.75,6
2025-10-08,0.0,0.0,17.658333333333335,4.875,6
2025-10-09,0.5,0.30000000000000004,19.9375,60.5,6
2025-10-10,0.0,0.0,19.875,83.0,6
2025-10-11,8.0,3.8000000000000003,17.041666666666668,86.41666666666667,6
2025-10-12,16.1,0.4,18.145833333333332,100.0,6
2025-10-13,15.0,2.0,17.620833333333334,100.0,6
2025-10-14,26.2,0.0,19.833333333333332,93.0,6
2025-10-15,4.9,2.0999999999999996,19.729166666666668,97.33333333333333,6
2025-10-16,18.6,0.0,19.304166666666667,49.75,6
2025-10-17,11.9,6.8999999999999995,19.05,56.666666666666664,6
2025-10-18,5.2,0.0,15.966666666666669,100.0,6
2025-10-19,0.0,0.0,9.441666666666666,34.5,6
2025-10-20,0.0,0.0,7.341666666666666,51.791666666666664,6
2025-10-21,0.0,0.0,8.425,8.041666666666666,6
2025-10-22,0.0,0.0,10.904166666666667,4.125,6
2025-10-23,0.0,0.0,12.204166666666666,72.79166666666667,6
2025-10-24,0.0,0.0,12.745833333333332,69.125,6
2025-10-25,0.0,0.0,12.341666666666669,79.08333333333333,6
2025-10-26,0.0,0.0,10.75,38.333333333333336,6
2025-10-27,0.0,0.0,5.683333333333334,0.9583333333333334,6
2025-10-28,0.0,0.0,5.516666666666667,0.875,6
2025-10-29,0.0,0.0,8.137500000000001,29.125,6
2025-10-30,0.0,0.0,10.491666666666667,39.916666666666664,6
2025-10-31,8.3,0.0,12.5875,65.95833333333333,6
2025-11-01,20.0,0.0,10.379166666666666,39.458333333333336,6
2025-11-02,0.0,0.0,4.791666666666667,1.4583333333333333,6
2025-11-03,0.0,0.0,6.2124999999999995,8.041666666666666,6
2025-11-04,0.0,0.0,7.0,10.291666666666666,6
2025-11-05,0.0,0.0,8.779166666666667,69.125,6
2025-11-06,0.0,0.0,10.670833333333334,3.6666666666666665,6
2025-11-07,0.0,0.0,11.304166666666667,67.0,6
2025-11-08,1.5,0.4,11.366666666666667,78.33333333333333,6
2025-11-09,0.6000000000000001,0.0,12.725,43.166666666666664,6
2025-11-10,0.0,0.0,6.041666666666667,5.625,6
2025-11-11,0.0,0.0,6.2875000000000005,44.208333333333336,6
2025-11-12,0.0,0.0,7.925,29.833333333333332,6
2025-11-13,0.0,0.0,8.658333333333333,22.041666666666668,6
2025-11-14,0.0,0.0,6.0125,3.2083333333333335,6
2025-11-15,0.0,0.0,7.108333333333333,89.91666666666667,6
2025-11-16,0.0,0.0,9.625,71.41666666666667,6
2025-11-17,0.0,0.0,1.8041666666666665,31.666666666666668,6
2025-11-18,0.0,0.0,0.8666666666666667,10.875,6
2025-11-19,0.0,0.0,2.216666666666667,3.0,6
2025-11-20,1.0,0.4,6.875,30.583333333333332,6
2025-11-21,0.0,0.0,3.220833333333333,7.875,6
2025-11-22,0.0,0.0,3.1291666666666664,6.416666666666667,6
2025-11-23,0.0,0.0,7.841666666666666,96.125,6
2025-11-24,6.0,1.2000000000000002,8.679166666666667,71.125,6
2025-11-25,0.0,0.0,3.825,27.25,6
2025-11-26,0.0,0.0,3.1999999999999997,10.041666666666666,6
2025-11-27,8.9,0.30000000000000004,4.729166666666667,77.83333333333333,6
2025-11-28,0.0,0.0,2.254166666666667,0.0,6
2025-11-29,2.0,1.2000000000000002,5.8625,18.791666666666668,6
2025-11-30,2.0,1.2000000000000002,4.916666666666667,21.208333333333332,6
2025-12-01,0.0,0.0,0.0999999999999999,0.1666666666666666,6
2025-12-02,0.0,0.0,1.1833333333333333,20.083333333333332,6
2025-12-03,0.0,0.0,-5.145833333333333,2.2916666666666665,6
2025-12-04,0.0,0.0,-3.0749999999999997,28.958333333333332,6
2025-12-05,0.0,0.0,-1.1916666666666667,12.916666666666666,6
2025-12-06,0.1,0.1,3.608333333333333,46.166666666666664,6
2025-12-07,0.0,0.0,4.983333333333333,7.708333333333333,6
2025-12-08,0.0,0.0,-0.7708333333333334,5.833333333333333,6
2025-12-09,0.0,0.0,-0.7166666666666668,1.7083333333333333,6
2025-12-10,2.1,0.8999999999999999,3.1833333333333336,79.91666666666667,6
2025-12-11,1.2,0.0,3.3000000000000003,55.75,6
2025-12-12,0.0,0.0,1.3833333333333335,84.54166666666667,6
2025-12-13,12.0,2.5,3.2375000000000003,100.0,6
2025-12-14,0.0,0.0,-1.45,44.208333333333336,6
2025-12-15,0.0,0.0,-2.5625,59.5,6
2025-12-16,0.1,0.0,2.7624999999999997,65.91666666666667,6
2025-12-17,0.0,0.0,2.1541666666666663,40.291666666666664,6
2025-12-18,0.0,0.0,0.6041666666666666,33.416666666666664,6
2025-12-19,0.0,0.0,3.5,55.291666666666664,6
2025-12-20,0.0,0.0,6.125,73.20833333333333,6
2025-12-21,0.0,0.0,-1.4125,72.625,6
2025-12-22,0.0,0.0,0.8333333333333334,42.125,6
2025-12-23,9.100000000000001,1.6,1.9791666666666667,98.625,6
2025-12-24,0.0,0.0,-2.279166666666667,38.958333333333336,6
2025-12-25,0.0,0.0,-4.879166666666666,0.0,6
2025-12-26,0.0,0.0,-9.533333333333331,1.7083333333333333,6
2025-12-27,0.2,0.2,-3.441666666666667,95.54166666666667,6
2025-12-28,1.2,0.0,0.14166666666666666,76.375,6
2025-12-29,20.6,0.0,1.7291666666666667,55.666666666666664,6
2025-12-30,0.0,0.0,-1.9625,11.458333333333334,6
2025-12-31,0.0,0.0,-3.4375,36.0,6
2026-01-01,0.0,0.0,-5.954166666666667,43.041666666666664,6
2026-01-02,0.0,0.0,-7.758333333333333,3.9166666666666665,6
2026-01-03,0.0,0.0,-4.541666666666667,12.708333333333334,6
2026-01-04,0.0,0.0,-0.5041666666666667,52.666666666666664,6
2026-01-05,0.0,0.0,-2.504166666666667,9.208333333333334,6
2026-01-06,0.0,0.0,-1.7750000000000001,47.291666666666664,6
2026-01-07,0.0,0.0,-0.1124999999999999,40.625,6
2026-01-08,0.0,0.0,-6.2625,1.75,6
2026-01-09,1.6,0.6000000000000001,0.0291666666666666,78.45833333333333,6
2026-01-10,0.5,0.0,-4.266666666666667,16.541666666666668,6
2026-01-11,0.0,0.0,-6.666666666666667,16.75,6
2026-01-12,0.7000000000000001,0.1,-2.6791666666666667,66.54166666666667,6
2026-01-13,0.0,0.0,-2.720833333333333,8.458333333333334,6
2026-01-14,0.0,0.0,-4.3500000000000005,41.625,6
2026-01-15,0.0,0.0,3.2083333333333335,36.75,6
2026-01-16,0.0,0.0,0.9916666666666667,31.5,6
2026-01-17,0.0,0.0,-0.8208333333333333,11.25,6
2026-01-18,0.0,0.0,-1.3875,72.375,6
2026-01-19,0.3,0.0,-3.6041666666666665,98.375,6
2026-01-20,0.0,0.0,-11.491666666666667,27.333333333333332,6
2026-01-21,0.0,0.0,-11.387500000000001,3.2083333333333335,6
2026-01-22,0.0,0.0,-10.825000000000001,0.0,6
2026-01-23,0.0,0.0,-7.841666666666666,30.291666666666668,6
2026-01-24,0.0,0.0,-8.120833333333334,0.0,6
2026-01-25,0.0,0.0,-8.625,40.875,6
2026-01-26,0.0,0.0,-5.541666666666667,66.83333333333333,6
2026-01-27,0.0,0.0,-4.354166666666667,73.83333333333333,6
2026-01-28,0.0,0.0,-7.3125,20.375,6
2026-01-29,0.0,0.0,-7.6125,3.0833333333333335,6
2026-01-30,0.0,0.0,-7.495833333333334,44.666666666666664,6
2026-01-31,0.0,0.0,-4.516666666666667,36.666666666666664,6
2026-02-01,0.0,0.0,-3.0541666666666667,20.333333333333332,6
2026-02-02,2.5,0.0,-2.5083333333333333,40.5,6
2026-02-03,0.0,0.0,-1.7666666666666666,0.0,6
2026-02-04,0.0,0.0,0.8125,62.916666666666664,6
2026-02-05,0.0,0.0,2.654166666666667,73.875,6
2026-02-06,0.0,0.0,-6.766666666666667,66.95833333333333,6
2026-02-07,0.0,0.0,-10.225,5.166666666666667,6
2026-02-08,0.0,0.0,-8.616666666666667,0.5416666666666666,6
2026-02-09,0.0,0.0,-4.108333333333333,12.5,6
2026-02-10,0.7000000000000001,0.1,-1.6541666666666668,98.66666666666669,6
2026-02-11,0.0,0.0,0.625,47.666666666666664,6
2026-02-12,0.0,0.0,-0.07500000000000002,2.0,6
2026-02-13,0.0,0.0,2.4583333333333335,90.66666666666667,6
2026-02-14,0.0,0.0,4.941666666666666,88.95833333333333,6
2026-02-15,0.6000000000000001,0.0,5.841666666666666,62.0,6
2026-02-16,0.0,0.0,-0.9708333333333333,27.75,6
2026-02-17,0.0,0.0,-0.7583333333333333,0.0,6
2026-02-18,0.0,0.0,-0.4166666666666667,0.0,6
2026-02-19,0.0,0.0,1.9,27.875,6
2026-02-20,0.0,0.0,4.154166666666667,51.666666666666664,6
2026-02-21,0.0,0.0,7.5,18.625,6
2026-02-22,0.0,0.0,6.020833333333333,52.916666666666664,6
2026-02-23,0.0,0.0,0.3083333333333333,62.666666666666664,6
2026-02-24,13.1,0.3,-1.4333333333333331,77.29166666666667,6
2026-02-25,0.0,0.0,-2.1041666666666665,12.083333333333334,6
2026-02-26,0.0,0.0,3.5124999999999997,96.16666666666667,6
2026-02-27,1.1,0.0,4.4125000000000005,77.75,6
2026-02-28,0.0,0.0,6.2,3.9166666666666665,6
2026-03-01,0.2,0.0,5.783333333333334,73.66666666666667,6
2026-03-02,5.1000000000000005,1.0,5.6000000000000005,89.79166666666667,6
2026-03-03,0.4,0.0,5.4750000000000005,37.666666666666664,6
2026-03-04,0.0,0.0,4.2625,44.875,6
2026-03-05,0.2,0.0,4.395833333333333,63.041666666666664,6
2026-03-06,3.9,0.0,2.0083333333333333,86.875,6
2026-03-07,0.0,0.0,0.1333333333333333,0.0,6
2026-03-08,0.0,0.0,0.5083333333333334,51.416666666666664,6
2026-03-09,0.0,0.0,3.2874999999999996,6.166666666666667,6
2026-03-10,0.0,0.0,2.5083333333333333,3.375,6
2026-03-11,0.0,0.0,1.1166666666666667,58.083333333333336,6
2026-03-12,0.0,0.0,5.120833333333334,5.458333333333333,6
2026-03-13,0.0,0.0,5.070833333333334,30.5,6
2026-03-14,0.0,0.0,5.129166666666666,100.0,6
2026-03-15,0.0,0.0,5.429166666666667,75.25,6
2026-03-16,0.0,0.0,4.320833333333334,37.208333333333336,6
2026-03-17,0.0,0.0,4.6499999999999995,22.708333333333332,6
2026-03-18,0.0,0.0,4.3625,88.41666666666667,6
2026-03-19,0.0,0.0,5.1000000000000005,74.91666666666667,6
2026-03-20,0.0,0.0,4.908333333333333,18.083333333333332,6
2026-03-21,0.0,0.0,5.45,12.083333333333334,6
2026-03-22,0.5,0.3,7.258333333333333,24.583333333333332,6
2026-03-23,0.0,0.0,8.266666666666667,32.125,6
2026-03-24,0.0,0.0,9.179166666666667,24.416666666666668,6
2026-03-25,0.0,0.0,9.512500000000001,44.5,6
2026-03-26,0.0,0.0,12.0875,64.16666666666667,6
2026-03-27,0.0,0.0,12.0875,98.08333333333333,6
2026-03-28,0.0,0.0,12.091666666666669,78.16666666666667,6
2026-03-29,0.0,0.0,11.404166666666669,37.208333333333336,6
2026-03-30,2.5,0.30000000000000004,12.433333333333332,96.16666666666667,6
2026-03-31,7.1000000000000005,0.0,12.0875,89.375,6
2026-04-01,0.0,0.0,11.799999999999999,45.208333333333336,6
2026-04-02,0.0,0.0,10.395833333333334,67.79166666666667,6
2026-04-03,0.5,0.3,10.416666666666666,99.83333333333331,6
2026-04-04,19.8,1.5,8.15,100.0,6
2026-04-05,0.2,0.0,9.6375,37.833333333333336,6
2026-04-06,2.0,0.0,10.941666666666668,7.875,6
2026-04-07,3.2,0.0,9.879166666666666,35.666666666666664,6
2026-04-08,0.0,0.0,9.541666666666666,21.0,6
2026-04-09,0.0,0.0,9.304166666666667,7.708333333333333,6
2026-04-10,5.0,1.5,13.716666666666669,45.333333333333336,6
2026-04-11,0.0,0.0,15.204166666666666,7.375,6
2026-04-12,0.0,0.0,18.225,91.875,6
2026-04-13,0.6000000000000001,0.0,16.2625,54.75,6
2026-04-14,0.0,0.0,15.762500000000001,45.333333333333336,6
2026-04-15,0.0,0.0,16.604166666666668,100.0,6
2026-04-16,0.0,0.0,17.066666666666666,60.541666666666664,6
2026-04-17,4.0,0.0,14.766666666666666,10.25,6
2026-04-18,0.0,0.0,15.420833333333334,44.583333333333336,6
2026-04-19,0.0,0.0,17.295833333333334,20.583333333333332,6
2026-04-20,1.0,0.0,15.3375,71.83333333333333,6
2026-04-21,4.4,0.0,12.541666666666666,37.333333333333336,6
2026-04-22,0.8,0.4,14.362499999999999,90.5,6
2026-04-23,0.4,0.0,12.725,12.833333333333334,6
2026-04-24,0.0,0.0,14.083333333333334,3.625,6
2026-04-25,0.0,0.0,16.400000000000002,49.416666666666664,6
2026-04-26,0.0,0.0,17.241666666666667,67.25,6
2026-04-27,6.6,3.7,14.120833333333332,85.375,6
2026-04-28,0.0,0.0,15.445833333333333,16.208333333333332,6
2026-04-29,0.0,0.0,15.441666666666668,59.25,6
2026-04-30,0.0,0.0,15.179166666666667,15.125,6
2026-05-01,0.0,0.0,16.204166666666666,48.333333333333336,6
2026-05-02,0.0,0.0,15.695833333333333,96.375,6
2026-05-03,0.0,0.0,17.7625,80.79166666666667,6
2026-05-04,0.0,0.0,17.229166666666668,20.333333333333332,6
2026-05-05,0.0,0.0,14.725000000000001,8.083333333333334,6
2026-05-06,0.0,0.0,16.420833333333334,47.541666666666664,6
2026-05-07,0.6000000000000001,0.0,16.5,93.08333333333331,6
2026-05-08,0.0,0.0,16.495833333333334,58.041666666666664,6
2026-05-09,0.0,0.0,16.212500000000002,29.333333333333332,6
2026-05-10,0.0,0.0,17.537499999999998,73.79166666666667,6
2026-05-11,0.5,0.30000000000000004,18.341666666666665,77.79166666666667,6
2026-05-12,7.2,0.30000000000000004,18.266666666666666,96.58333333333333,6
2026-05-13,15.6,7.8,18.537499999999998,81.29166666666667,6
2026-05-14,0.0,0.0,19.6875,30.666666666666668,6
2026-05-15,0.0,0.0,21.104166666666668,12.958333333333334,6
2026-05-16,0.0,0.0,23.816666666666663,4.75,6
2026-05-17,0.0,0.0,23.295833333333334,51.916666666666664,6
2026-05-18,0.0,0.0,24.7,38.708333333333336,6
2026-05-19,3.4000000000000004,0.2,21.7625,100.0,6
2026-05-20,28.3,1.0,18.558333333333337,98.25,6
2026-05-21,0.4,0.0,24.166666666666668,4.541666666666667,6
2026-05-22,0.0,0.0,19.579166666666666,26.625,6
2026-05-23,0.0,0.0,19.3,53.708333333333336,6
2026-05-24,0.0,0.0,22.558333333333337,91.125,6
2026-05-25,0.0,0.0,21.925,60.833333333333336,6
2026-05-26,20.5,6.5,20.333333333333332,88.29166666666667,6
2026-05-27,1.2,0.0,23.570833333333336,62.5,6
2026-05-28,0.7000000000000001,0.0,20.445833333333333,20.041666666666668,6
2026-05-29,0.0,0.0,19.95,0.8333333333333334,6
2026-05-30,0.0,0.0,20.745833333333334,5.25,6
2026-05-31,0.0,0.0,22.170833333333334,13.208333333333334,6
2026-06-01,0.0,0.0,23.329166666666666,76.625,6
2026-06-02,0.0,0.0,24.375,26.541666666666668,6
2026-06-03,0.0,0.0,22.933333333333337,79.66666666666667,6
2026-06-04,0.0,0.0,22.425,34.958333333333336,6
2026-06-05,0.0,0.0,23.329166666666666,63.541666666666664,6
2026-06-06,0.5,0.0,22.400000000000002,69.79166666666667,6
2026-06-07,0.5,0.3,20.775,53.5,6
2026-06-08,0.0,0.0,21.90833333333333,19.625,6
2026-06-09,0.5,0.0,20.7625,5.458333333333333,6
2026-06-10,3.4,0.0,20.4,35.208333333333336,6
2026-06-11,0.5,0.3,21.1625,10.416666666666666,6
2026-06-12,0.0,0.0,21.625,11.25,6
2026-06-13,0.0,0.0,23.795833333333334,12.625,6
2026-06-14,0.2,0.2,24.566666666666666,61.0,6
2026-06-15,0.5,0.30000000000000004,23.6375,30.208333333333332,6
2026-06-16,0.5,0.0,26.204166666666666,54.041666666666664,6
2026-06-17,0.0,0.0,27.47083333333333,53.25,6
2026-06-18,2.0,1.2000000000000002,28.675,24.208333333333332,6
2026-06-19,0.0,0.0,28.670833333333334,15.25,6
2026-06-20,0.0,0.0,29.766666666666666,50.75,6
2026-06-21,0.4,0.4,28.224999999999998,48.333333333333336,6
2026-06-22,1.3,0.0,22.90833333333333,80.625,6
2026-06-23,1.0,0.0,23.45,67.08333333333333,6
2026-06-24,0.0,0.0,22.5875,80.79166666666667,6
2026-06-25,1.1,1.1,22.541666666666668,12.75,6
2026-06-26,0.0,0.0,22.475,29.958333333333332,6
2026-06-27,0.6000000000000001,0.0,22.295833333333334,71.5,6
2026-06-28,0.6000000000000001,0.0,23.816666666666663,45.75,6
2026-06-29,3.8,1.2000000000000002,25.84166666666667,28.166666666666668,6
2026-06-30,0.0,0.0,26.162499999999998,22.958333333333332,6
2026-07-01,1.5,0.8999999999999999,26.225,45.625,6
2026-07-02,1.6,0.4,27.25,7.25,6
2026-07-03,7.4,0.0,25.945833333333336,23.791666666666668,6
2026-07-04,0.6000000000000001,0.0,25.729166666666668,77.08333333333333,6
2026-07-05,8.0,0.1,27.141666666666666,74.91666666666667,6
2026-07-06,43.8,6.5,24.875,99.58333333333331,6
2026-07-07,17.3,5.2,25.179166666666664,98.54166666666667,6
2026-07-08,45.2,0.8999999999999999,24.541666666666668,88.66666666666667,6
2026-07-09,38.4,0.6000000000000001,24.758333333333336,91.5,6
2026-07-10,6.5,0.4,25.933333333333334,89.5,6
2026-07-11,0.0,0.0,27.604166666666668,61.833333333333336,6
2026-07-12,0.0,0.0,27.875,67.0,6
2026-07-13,0.7000000000000001,0.0,27.504166666666666,83.41666666666667,6
2026-07-14,3.4000000000000004,0.6000000000000001,26.670833333333334,96.875,6
2026-07-15,54.1,0.0,24.491666666666664,80.75,6
2026-07-16,0.4,0.2,25.379166666666663,42.541666666666664,6
2026-07-17,12.8,2.0999999999999996,25.004166666666663,88.41666666666667,6
2026-07-18,11.2,2.4000000000000004,24.879166666666663,96.54166666666669,6
2026-07-19,53.2,8.100000000000001,24.71666666666667,82.5,6
2026-07-20,2.0,0.0,25.3125,23.916666666666668,6
2026-07-21,0.0,0.0,26.09583333333333,51.458333333333336,6
2026-07-22,1.2000000000000002,0.30000000000000004,26.316666666666666,37.25,6
2026-07-23,0.30000000000000004,0.1,26.166666666666668,57.041666666666664,6
2026-07-24,15.1,3.9,24.725,87.91666666666667,6
2026-07-25,1.3,0.0,25.920833333333334,67.20833333333333,6
2026-07-26,3.4000000000000004,0.0,25.525,85.91666666666667,6
2026-07-27,3.2,0.0,25.329166666666666,78.58333333333333,6
2026-07-28,2.3,0.0,26.712500000000002,85.29166666666667,6
2026-07-29,1.3,0.0,27.375,45.5,6
2026-07-30,1.3,0.0,27.570833333333336,57.958333333333336,6
2026-07-31,1.8,0.3,27.941666666666663,81.5,6
2026-08-01,2.4,0.0,28.275000000000002,75.375,6
2026-08-02,0.1,0.0,28.77916666666667,48.208333333333336,6
2026-08-03,1.1,0.30000000000000004,30.375,57.791666666666664,6
2026-08-04,2.8,0.6000000000000001,32.050000000000004,20.416666666666668,6
2026-08-05,2.6,1.2000000000000002,32.24166666666667,20.208333333333332,6
2026-08-06,0.1,0.1,31.5125,30.833333333333332,6
2026-08-07,0.0,0.0,32.483333333333334,0.5833333333333334,6
2026-08-08,2.2,0.6000000000000001,30.475,41.75,6
2026-08-09,1.0,0.6000000000000001,28.120833333333334,20.041666666666668,6
2026-08-10,0.0,0.0,26.883333333333336,37.208333333333336,6
2026-08-11,0.0,0.0,25.900000000000002,0.0,6
2026-08-12,0.0,0.0,25.383333333333336,35.791666666666664,6
2026-08-13,0.0,0.0,26.6,58.75,6
2026-08-14,3.9,2.5,28.6625,42.5,6
2026-08-15,17.5,7.9,27.245833333333337,88.75,6
2026-08-16,7.1000000000000005,0.8999999999999999,26.1125,71.95833333333333,6
2026-08-17,24.8,0.1,26.245833333333334,50.25,6
2026-08-18,4.7,0.0,25.954166666666666,72.70833333333333,6
2026-08-19,0.0,0.0,26.95,58.083333333333336,6
2026-08-20,1.2000000000000002,0.3,26.8125,71.83333333333333,6
2026-08-21,3.2,2.2,27.2375,31.916666666666668,6
2026-08-22,15.0,5.8,25.5125,87.70833333333333,6
2026-08-23,32.3,0.8999999999999999,25.566666666666663,92.04166666666669,6
2026-08-24,6.1000000000000005,3.3000000000000003,28.27916666666667,88.58333333333333,6
2026-08-25,28.6,2.4000000000000004,26.008333333333336,93.70833333333331,6
2026-08-26,2.9,0.0,26.958333333333332,92.875,6
2026-08-27,0.6000000000000001,0.0,25.412499999999998,98.16666666666667,6
2026-08-28,5.1,0.0,25.400000000000002,96.41666666666667,6
2026-08-29,13.0,2.7,25.3,99.75,6
2023-06-01,,,19.966666666666665,,7
2023-06-02,,,22.7,,7
2023-06-03,,,22.645833333333332,,7
2023-06-04,,,24.0,,7
2023-06-05,,,25.491666666666664,,7
2023-06-06,,,25.366666666666664,,7
2023-06-07,,,22.704166666666666,,7
2023-06-08,,,23.8,,7
2023-06-09,,,21.6375,,7
2023-06-10,,,20.5625,,7
2023-06-11,,,23.71666666666667,,7
2023-06-12,,,23.195833333333336,,7
2023-06-13,,,22.920833333333334,,7
2023-06-14,,,24.058333333333334,,7
2023-06-15,,,23.96666666666667,,7
2023-06-16,,,24.46666666666667,,7
2023-06-17,,,26.620833333333334,,7
2023-06-18,,,27.070833333333336,,7
2023-06-19,,,27.583333333333332,,7
2023-06-20,,,26.066666666666666,,7
2023-06-21,,,26.120833333333334,,7
2023-06-22,,,25.09583333333333,,7
2023-06-23,,,24.804166666666664,,7
2023-06-24,,,27.9875,,7
2023-06-25,,,26.6125,,7
2023-06-26,,,24.983333333333334,,7
2023-06-27,,,23.458333333333332,,7
2023-06-28,,,23.53333333333333,,7
2023-06-29,,,24.729166666666668,,7
2023-06-30,,,24.133333333333336,,7
2023-07-01,,,23.78333333333333,,7
2023-07-02,,,26.037499999999998,,7
2023-07-03,,,25.054166666666664,,7
2023-07-04,,,27.15833333333333,,7
2023-07-05,,,22.7,,7
2023-07-06,,,25.604166666666668,,7
2023-07-07,,,27.662499999999998,,7
2023-07-08,,,27.7625,,7
2023-07-09,,,26.7625,,7
2023-07-10,,,27.745833333333334,,7
2023-07-11,,,25.025000000000002,,7
2023-07-12,,,24.90416666666667,,7
2023-07-13,,,24.429166666666664,,7
2023-07-14,,,25.820833333333336,,7
2023-07-15,,,23.504166666666666,,7
2023-07-16,,,23.191666666666666,,7
2023-07-17,,,23.45,,7
2023-07-18,,,26.320833333333336,,7
2023-07-19,,,23.212500000000002,,7
2023-07-20,,,25.633333333333336,,7
2023-07-21,,,27.645833333333332,,7
2023-07-22,,,25.979166666666668,,7
2023-07-23,,,23.520833333333332,,7
2023-07-24,,,26.008333333333336,,7
2023-07-25,,,26.391666666666666,,7
2023-07-26,,,27.7625,,7
2023-07-27,,,29.183333333333334,,7
2023-07-28,,,27.787499999999998,,7
2023-07-29,,,26.995833333333334,,7
2023-07-30,,,23.870833333333334,,7
2023-07-31,,,28.245833333333334,,7
2023-08-01,,,29.183333333333334,,7
2023-08-02,,,31.075,,7
2023-08-03,,,31.683333333333334,,7
2023-08-04,,,29.820833333333336,,7
2023-08-05,,,25.45,,7
2023-08-06,,,26.883333333333336,,7
2023-08-07,,,29.15833333333333,,7
2023-08-08,,,26.991666666666664,,7
2023-08-09,,,26.84166666666667,,7
2023-08-10,,,25.6375,,7
2023-08-11,,,27.150000000000002,,7
2023-08-12,,,27.625,,7
2023-08-13,,,27.1875,,7
2023-08-14,,,27.229166666666668,,7
2023-08-15,,,27.650000000000002,,7
2023-08-16,,,27.958333333333332,,7
2023-08-17,,,26.662499999999998,,7
2023-08-18,,,28.245833333333334,,7
2023-08-19,,,30.670833333333334,,7
2023-08-20,,,31.079166666666666,,7
2023-08-21,,,27.941666666666666,,7
2023-08-22,,,28.379166666666666,,7
2023-08-23,,,28.6375,,7
2023-08-24,,,24.941666666666666,,7
2023-08-25,,,24.96666666666667,,7
2023-08-26,,,25.645833333333332,,7
2023-08-27,,,24.587500000000002,,7
2023-08-28,,,23.258333333333336,,7
2023-08-29,,,21.608333333333334,,7
2023-08-30,,,21.645833333333332,,7
2023-08-31,,,24.104166666666668,,7
2023-09-01,,,24.22083333333333,,7
2023-09-02,,,24.820833333333336,,7
2023-09-03,,,25.212500000000002,,7
2023-09-04,,,24.6375,,7
2023-09-05,,,23.820833333333336,,7
2023-09-06,,,20.733333333333334,,7
2023-09-07,,,24.629166666666666,,7
2023-09-08,,,23.745833333333334,,7
2023-09-09,,,25.229166666666668,,7
2023-09-10,,,25.525000000000002,,7
2023-09-11,,,26.0125,,7
2023-09-12,,,23.90416666666667,,7
2023-09-13,,,22.175,,7
2023-09-14,,,22.483333333333334,,7
2023-09-15,,,21.270833333333332,,7
2023-09-16,,,20.895833333333332,,7
2023-09-17,,,20.245833333333334,,7
2023-09-18,,,22.900000000000002,,7
2023-09-19,,,23.09583333333333,,7
2023-09-20,,,21.704166666666666,,7
2023-09-21,,,21.454166666666666,,7
2023-09-22,,,21.75,,7
2023-09-23,,,22.59166666666667,,7
2023-09-24,,,21.429166666666664,,7
2023-09-25,,,21.52916666666667,,7
2023-09-26,,,22.0625,,7
2023-09-27,,,20.729166666666668,,7
2023-09-28,,,21.433333333333334,,7
2023-09-29,,,21.120833333333334,,7
2023-09-30,,,20.779166666666665,,7
2023-10-01,,,19.620833333333334,,7
2023-10-02,,,19.120833333333334,,7
2023-10-03,,,18.333333333333332,,7
2023-10-04,,,18.045833333333334,,7
2023-10-05,,,17.866666666666667,,7
2023-10-06,,,19.650000000000002,,7
2023-10-07,,,17.670833333333334,,7
2023-10-08,,,18.416666666666668,,7
2023-10-09,,,19.891666666666666,,7
2023-10-10,,,18.954166666666666,,7
2023-10-11,,,19.133333333333333,,7
2023-10-12,,,19.983333333333334,,7
2023-10-13,,,18.900000000000002,,7
2023-10-14,,,18.504166666666666,,7
2023-10-15,,,17.958333333333332,,7
2023-10-16,,,14.075000000000001,,7
2023-10-17,,,12.575000000000001,,7
2023-10-18,,,16.162499999999998,,7
2023-10-19,,,18.087500000000002,,7
2023-10-20,,,13.5625,,7
2023-10-21,,,9.9125,,7
2023-10-22,,,10.75,,7
2023-10-23,,,15.5625,,7
2023-10-24,,,16.391666666666666,,7
2023-10-25,,,17.3875,,7
2023-10-26,,,18.070833333333333,,7
2023-10-27,,,17.412499999999998,,7
2023-10-28,,,16.495833333333334,,7
2023-10-29,,,17.408333333333335,,7
2023-10-30,,,17.516666666666666,,7
2023-10-31,,,17.716666666666665,,7
2023-11-01,,,17.195833333333333,,7
2023-11-02,,,18.287499999999998,,7
2023-11-03,,,18.6125,,7
2023-11-04,,,17.233333333333334,,7
2023-11-05,,,16.599999999999998,,7
2023-11-06,,,9.854166666666666,,7
2023-11-07,,,8.716666666666667,,7
2023-11-08,,,11.862499999999999,,7
2023-11-09,,,10.683333333333332,,7
2023-11-10,,,6.141666666666667,,7
2023-11-11,,,3.733333333333333,,7
2023-11-12,,,3.766666666666667,,7
2023-11-13,,,4.5625,,7
2023-11-14,,,7.0874999999999995,,7
2023-11-15,,,9.725,,7
2023-11-16,,,9.029166666666667,,7
2023-11-17,,,6.5874999999999995,,7
2023-11-18,,,4.091666666666667,,7
2023-11-19,,,8.970833333333333,,7
2023-11-20,,,8.458333333333334,,7
2023-11-21,,,8.554166666666667,,7
2023-11-22,,,9.795833333333333,,7
2023-11-23,,,10.958333333333334,,7
2023-11-24,,,4.075,,7
2023-11-25,,,-2.025,,7
2023-11-26,,,1.1708333333333332,,7
2023-11-27,,,5.045833333333333,,7
2023-11-28,,,0.9041666666666667,,7
2023-11-29,,,2.975,,7
2023-11-30,,,-1.6624999999999999,,7
2023-12-01,,,1.1791666666666667,,7
2023-12-02,,,2.4208333333333334,,7
2023-12-03,,,2.4458333333333333,,7
2023-12-04,,,5.441666666666666,,7
2023-12-05,,,8.3375,,7
2023-12-06,,,5.858333333333333,,7
2023-12-07,,,5.058333333333334,,7
2023-12-08,,,5.345833333333334,,7
2023-12-09,,,11.120833333333332,,7
2023-12-10,,,8.104166666666666,,7
2023-12-11,,,8.541666666666666,,7
2023-12-12,,,6.933333333333334,,7
2023-12-13,,,7.279166666666666,,7
2023-12-14,,,6.25,,7
2023-12-15,,,5.479166666666667,,7
2023-12-16,,,1.1125,,7
2023-12-17,,,-7.254166666666666,,7
2023-12-18,,,-5.691666666666666,,7
2023-12-19,,,-2.2041666666666666,,7
2023-12-20,,,-6.241666666666667,,7
2023-12-21,,,-9.441666666666666,,7
2023-12-22,,,-7.9875,,7
2023-12-23,,,-4.9624999999999995,,7
2023-12-24,,,-2.216666666666667,,7
2023-12-25,,,-0.26666666666666666,,7
2023-12-26,,,-1.0,,7
2023-12-27,,,-0.24583333333333335,,7
2023-12-28,,,-0.8208333333333333,,7
2023-12-29,,,-0.2875,,7
2023-12-30,,,0.3888888888888889,,7
2023-12-31,,,,,7
2024-01-01,,,,,7
2024-01-02,,,,,7
2024-01-03,,,,,7
2024-01-04,,,,,7
2024-01-05,,,,,7
2024-01-06,,,,,7
2024-01-07,,,,,7
2024-01-08,,,,,7
2024-01-09,,,,,7
2024-01-10,,,,,7
2024-01-11,,,,,7
2024-01-12,,,,,7
2024-01-13,,,,,7
2024-01-14,,,,,7
2024-01-15,,,,,7
2024-01-16,,,,,7
2024-01-17,,,,,7
2024-01-18,,,,,7
2024-01-19,,,,,7
2024-01-20,,,,,7
2024-01-21,,,,,7
2024-01-22,,,,,7
2024-01-23,,,,,7
2024-01-24,,,,,7
2024-01-25,0.0,0.0,-1.2666666666666666,38.0,7
2024-01-26,0.0,0.0,-0.025000000000000005,71.29166666666667,7
2024-01-27,0.0,0.0,0.07083333333333335,34.875,7
2024-01-28,0.0,0.0,-0.06249999999999998,24.75,7
2024-01-29,0.0,0.0,0.15416666666666665,58.208333333333336,7
2024-01-30,0.0,0.0,1.0999999999999999,19.916666666666668,7
2024-01-31,0.0,0.0,0.8375,1.5833333333333333,7
2024-02-01,0.0,0.0,1.0250000000000001,20.25,7
2024-02-02,3.2,0.0,2.5208333333333335,99.91666666666667,7
2024-02-03,0.0,0.0,2.5416666666666665,79.54166666666667,7
2024-02-04,0.0,0.0,3.6291666666666664,99.5,7
2024-02-05,1.8,0.4,2.7916666666666665,100.0,7
2024-02-06,1.7000000000000002,0.1,2.7541666666666664,80.83333333333333,7
2024-02-07,0.0,0.0,1.1958333333333333,17.458333333333332,7
2024-02-08,0.0,0.0,2.3041666666666667,74.29166666666667,7
2024-02-09,0.0,0.0,2.845833333333333,42.208333333333336,7
2024-02-10,0.0,0.0,2.0083333333333333,2.6666666666666665,7
2024-02-11,0.6,0.0,2.095833333333333,30.666666666666668,7
2024-02-12,0.0,0.0,1.8875,7.583333333333333,7
2024-02-13,0.0,0.0,6.5625,16.833333333333332,7
2024-02-14,0.0,0.0,9.633333333333335,82.625,7
2024-02-15,8.7,0.0,5.8999999999999995,79.70833333333333,7
2024-02-16,0.0,0.0,5.466666666666666,17.541666666666668,7
2024-02-17,0.0,0.0,7.654166666666666,20.0,7
2024-02-18,0.0,0.0,8.295833333333333,24.625,7
2024-02-19,0.4,0.1,8.908333333333333,91.41666666666667,7
2024-02-20,1.1,0.0,5.958333333333333,82.29166666666667,7
2024-02-21,3.7,0.4,2.504166666666667,100.0,7
2024-02-22,5.800000000000001,0.5,2.2666666666666666,97.45833333333333,7
2024-02-23,0.0,0.0,3.908333333333333,94.875,7
2024-02-24,0.0,0.0,3.5666666666666664,88.95833333333333,7
2024-02-25,0.6,0.0,5.583333333333333,98.45833333333333,7
2024-02-26,2.2,0.0,2.891666666666667,48.791666666666664,7
2024-02-27,0.0,0.0,4.091666666666667,49.041666666666664,7
2024-02-28,0.7000000000000001,0.0,5.170833333333333,97.45833333333333,7
2024-02-29,0.1,0.0,5.766666666666667,100.0,7
2024-03-01,4.9,0.5,3.2291666666666665,90.25,7
2024-03-02,0.8,0.8,-0.9458333333333333,26.25,7
2024-03-03,0.0,0.0,5.1375,8.416666666666666,7
2024-03-04,0.30000000000000004,0.0,7.495833333333334,55.958333333333336,7
2024-03-05,0.9,0.0,6.520833333333333,100.0,7
2024-03-06,0.2,0.0,6.579166666666667,97.16666666666667,7
2024-03-07,0.0,0.0,6.579166666666667,40.875,7
2024-03-08,0.0,0.0,4.233333333333333,0.3333333333333333,7
2024-03-09,0.0,0.0,6.0,0.5,7
2024-03-10,0.0,0.0,5.6000000000000005,18.958333333333332,7
2024-03-11,0.0,0.0,6.108333333333333,86.25,7
2024-03-12,0.0,0.0,8.058333333333334,94.79166666666667,7
2024-03-13,0.0,0.0,7.220833333333334,33.833333333333336,7
2024-03-14,0.0,0.0,8.275,13.166666666666666,7
2024-03-15,0.0,0.0,9.095833333333333,11.833333333333334,7
2024-03-16,0.0,0.0,10.0375,28.666666666666668,7
2024-03-17,0.0,0.0,10.204166666666667,81.75,7
2024-03-18,0.0,0.0,6.9875,27.791666666666668,7
2024-03-19,0.2,0.2,6.566666666666666,29.583333333333332,7
2024-03-20,0.0,0.0,5.716666666666666,12.25,7
2024-03-21,0.0,0.0,8.220833333333333,2.9583333333333335,7
2024-03-22,0.0,0.0,10.2875,53.791666666666664,7
2024-03-23,1.8,0.3,11.737499999999999,96.875,7
2024-03-24,1.9,0.0,10.929166666666667,76.25,7
2024-03-25,0.8999999999999999,0.3,11.679166666666667,99.375,7
2024-03-26,1.3,0.0,10.475,83.29166666666667,7
2024-03-27,0.0,0.0,12.0,93.16666666666667,7
2024-03-28,0.0,0.0,11.383333333333333,100.0,7
2024-03-29,0.2,0.0,9.200000000000001,43.708333333333336,7
2024-03-30,2.4,0.6,8.179166666666667,55.291666666666664,7
2024-03-31,1.1,0.0,8.387500000000001,45.666666666666664,7
2024-04-01,0.0,0.0,12.525,37.875,7
2024-04-02,0.2,0.2,13.8125,55.791666666666664,7
2024-04-03,0.0,0.0,14.533333333333333,34.041666666666664,7
2024-04-04,0.0,0.0,13.65,86.875,7
2024-04-05,0.0,0.0,14.441666666666668,84.29166666666667,7
2024-04-06,0.0,0.0,15.304166666666667,97.91666666666667,7
2024-04-07,0.0,0.0,15.112499999999999,87.79166666666667,7
2024-04-08,0.0,0.0,16.895833333333332,95.08333333333333,7
2024-04-09,0.0,0.0,18.608333333333334,85.75,7
2024-04-10,0.0,0.0,16.966666666666665,55.041666666666664,7
2024-04-11,0.0,0.0,17.741666666666667,57.791666666666664,7
2024-04-12,0.0,0.0,18.537499999999998,11.291666666666666,7
2024-04-13,0.0,0.0,18.570833333333333,9.416666666666666,7
2024-04-14,0.0,0.0,20.3875,45.041666666666664,7
2024-04-15,1.0,0.0,15.775,95.83333333333333,7
2024-04-16,0.0,0.0,16.420833333333334,31.416666666666668,7
2024-04-17,0.0,0.0,16.245833333333334,33.875,7
2024-04-18,0.0,0.0,18.212500000000002,40.541666666666664,7
2024-04-19,0.0,0.0,16.870833333333334,94.95833333333333,7
2024-04-20,0.0,0.0,15.245833333333332,57.625,7
2024-04-21,0.0,0.0,17.708333333333332,52.166666666666664,7
2024-04-22,0.0,0.0,16.745833333333334,17.875,7
2024-04-23,0.0,0.0,18.641666666666666,65.16666666666667,7
2024-04-24,0.9,0.0,16.775,30.5,7
2024-04-25,0.0,0.0,17.979166666666668,10.166666666666666,7
2024-04-26,0.0,0.0,20.141666666666666,29.25,7
2024-04-27,0.0,0.0,20.554166666666667,79.0,7
2024-04-28,4.6,1.5,18.691666666666666,97.04166666666667,7
2024-04-29,0.0,0.0,21.020833333333332,55.666666666666664,7
2024-04-30,0.0,0.0,18.900000000000002,85.04166666666667,7
2024-05-01,0.0,0.0,19.662499999999998,62.5,7
2024-05-02,0.0,0.0,19.23333333333333,10.041666666666666,7
2024-05-03,0.0,0.0,19.133333333333333,12.458333333333334,7
2024-05-04,0.0,0.0,22.52916666666667,36.833333333333336,7
2024-05-05,1.4,1.4,21.099999999999998,71.70833333333333,7
2024-05-06,10.5,1.0,16.733333333333334,100.0,7
2024-05-07,1.2000000000000002,0.1,14.458333333333334,91.95833333333333,7
2024-05-08,0.1,0.0,14.0,79.41666666666667,7
2024-05-09,0.0,0.0,15.174999999999999,51.0,7
2024-05-10,0.0,0.0,17.533333333333335,32.041666666666664,7
2024-05-11,0.2,0.0,18.275000000000002,99.54166666666667,7
2024-05-12,2.5,0.0,18.095833333333335,64.875,7
2024-05-13,0.0,0.0,19.679166666666667,49.375,7
2024-05-14,0.0,0.0,19.216666666666665,10.666666666666666,7
2024-05-15,0.0,0.0,19.841666666666665,52.666666666666664,7
2024-05-16,0.0,0.0,19.733333333333334,23.5,7
2024-05-17,0.0,0.0,18.491666666666667,81.75,7
2024-05-18,0.0,0.0,19.7375,30.875,7
2024-05-19,0.0,0.0,21.8875,18.5,7
2024-05-20,0.0,0.0,21.6375,49.208333333333336,7
2024-05-21,0.0,0.0,23.045833333333334,1.0,7
2024-05-22,0.0,0.0,22.604166666666668,37.041666666666664,7
2024-05-23,0.0,0.0,20.695833333333333,49.875,7
2024-05-24,0.0,0.0,22.866666666666664,43.083333333333336,7
2024-05-25,0.0,0.0,22.929166666666664,89.04166666666667,7
2024-05-26,0.0,0.0,22.420833333333334,89.5,7
2024-05-27,0.2,0.0,21.525000000000002,57.75,7
2024-05-28,0.9,0.0,17.349999999999998,79.375,7
2024-05-29,0.0,0.0,19.170833333333334,62.083333333333336,7
2024-05-30,0.0,0.0,22.925,97.79166666666667,7
2024-05-31,0.5,0.0,22.329166666666666,60.333333333333336,7
2024-06-01,0.6000000000000001,0.2,20.079166666666666,67.91666666666667,7
2024-06-02,1.2,0.0,20.05,33.416666666666664,7
2024-06-03,0.30000000000000004,0.1,19.254166666666666,62.5,7
2024-06-04,1.0,0.1,20.441666666666666,38.25,7
2024-06-05,0.0,0.0,23.416666666666668,1.875,7
2024-06-06,0.0,0.0,24.53333333333333,1.9166666666666667,7
2024-06-07,0.0,0.0,24.912499999999998,26.166666666666668,7
2024-06-08,0.4,0.2,24.287499999999998,83.95833333333333,7
2024-06-09,0.5,0.0,21.1875,72.0,7
2024-06-10,0.4,0.2,23.491666666666664,61.083333333333336,7
2024-06-11,3.9,0.0,22.22083333333333,74.25,7
2024-06-12,0.0,0.0,26.125,15.416666666666666,7
2024-06-13,0.7,0.7,26.65416666666667,40.416666666666664,7
2024-06-14,0.0,0.0,26.758333333333336,28.208333333333332,7
2024-06-15,0.30000000000000004,0.1,26.675,61.5,7
2024-06-16,0.1,0.0,24.287499999999998,52.875,7
2024-06-17,0.0,0.0,25.754166666666666,85.5,7
2024-06-18,0.2,0.0,25.391666666666666,68.45833333333333,7
2024-06-19,0.30000000000000004,0.0,25.724999999999998,30.541666666666668,7
2024-06-20,0.0,0.0,28.15416666666667,52.0,7
2024-06-21,2.3,0.5,26.666666666666668,74.83333333333333,7
2024-06-22,1.4000000000000001,0.0,26.254166666666666,72.625,7
2024-06-23,4.0,0.0,23.55,95.58333333333333,7
2024-06-24,2.5,0.3,23.77916666666667,92.5,7
2024-06-25,5.4,0.4,20.895833333333332,85.91666666666667,7
2024-06-26,0.0,0.0,24.354166666666668,87.70833333333333,7
2024-06-27,0.0,0.0,25.554166666666664,61.583333333333336,7
2024-06-28,0.0,0.0,26.391666666666666,40.291666666666664,7
2024-06-29,0.5,0.1,27.454166666666666,82.95833333333333,7
2024-06-30,24.8,2.0,21.116666666666667,99.83333333333333,7
2024-07-01,6.4,0.1,23.95,79.41666666666667,7
2024-07-02,2.2,0.0,23.2625,97.45833333333333,7
2024-07-03,0.8999999999999999,0.0,23.849999999999998,100.0,7
2024-07-04,0.30000000000000004,0.1,24.133333333333336,98.625,7
2024-07-05,0.8,0.1,26.083333333333332,86.25,7
2024-07-06,16.400000000000002,5.9,23.895833333333332,97.91666666666667,7
2024-07-07,1.0,0.0,24.587500000000002,100.0,7
2024-07-08,2.4,0.3,25.258333333333336,100.0,7
2024-07-09,20.700000000000003,1.2,23.71666666666667,93.58333333333333,7
2024-07-10,0.2,0.0,25.129166666666666,64.08333333333333,7
2024-07-11,0.6000000000000001,0.4,25.754166666666666,48.166666666666664,7
2024-07-12,1.1,0.5,26.320833333333336,54.833333333333336,7
2024-07-13,6.6000000000000005,4.3,23.21666666666667,93.75,7
2024-07-14,2.3000000000000003,0.0,23.34583333333333,77.29166666666667,7
2024-07-15,1.2,1.2,26.974999999999998,49.458333333333336,7
2024-07-16,0.2,0.2,25.270833333333332,76.375,7
2024-07-17,3.4000000000000004,0.5,24.6875,100.0,7
2024-07-18,7.1,1.3,24.866666666666664,100.0,7
2024-07-19,2.8,0.2,24.7,98.95833333333333,7
2024-07-20,7.2,0.5,24.8,97.83333333333333,7
2024-07-21,2.1,0.0,26.058333333333334,98.54166666666667,7
2024-07-22,0.0,0.0,27.545833333333334,75.45833333333333,7
2024-07-23,0.0,0.0,28.195833333333336,65.625,7
2024-07-24,0.0,0.0,28.2625,99.5,7
2024-07-25,0.0,0.0,30.416666666666668,88.54166666666667,7
2024-07-26,0.0,0.0,28.554166666666664,77.5,7
2024-07-27,0.0,0.0,28.375,99.58333333333333,7
2024-07-28,3.6,0.6000000000000001,25.97083333333333,99.16666666666667,7
2024-07-29,0.5,0.0,28.47083333333333,96.25,7
2024-07-30,0.0,0.0,28.616666666666664,65.58333333333333,7
2024-07-31,0.0,0.0,28.891666666666666,51.708333333333336,7
2024-08-01,0.4,0.0,28.741666666666664,64.58333333333333,7
2024-08-02,0.0,0.0,30.795833333333334,31.833333333333332,7
2024-08-03,0.2,0.0,29.979166666666668,78.58333333333333,7
2024-08-04,0.0,0.0,31.34583333333333,56.083333333333336,7
2024-08-05,0.30000000000000004,0.0,30.9875,7.375,7
2024-08-06,2.0,0.2,27.583333333333332,82.0,7
2024-08-07,2.1,0.0,29.666666666666668,44.708333333333336,7
2024-08-08,0.6,0.0,29.2625,70.08333333333333,7
2024-08-09,1.7,0.8,27.858333333333334,74.83333333333333,7
2024-08-10,2.0,0.7000000000000001,27.875,54.958333333333336,7
2024-08-11,0.1,0.0,29.59583333333333,41.375,7
2024-08-12,0.0,0.0,30.787499999999998,39.75,7
2024-08-13,0.4,0.0,29.59166666666667,56.458333333333336,7
2024-08-14,0.0,0.0,28.704166666666666,53.375,7
2024-08-15,1.5999999999999999,0.2,29.4375,53.708333333333336,7
2024-08-16,0.1,0.0,30.316666666666666,45.875,7
2024-08-17,0.0,0.0,29.329166666666666,66.66666666666667,7
2024-08-18,0.5,0.1,29.754166666666666,62.5,7
2024-08-19,2.0,0.30000000000000004,28.97083333333333,65.04166666666667,7
2024-08-20,0.8999999999999999,0.0,27.34583333333333,71.0,7
2024-08-21,1.8,0.2,27.27916666666667,94.45833333333333,7
2024-08-22,2.2,0.7,27.09583333333333,65.45833333333333,7
2024-08-23,0.5,0.0,26.59583333333333,41.875,7
2024-08-24,0.0,0.0,26.816666666666666,15.916666666666666,7
2024-08-25,0.1,0.1,28.433333333333334,16.958333333333332,7
2024-08-26,0.30000000000000004,0.0,27.6875,45.625,7
2024-08-27,0.1,0.0,27.758333333333336,27.0,7
2024-08-28,0.2,0.0,28.59583333333333,65.25,7
2024-08-29,0.2,0.0,27.679166666666664,36.666666666666664,7
2024-08-30,0.0,0.0,27.175,14.333333333333334,7
2024-08-31,0.0,0.0,26.1875,49.375,7
2024-09-01,0.0,0.0,26.504166666666666,67.875,7
2024-09-02,0.0,0.0,28.358333333333334,28.333333333333332,7
2024-09-03,0.0,0.0,26.77916666666667,24.833333333333332,7
2024-09-04,0.0,0.0,25.079166666666666,16.0,7
2024-09-05,0.0,0.0,26.15416666666667,36.375,7
2024-09-06,0.0,0.0,25.72083333333333,64.875,7
2024-09-07,0.4,0.0,23.375,89.91666666666667,7
2024-09-08,0.0,0.0,27.599999999999998,51.25,7
2024-09-09,0.0,0.0,28.15416666666667,44.458333333333336,7
2024-09-10,0.0,0.0,28.541666666666668,16.666666666666668,7
2024-09-11,0.0,0.0,28.40833333333333,27.25,7
2024-09-12,0.30000000000000004,0.1,28.224999999999998,35.625,7
2024-09-13,2.2,0.2,27.916666666666668,74.83333333333333,7
2024-09-14,2.8000000000000003,0.4,25.775000000000002,51.041666666666664,7
2024-09-15,0.0,0.0,25.724999999999998,57.041666666666664,7
2024-09-16,0.0,0.0,26.895833333333332,28.25,7
2024-09-17,0.2,0.0,27.691666666666666,86.29166666666667,7
2024-09-18,0.0,0.0,25.95,54.083333333333336,7
2024-09-19,0.0,0.0,25.058333333333334,9.041666666666666,7
2024-09-20,0.0,0.0,24.55,13.0,7
2024-09-21,0.0,0.0,21.52916666666667,42.0,7
2024-09-22,0.0,0.0,21.816666666666666,19.916666666666668,7
2024-09-23,0.0,0.0,20.941666666666666,62.291666666666664,7
2024-09-24,0.0,0.0,21.683333333333334,81.0,7
2024-09-25,0.0,0.0,22.054166666666664,6.333333333333333,7
2024-09-26,0.0,0.0,22.479166666666668,0.08333333333333333,7
2024-09-27,0.0,0.0,22.358333333333334,4.5,7
2024-09-28,0.0,0.0,23.15416666666667,4.666666666666667,7
2024-09-29,0.0,0.0,23.025000000000002,32.333333333333336,7
2024-09-30,0.4,0.4,21.854166666666668,97.75,7
2024-10-01,0.0,0.0,20.666666666666668,77.70833333333333,7
2024-10-02,0.0,0.0,18.666666666666668,68.75,7
2024-10-03,8.0,2.7,15.7125,100.0,7
2024-10-04,32.2,0.0,15.383333333333333,100.0,7
2024-10-05,2.2,1.4,16.3625,86.20833333333333,7
2024-10-06,12.0,0.7,19.804166666666667,100.0,7
2024-10-07,5.6000000000000005,0.0,20.2625,99.95833333333333,7
2024-10-08,0.0,0.0,19.945833333333333,93.20833333333333,7
2024-10-09,0.0,0.0,18.504166666666666,6.166666666666667,7
2024-10-10,0.0,0.0,18.575,53.208333333333336,7
2024-10-11,0.0,0.0,20.3625,2.9583333333333335,7
2024-10-12,0.0,0.0,20.883333333333333,2.25,7
2024-10-13,0.0,0.0,21.0125,29.5,7
2024-10-14,0.0,0.0,20.916666666666668,97.91666666666667,7
2024-10-15,0.30000000000000004,0.0,21.079166666666666,69.58333333333333,7
2024-10-16,0.0,0.0,22.65416666666667,12.208333333333334,7
2024-10-17,0.0,0.0,22.620833333333334,49.458333333333336,7
2024-10-18,2.4,1.4,20.741666666666667,80.04166666666667,7
2024-10-19,1.1,0.0,17.345833333333335,80.375,7
2024-10-20,0.0,0.0,15.033333333333333,46.0,7
2024-10-21,0.0,0.0,16.162499999999998,92.83333333333333,7
2024-10-22,0.2,0.0,16.974999999999998,81.45833333333333,7
2024-10-23,0.0,0.0,16.316666666666666,31.125,7
2024-10-24,0.0,0.0,16.241666666666667,0.0,7
2024-10-25,0.0,0.0,16.845833333333335,19.583333333333332,7
2024-10-26,0.0,0.0,15.975,55.458333333333336,7
2024-10-27,0.0,0.0,17.220833333333335,94.875,7
2024-10-28,0.0,0.0,16.045833333333334,97.33333333333333,7
2024-10-29,0.0,0.0,16.4875,28.208333333333332,7
2024-10-30,0.0,0.0,17.716666666666665,18.875,7
2024-10-31,0.0,0.0,17.2625,65.75,7
2024-11-01,0.0,0.0,18.033333333333335,54.166666666666664,7
2024-11-02,0.30000000000000004,0.1,16.75,66.95833333333333,7
2024-11-03,0.0,0.0,16.375,10.75,7
2024-11-04,0.0,0.0,10.5625,17.291666666666668,7
2024-11-05,0.0,0.0,9.299999999999999,36.125,7
2024-11-06,0.0,0.0,6.554166666666667,12.125,7
2024-11-07,0.0,0.0,6.616666666666667,0.0,7
2024-11-08,0.0,0.0,9.6625,17.166666666666668,7
2024-11-09,0.0,0.0,12.058333333333332,45.541666666666664,7
2024-11-10,0.0,0.0,13.808333333333332,95.5,7
2024-11-11,0.0,0.0,14.979166666666666,32.583333333333336,7
2024-11-12,0.0,0.0,14.775,25.625,7
2024-11-13,0.0,0.0,15.383333333333333,40.666666666666664,7
2024-11-14,0.0,0.0,16.116666666666667,40.208333333333336,7
2024-11-15,0.2,0.0,15.883333333333333,88.875,7
2024-11-16,0.4,0.0,15.341666666666667,76.5,7
2024-11-17,0.0,0.0,14.5875,94.33333333333333,7
2024-11-18,0.0,0.0,7.641666666666667,38.458333333333336,7
2024-11-19,0.0,0.0,7.579166666666667,44.041666666666664,7
2024-11-20,0.0,0.0,8.991666666666665,92.20833333333333,7
2024-11-21,0.0,0.0,10.054166666666667,76.58333333333333,7
2024-11-22,0.0,0.0,8.158333333333333,1.8333333333333333,7
2024-11-23,0.0,0.0,8.495833333333334,14.541666666666666,7
2024-11-24,0.0,0.0,8.641666666666667,24.708333333333332,7
2024-11-25,1.2,1.2,9.7875,96.33333333333333,7
2024-11-26,2.6999999999999997,0.0,8.691666666666666,75.625,7
2024-11-27,0.0,0.0,5.9375,75.25,7
2024-11-28,0.2,0.0,1.9083333333333332,61.583333333333336,7
2024-11-29,4.0,0.0,4.745833333333334,76.625,7
2024-11-30,0.1,0.0,0.6416666666666667,14.958333333333334,7
2024-12-01,0.0,0.0,3.266666666666667,21.166666666666668,7
2024-12-02,0.30000000000000004,0.0,1.5125,66.04166666666667,7
2024-12-03,0.30000000000000004,0.0,1.2333333333333332,37.958333333333336,7
2024-12-04,0.0,0.0,2.65,37.958333333333336,7
2024-12-05,0.0,0.0,3.2583333333333333,26.333333333333332,7
2024-12-06,0.2,0.2,4.7,88.20833333333333,7
2024-12-07,0.0,0.0,2.6125000000000003,35.541666666666664,7
2024-12-08,0.0,0.0,0.1791666666666667,0.5,7
2024-12-09,0.0,0.0,2.4833333333333334,7.958333333333333,7
2024-12-10,0.0,0.0,3.9291666666666667,66.79166666666667,7
2024-12-11,0.0,0.0,3.441666666666667,50.541666666666664,7
2024-12-12,0.0,0.0,3.716666666666667,92.875,7
2024-12-13,0.0,0.0,3.904166666666667,81.08333333333333,7
2024-12-14,0.0,0.0,0.21666666666666665,6.708333333333333,7
2024-12-15,0.0,0.0,0.8500000000000001,8.0,7
2024-12-16,0.0,0.0,0.6708333333333334,3.5,7
2024-12-17,0.0,0.0,1.7458333333333333,13.208333333333334,7
2024-12-18,0.0,0.0,1.9958333333333333,10.291666666666666,7
2024-12-19,0.0,0.0,0.19166666666666665,97.41666666666667,7
2024-12-20,0.0,0.0,-0.3666666666666667,52.083333333333336,7
2024-12-21,0.1,0.0,0.10833333333333334,31.958333333333332,7
2024-12-22,0.0,0.0,-1.6958333333333335,2.5,7
2024-12-23,0.0,0.0,-0.07083333333333335,50.958333333333336,7
2024-12-24,0.0,0.0,1.4041666666666668,27.791666666666668,7
2024-12-25,0.0,0.0,2.983333333333333,90.58333333333333,7
2024-12-26,0.0,0.0,0.7958333333333334,45.083333333333336,7
2024-12-27,0.0,0.0,-1.6666666666666667,31.25,7
2024-12-28,0.0,0.0,-0.5333333333333333,26.666666666666668,7
2024-12-29,0.0,0.0,1.2541666666666667,31.25,7
2024-12-30,0.0,0.0,4.104166666666667,94.66666666666667,7
2024-12-31,0.0,0.0,2.8166666666666664,15.833333333333334,7
2025-01-01,0.2,0.0,-0.06666666666666667,18.666666666666668,7
2025-01-02,0.0,0.0,-0.8458333333333333,13.708333333333334,7
2025-01-03,0.0,0.0,-1.1875,17.0,7
2025-01-04,0.0,0.0,-2.0541666666666667,0.7083333333333334,7
2025-01-05,0.4,0.0,0.2166666666666667,65.125,7
2025-01-06,7.0,0.0,1.2916666666666667,98.58333333333333,7
2025-01-07,0.1,0.0,-0.15416666666666665,21.25,7
2025-01-08,0.0,0.0,-4.279166666666667,48.166666666666664,7
2025-01-09,0.0,0.0,-8.6875,41.875,7
2025-01-10,0.0,0.0,-5.054166666666666,0.625,7
2025-01-11,0.0,0.0,-2.183333333333333,6.583333333333333,7
2025-01-12,0.0,0.0,-0.5333333333333333,65.41666666666667,7
2025-01-13,0.4,0.0,-0.4291666666666667,41.833333333333336,7
2025-01-14,0.4,0.0,0.06666666666666671,56.791666666666664,7
2025-01-15,0.1,0.0,-2.9166666666666665,24.458333333333332,7
2025-01-16,0.0,0.0,-3.154166666666667,7.375,7
2025-01-17,0.0,0.0,-0.38333333333333336,8.291666666666666,7
2025-01-18,0.0,0.0,1.6624999999999999,3.75,7
2025-01-19,0.0,0.0,0.6416666666666667,75.33333333333333,7
2025-01-20,0.0,0.0,1.6708333333333334,85.20833333333333,7
2025-01-21,0.0,0.0,2.35,46.791666666666664,7
2025-01-22,0.0,0.0,2.0500000000000003,28.125,7
2025-01-23,0.0,0.0,2.629166666666667,26.166666666666668,7
2025-01-24,0.0,0.0,3.1833333333333336,7.291666666666667,7
2025-01-25,0.0,0.0,2.8833333333333333,28.5,7
2025-01-26,1.6,1.4,2.0208333333333335,97.66666666666667,7
2025-01-27,0.1,0.0,-1.7166666666666668,54.708333333333336,7
2025-01-28,0.0,0.0,-3.5124999999999997,44.916666666666664,7
2025-01-29,0.2,0.0,-4.0125,51.625,7
2025-01-30,0.7,0.4,-2.4583333333333335,50.666666666666664,7
2025-01-31,3.3,1.7,0.14583333333333334,98.25,7
2025-02-01,0.2,0.0,-1.3583333333333334,26.416666666666668,7
2025-02-02,0.0,0.0,-2.375,80.29166666666667,7
2025-02-03,0.0,0.0,-3.454166666666667,48.208333333333336,7
2025-02-04,0.0,0.0,-6.483333333333333,20.875,7
2025-02-05,0.0,0.0,-6.3374999999999995,32.708333333333336,7
2025-02-06,0.0,0.0,-4.0874999999999995,7.791666666666667,7
2025-02-07,0.6000000000000001,0.0,-1.575,41.958333333333336,7
2025-02-08,0.0,0.0,-0.075,99.25,7
2025-02-09,0.0,0.0,-4.516666666666667,29.333333333333332,7
2025-02-10,0.0,0.0,-3.670833333333333,2.625,7
2025-02-11,0.0,0.0,-0.9208333333333334,70.66666666666667,7
2025-02-12,0.1,0.0,1.2291666666666667,100.0,7
2025-02-13,0.0,0.0,-0.9624999999999999,26.416666666666668,7
2025-02-14,0.0,0.0,2.5208333333333335,55.75,7
2025-02-15,0.0,0.0,2.125,69.625,7
2025-02-16,0.0,0.0,2.3833333333333333,39.625,7
2025-02-17,0.0,0.0,0.8208333333333333,15.333333333333334,7
2025-02-18,0.0,0.0,-0.15,4.583333333333333,7
2025-02-19,0.0,0.0,-1.7541666666666667,4.25,7
2025-02-20,0.0,0.0,-2.283333333333333,9.25,7
2025-02-21,0.0,0.0,-1.8916666666666666,14.666666666666666,7
2025-02-22,0.0,0.0,-2.5,2.0416666666666665,7
2025-02-23,0.0,0.0,-1.95,0.25,7
2025-02-24,0.0,0.0,-0.15000000000000002,6.125,7
2025-02-25,0.0,0.0,3.108333333333333,15.375,7
2025-02-26,0.0,0.0,2.654166666666667,11.916666666666666,7
2025-02-27,0.0,0.0,4.991666666666666,72.54166666666667,7
2025-02-28,0.0,0.0,6.654166666666666,32.25,7
2025-03-01,0.0,0.0,8.3125,82.79166666666667,7
2025-03-02,2.3,0.0,8.095833333333333,88.125,7
2025-03-03,0.0,0.0,5.904166666666666,75.25,7
2025-03-04,0.0,0.0,3.983333333333333,97.375,7
2025-03-05,0.0,0.0,3.4,42.875,7
2025-03-06,0.0,0.0,2.4166666666666665,1.2916666666666667,7
2025-03-07,0.0,0.0,4.420833333333333,72.25,7
2025-03-08,0.0,0.0,5.033333333333333,56.541666666666664,7
2025-03-09,0.0,0.0,6.7,1.0,7
2025-03-10,0.0,0.0,8.354166666666666,0.0,7
2025-03-11,0.0,0.0,8.391666666666667,25.666666666666668,7
2025-03-12,0.0,0.0,10.387500000000001,66.54166666666667,7
2025-03-13,0.0,0.0,8.383333333333333,50.291666666666664,7
2025-03-14,0.0,0.0,8.6875,89.04166666666667,7
2025-03-15,0.4,0.0,10.033333333333333,99.75,7
2025-03-16,1.0,0.0,5.9125000000000005,69.04166666666667,7
2025-03-17,0.1,0.0,2.9499999999999997,47.25,7
2025-03-18,0.2,0.0,4.854166666666667,72.625,7
2025-03-19,0.0,0.0,5.133333333333334,4.0,7
2025-03-20,0.0,0.0,6.541666666666667,0.5833333333333334,7
2025-03-21,0.0,0.0,9.4,19.5,7
2025-03-22,0.0,0.0,10.745833333333332,0.0,7
2025-03-23,0.0,0.0,10.65,0.75,7
2025-03-24,0.0,0.0,11.975,5.25,7
2025-03-25,0.2,0.0,14.924999999999999,50.5,7
2025-03-26,0.1,0.0,15.208333333333334,77.45833333333333,7
2025-03-27,2.2,0.1,12.841666666666667,96.83333333333333,7
2025-03-28,0.0,0.0,5.8999999999999995,86.16666666666667,7
2025-03-29,0.0,0.0,3.379166666666667,40.75,7
2025-03-30,0.0,0.0,5.345833333333334,13.458333333333334,7
2025-03-31,0.0,0.0,7.333333333333333,54.708333333333336,7
2025-04-01,0.0,0.0,9.4,67.04166666666667,7
2025-04-02,0.0,0.0,11.366666666666667,18.458333333333332,7
2025-04-03,0.0,0.0,12.304166666666667,37.5,7
2025-04-04,0.0,0.0,13.866666666666667,62.0,7
2025-04-05,0.0,0.0,10.633333333333333,91.5,7
2025-04-06,0.0,0.0,11.608333333333334,49.416666666666664,7
2025-04-07,0.0,0.0,14.029166666666667,20.75,7
2025-04-08,0.0,0.0,15.429166666666667,87.79166666666667,7
2025-04-09,0.4,0.1,15.270833333333334,99.66666666666667,7
2025-04-10,0.1,0.0,13.362499999999999,81.625,7
2025-04-11,0.0,0.0,14.383333333333333,39.083333333333336,7
2025-04-12,1.4,0.0,12.266666666666666,76.875,7
2025-04-13,0.6000000000000001,0.1,7.804166666666667,62.5,7
2025-04-14,4.6,0.0,8.241666666666667,84.70833333333333,7
2025-04-15,0.0,0.0,11.262500000000001,54.083333333333336,7
2025-04-16,0.0,0.0,14.174999999999999,22.833333333333332,7
2025-04-17,0.9,0.6,17.729166666666668,77.0,7
2025-04-18,0.0,0.0,17.833333333333332,87.125,7
2025-04-19,0.6000000000000001,0.1,16.045833333333334,99.70833333333333,7
2025-04-20,0.0,0.0,16.412499999999998,62.875,7
2025-04-21,0.0,0.0,15.641666666666666,77.66666666666667,7
2025-04-22,0.6000000000000001,0.0,16.775000000000002,80.375,7
2025-04-23,0.0,0.0,14.504166666666668,24.541666666666668,7
2025-04-24,0.0,0.0,15.4625,10.291666666666666,7
2025-04-25,0.0,0.0,16.474999999999998,7.166666666666667,7
2025-04-26,0.0,0.0,16.741666666666667,65.54166666666667,7
2025-04-27,0.0,0.0,14.200000000000001,83.95833333333333,7
2025-04-28,0.0,0.0,14.829166666666666,8.458333333333334,7
2025-04-29,0.0,0.0,16.745833333333334,25.666666666666668,7
2025-04-30,0.0,0.0,17.125,21.333333333333332,7
2025-05-01,0.1,0.0,19.400000000000002,34.625,7
2025-05-02,0.1,0.1,15.5375,82.70833333333333,7
2025-05-03,0.2,0.0,14.375,30.916666666666668,7
2025-05-04,0.0,0.0,16.320833333333333,36.875,7
2025-05-05,0.0,0.0,17.416666666666668,81.95833333333333,7
2025-05-06,0.0,0.0,16.129166666666666,87.95833333333333,7
2025-05-07,0.4,0.0,15.208333333333334,58.416666666666664,7
2025-05-08,0.0,0.0,16.941666666666666,86.04166666666667,7
2025-05-09,0.9,0.5,18.558333333333334,100.0,7
2025-05-10,0.7,0.0,14.8375,83.5,7
2025-05-11,0.0,0.0,15.225,30.916666666666668,7
2025-05-12,0.0,0.0,18.2,13.791666666666666,7
2025-05-13,0.0,0.0,20.825,89.0,7
2025-05-14,0.0,0.0,21.462500000000002,44.083333333333336,7
2025-05-15,0.2,0.0,17.666666666666668,82.95833333333333,7
2025-05-16,0.0,0.0,19.958333333333332,97.95833333333333,7
2025-05-17,0.0,0.0,21.708333333333332,77.08333333333333,7
2025-05-18,0.0,0.0,19.57916666666667,96.66666666666667,7
2025-05-19,2.2,0.2,19.758333333333333,75.0,7
2025-05-20,1.8,0.0,17.349999999999998,58.333333333333336,7
2025-05-21,0.0,0.0,20.208333333333332,35.041666666666664,7
2025-05-22,0.2,0.0,21.683333333333334,99.5,7
2025-05-23,0.1,0.0,20.295833333333334,94.54166666666667,7
2025-05-24,2.1,1.0,18.416666666666668,83.75,7
2025-05-25,0.0,0.0,22.4375,60.208333333333336,7
2025-05-26,0.0,0.0,21.708333333333332,97.75,7
2025-05-27,0.0,0.0,20.912499999999998,49.041666666666664,7
2025-05-28,0.0,0.0,22.1375,29.333333333333332,7
2025-05-29,0.0,0.0,24.329166666666666,37.833333333333336,7
2025-05-30,0.0,0.0,24.40833333333333,0.0,7
2025-05-31,0.0,0.0,25.758333333333336,71.04166666666667,7
2025-06-01,0.0,0.0,23.03333333333333,80.54166666666667,7
2025-06-02,0.0,0.0,23.77916666666667,74.95833333333333,7
2025-06-03,0.0,0.0,22.724999999999998,91.91666666666667,7
2025-06-04,0.0,0.0,22.275000000000002,23.708333333333332,7
2025-06-05,0.0,0.0,22.71666666666667,42.125,7
2025-06-06,0.0,0.0,24.1875,68.29166666666667,7
2025-06-07,0.1,0.0,23.741666666666664,17.833333333333332,7
2025-06-08,0.0,0.0,25.433333333333334,67.45833333333333,7
2025-06-09,0.0,0.0,23.954166666666666,96.20833333333333,7
2025-06-10,0.0,0.0,25.90833333333333,56.416666666666664,7
2025-06-11,18.6,0.0,23.125,100.0,7
2025-06-12,6.7,0.0,23.166666666666668,100.0,7
2025-06-13,7.9,4.9,21.995833333333334,100.0,7
2025-06-14,2.1,0.0,24.25,73.54166666666667,7
2025-06-15,0.0,0.0,25.204166666666666,98.75,7
2025-06-16,14.5,0.9,22.1875,100.0,7
2025-06-17,1.9,0.0,25.0125,75.08333333333333,7
2025-06-18,0.0,0.0,27.008333333333336,35.416666666666664,7
2025-06-19,0.0,0.0,27.004166666666666,8.625,7
2025-06-20,3.2,1.8,25.150000000000002,94.125,7
2025-06-21,0.0,0.0,23.2,90.41666666666667,7
2025-06-22,0.0,0.0,24.683333333333334,47.333333333333336,7
2025-06-23,0.0,0.0,25.287499999999998,44.625,7
2025-06-24,0.0,0.0,25.90416666666667,81.08333333333333,7
2025-06-25,0.1,0.0,23.620833333333334,69.91666666666667,7
2025-06-26,9.2,0.6,23.041666666666668,100.0,7
2025-06-27,0.30000000000000004,0.0,23.691666666666666,100.0,7
2025-06-28,4.6000000000000005,0.8,24.40833333333333,99.16666666666667,7
2025-06-29,4.3,0.0,26.587500000000002,71.58333333333333,7
2025-06-30,0.0,0.0,28.15416666666667,88.54166666666667,7
2025-07-01,0.0,0.0,28.016666666666666,87.41666666666667,7
2025-07-02,0.7000000000000001,0.0,26.933333333333334,88.0,7
2025-07-03,0.0,0.0,27.675,82.5,7
2025-07-04,0.0,0.0,28.6125,49.916666666666664,7
2025-07-05,0.0,0.0,28.5,47.333333333333336,7
2025-07-06,0.0,0.0,29.75,20.541666666666668,7
2025-07-07,0.0,0.0,32.96666666666667,32.25,7
2025-07-08,0.2,0.0,33.329166666666666,4.25,7
2025-07-09,0.0,0.0,31.52916666666667,20.125,7
2025-07-10,0.2,0.0,31.929166666666664,45.041666666666664,7
2025-07-11,0.0,0.0,31.8875,60.208333333333336,7
2025-07-12,0.0,0.0,29.712500000000002,82.83333333333333,7
2025-07-13,5.2,0.0,30.09166666666667,65.54166666666667,7
2025-07-14,0.0,0.0,30.816666666666666,57.458333333333336,7
2025-07-15,0.0,0.0,27.441666666666666,77.375,7
2025-07-16,2.6,0.4,23.166666666666668,100.0,7
2025-07-17,6.4,1.9,24.683333333333334,78.875,7
2025-07-18,4.3,1.2000000000000002,26.4375,74.45833333333333,7
2025-07-19,0.1,0.0,26.78333333333333,60.541666666666664,7
2025-07-20,0.0,0.0,28.754166666666666,69.04166666666667,7
2025-07-21,0.0,0.0,29.275000000000002,63.791666666666664,7
2025-07-22,0.0,0.0,30.816666666666666,35.0,7
2025-07-23,0.0,0.0,31.3125,33.041666666666664,7
2025-07-24,0.0,0.0,31.775000000000002,27.75,7
2025-07-25,0.2,0.0,29.475,75.04166666666667,7
2025-07-26,3.4,0.6,27.766666666666666,81.16666666666667,7
2025-07-27,0.4,0.4,31.825,69.5,7
2025-07-28,0.0,0.0,30.666666666666668,41.416666666666664,7
2025-07-29,0.0,0.0,31.741666666666664,44.208333333333336,7
2025-07-30,1.4,0.0,30.995833333333337,76.58333333333333,7
2025-07-31,0.4,0.0,29.891666666666666,92.625,7
2025-08-01,0.0,0.0,28.733333333333334,52.416666666666664,7
2025-08-02,1.2,0.8,26.683333333333337,90.08333333333331,7
2025-08-03,4.7,1.2,25.291666666666668,98.375,7
2025-08-04,9.5,0.3,28.65416666666667,83.58333333333333,7
2025-08-05,1.0,0.0,29.941666666666663,54.958333333333336,7
2025-08-06,4.0,0.0,27.9625,96.33333333333331,7
2025-08-07,0.0,0.0,28.3375,64.45833333333333,7
2025-08-08,0.2,0.0,27.22083333333333,87.41666666666667,7
2025-08-09,4.7,0.7,23.2,88.41666666666667,7
2025-08-10,0.0,0.0,27.8625,16.666666666666668,7
2025-08-11,0.0,0.0,28.679166666666664,48.583333333333336,7
2025-08-12,10.7,3.2,26.458333333333332,100.0,7
2025-08-13,12.6,4.7,26.0125,96.91666666666669,7
2025-08-14,2.8,0.0,28.09166666666667,79.20833333333333,7
2025-08-15,0.5,0.0,27.208333333333332,75.79166666666667,7
2025-08-16,3.0,0.0,27.7,94.0,7
2025-08-17,0.0,0.0,28.15833333333333,80.08333333333333,7
2025-08-18,1.4000000000000001,0.0,27.09583333333333,75.25,7
2025-08-19,0.6000000000000001,0.1,27.71666666666667,69.20833333333333,7
2025-08-20,0.7000000000000001,0.0,28.495833333333334,83.08333333333333,7
2025-08-21,0.0,0.0,28.7375,59.291666666666664,7
2025-08-22,0.0,0.0,28.15,91.375,7
2025-08-23,0.5,0.3,29.441666666666666,62.25,7
2025-08-24,0.0,0.0,29.666666666666668,7.916666666666667,7
2025-08-25,1.2,0.2,27.833333333333332,63.875,7
2025-08-26,1.1,0.0,28.008333333333336,72.41666666666667,7
2025-08-27,1.0,0.1,26.104166666666668,86.33333333333333,7
2025-08-28,2.2,0.4,27.108333333333334,95.95833333333331,7
2025-08-29,2.8000000000000003,0.0,27.4125,63.583333333333336,7
2025-08-30,1.9000000000000001,0.5,27.433333333333334,41.416666666666664,7
2025-08-31,1.4,0.0,27.479166666666668,63.625,7
2025-09-01,7.1000000000000005,0.5,24.504166666666666,89.75,7
2025-09-02,0.2,0.2,26.21666666666667,57.041666666666664,7
2025-09-03,0.5,0.0,27.620833333333334,62.166666666666664,7
2025-09-04,0.2,0.0,27.354166666666668,91.66666666666667,7
2025-09-05,0.0,0.0,28.1125,44.875,7
2025-09-06,2.4,0.1,25.058333333333337,66.91666666666667,7
2025-09-07,0.0,0.0,25.4375,59.875,7
2025-09-08,1.2000000000000002,0.2,24.854166666666668,95.08333333333331,7
2025-09-09,1.1,0.0,22.0875,97.20833333333331,7
2025-09-10,0.0,0.0,22.7625,62.083333333333336,7
2025-09-11,0.0,0.0,25.1875,8.541666666666666,7
2025-09-12,0.0,0.0,26.195833333333336,45.375,7
2025-09-13,3.2,0.0,22.40416666666667,73.04166666666667,7
2025-09-14,0.0,0.0,24.929166666666664,29.666666666666668,7
2025-09-15,0.4,0.1,24.84166666666667,10.875,7
2025-09-16,0.1,0.0,25.679166666666664,27.166666666666668,7
2025-09-17,12.7,0.9,23.1125,89.04166666666667,7
2025-09-18,7.1000000000000005,0.2,22.84166666666667,92.875,7
2025-09-19,1.0,0.4,22.358333333333334,95.79166666666667,7
2025-09-20,3.7,0.1,18.370833333333337,95.04166666666669,7
2025-09-21,0.0,0.0,22.8875,70.20833333333333,7
2025-09-22,0.0,0.0,21.683333333333334,97.5,7
2025-09-23,0.0,0.0,20.808333333333334,90.04166666666667,7
2025-09-24,4.0,0.5,17.991666666666667,99.375,7
2025-09-25,0.0,0.0,21.583333333333332,57.75,7
2025-09-26,0.0,0.0,22.6125,41.75,7
2025-09-27,1.7000000000000002,0.1,22.204166666666666,33.666666666666664,7
2025-09-28,3.9,0.2,20.425,72.75,7
2025-09-29,0.0,0.0,21.34583333333333,58.666666666666664,7
2025-09-30,0.5,0.30000000000000004,21.162499999999998,70.66666666666667,7
2025-10-01,0.1,0.0,21.625,43.125,7
2025-10-02,1.5,0.0,22.233333333333334,98.25,7
2025-10-03,0.0,0.0,21.158333333333335,88.16666666666667,7
2025-10-04,0.2,0.0,21.995833333333334,64.25,7
2025-10-05,0.9,0.5,22.254166666666663,99.29166666666669,7
2025-10-06,4.7,0.0,20.870833333333334,97.70833333333333,7
2025-10-07,3.0,0.0,20.2,52.916666666666664,7
2025-10-08,0.0,0.0,13.920833333333334,19.583333333333332,7
2025-10-09,0.0,0.0,15.704166666666666,23.958333333333332,7
2025-10-10,7.3,0.5,20.458333333333332,93.16666666666669,7
2025-10-11,24.6,0.0,19.7875,75.29166666666667,7
2025-10-12,1.4000000000000001,1.3,18.608333333333334,66.91666666666667,7
2025-10-13,9.5,2.0,18.704166666666666,98.66666666666667,7
2025-10-14,33.2,0.4,20.991666666666667,100.0,7
2025-10-15,0.9,0.0,21.041666666666668,64.20833333333333,7
2025-10-16,0.1,0.0,19.2,47.0,7
2025-10-17,8.6,2.4,18.970833333333335,53.291666666666664,7
2025-10-18,12.5,0.0,16.079166666666666,100.0,7
2025-10-19,0.0,0.0,10.674999999999999,90.625,7
2025-10-20,0.0,0.0,7.9125,87.625,7
2025-10-21,0.0,0.0,10.004166666666666,31.083333333333332,7
2025-10-22,0.0,0.0,9.1375,11.833333333333334,7
2025-10-23,0.0,0.0,12.408333333333333,44.208333333333336,7
2025-10-24,0.0,0.0,13.029166666666669,79.33333333333333,7
2025-10-25,0.0,0.0,12.975,74.08333333333333,7
2025-10-26,0.0,0.0,10.316666666666666,53.416666666666664,7
2025-10-27,0.0,0.0,6.6875,5.5,7
2025-10-28,0.0,0.0,6.3625,1.9583333333333333,7
2025-10-29,0.0,0.0,8.4625,29.125,7
2025-10-30,0.0,0.0,10.533333333333333,24.333333333333332,7
2025-10-31,12.7,0.0,12.516666666666666,72.95833333333333,7
2025-11-01,18.3,0.0,10.783333333333331,47.75,7
2025-11-02,0.0,0.0,4.575,1.4583333333333333,7
2025-11-03,0.0,0.0,6.5249999999999995,17.375,7
2025-11-04,0.0,0.0,8.645833333333334,44.583333333333336,7
2025-11-05,0.0,0.0,9.270833333333334,57.125,7
2025-11-06,0.0,0.0,10.545833333333333,7.833333333333333,7
2025-11-07,0.0,0.0,11.720833333333333,47.125,7
2025-11-08,0.0,0.0,11.808333333333332,54.083333333333336,7
2025-11-09,0.6000000000000001,0.0,12.112499999999999,54.541666666666664,7
2025-11-10,0.0,0.0,5.108333333333333,1.9583333333333333,7
2025-11-11,0.0,0.0,6.2375,47.791666666666664,7
2025-11-12,0.0,0.0,8.579166666666667,29.375,7
2025-11-13,0.0,0.0,8.1625,13.125,7
2025-11-14,0.0,0.0,6.325,0.4583333333333333,7
2025-11-15,0.0,0.0,7.0375000000000005,59.833333333333336,7
2025-11-16,0.0,0.0,8.35,40.666666666666664,7
2025-11-17,0.0,0.0,1.2291666666666667,24.875,7
2025-11-18,0.0,0.0,-0.9166666666666666,4.458333333333333,7
2025-11-19,0.0,0.0,2.4250000000000003,2.375,7
2025-11-20,0.0,0.0,7.358333333333333,40.708333333333336,7
2025-11-21,0.0,0.0,4.0625,27.625,7
2025-11-22,0.0,0.0,3.629166666666667,8.208333333333334,7
2025-11-23,0.0,0.0,5.7124999999999995,95.45833333333333,7
2025-11-24,1.4,0.0,8.670833333333333,44.583333333333336,7
2025-11-25,0.0,0.0,1.0708333333333333,0.0,7
2025-11-26,0.0,0.0,2.6333333333333333,12.166666666666666,7
2025-11-27,4.3,0.1,2.795833333333333,58.75,7
2025-11-28,0.5,0.1,2.6291666666666664,24.208333333333332,7
2025-11-29,0.9,0.1,7.504166666666666,41.166666666666664,7
2025-11-30,0.5,0.5,1.9291666666666665,0.375,7
2025-12-01,0.0,0.0,-1.6333333333333335,10.541666666666666,7
2025-12-02,0.0,0.0,2.566666666666667,63.541666666666664,7
2025-12-03,1.5,0.0,-0.6166666666666667,36.458333333333336,7
2025-12-04,0.0,0.0,-2.525,21.708333333333332,7
2025-12-05,0.0,0.0,2.4791666666666665,42.5,7
2025-12-06,0.2,0.0,4.3500000000000005,86.91666666666667,7
2025-12-07,0.4,0.0,3.4958333333333336,29.625,7
2025-12-08,0.0,0.0,0.12083333333333335,32.375,7
2025-12-09,0.0,0.0,-0.7666666666666667,12.166666666666666,7
2025-12-10,0.0,0.0,2.6166666666666667,94.04166666666669,7
2025-12-11,0.0,0.0,4.8125,39.333333333333336,7
2025-12-12,0.0,0.0,2.658333333333333,58.666666666666664,7
2025-12-13,11.8,2.4,3.529166666666667,98.16666666666667,7
2025-12-14,0.4,0.0,-1.7166666666666668,40.916666666666664,7
2025-12-15,0.0,0.0,-4.266666666666667,5.5,7
2025-12-16,3.5,0.30000000000000004,0.11250000000000004,41.0,7
2025-12-17,0.0,0.0,-0.9291666666666667,31.75,7
2025-12-18,0.0,0.0,0.2041666666666666,53.75,7
2025-12-19,0.0,0.0,1.9833333333333336,27.583333333333332,7
2025-12-20,5.1,0.30000000000000004,4.895833333333333,73.66666666666667,7
2025-12-21,7.5,0.0,3.7625,100.0,7
2025-12-22,0.5,0.0,2.8541666666666665,81.16666666666667,7
2025-12-23,4.0,2.0,2.3000000000000003,100.0,7
2025-12-24,3.3,0.0,0.14583333333333334,46.458333333333336,7
2025-12-25,0.0,0.0,-4.245833333333334,0.0,7
2025-12-26,0.0,0.0,-4.629166666666666,0.5416666666666666,7
2025-12-27,0.0,0.0,-6.6499999999999995,34.5,7
2025-12-28,0.0,0.0,-0.0791666666666666,64.83333333333333,7
2025-12-29,2.5,0.0,0.6875,55.208333333333336,7
2025-12-30,0.0,0.0,-3.7,0.0,7
2025-12-31,0.0,0.0,-2.3333333333333335,47.25,7
2026-01-01,0.0,0.0,-3.6875,99.75,7
2026-01-02,0.0,0.0,-7.5,39.333333333333336,7
2026-01-03,0.0,0.0,-4.9125000000000005,3.125,7
2026-01-04,0.0,0.0,-3.2083333333333335,14.458333333333334,7
2026-01-05,0.0,0.0,-5.625,0.5833333333333334,7
2026-01-06,0.0,0.0,-0.3333333333333333,30.666666666666668,7
2026-01-07,0.0,0.0,-2.2666666666666666,16.125,7
2026-01-08,0.0,0.0,-6.016666666666667,0.125,7
2026-01-09,1.1,0.1,-1.1083333333333334,45.083333333333336,7
2026-01-10,5.0,0.0,-2.1416666666666666,38.916666666666664,7
2026-01-11,1.5,0.8999999999999999,-4.2250000000000005,80.83333333333333,7
2026-01-12,0.0,0.0,-7.2749999999999995,71.375,7
2026-01-13,0.0,0.0,-9.454166666666667,0.2916666666666667,7
2026-01-14,0.0,0.0,-4.545833333333333,17.083333333333332,7
2026-01-15,0.8,0.0,0.1625,57.083333333333336,7
2026-01-16,0.0,0.0,-0.11249999999999999,33.416666666666664,7
2026-01-17,0.0,0.0,-0.07083333333333336,21.166666666666668,7
2026-01-18,0.4,0.2,1.741666666666667,53.458333333333336,7
2026-01-19,0.4,0.0,-2.6666666666666665,98.83333333333333,7
2026-01-20,0.0,0.0,-10.7,62.0,7
2026-01-21,0.0,0.0,-12.25,0.0,7
2026-01-22,0.0,0.0,-11.104166666666666,2.5,7
2026-01-23,0.5,0.0,-7.820833333333333,29.75,7
2026-01-24,0.0,0.0,-8.549999999999999,0.1666666666666666,7
2026-01-25,0.0,0.0,-8.25,31.875,7
2026-01-26,0.0,0.0,-6.1000000000000005,76.0,7
2026-01-27,0.0,0.0,-2.0500000000000003,32.083333333333336,7
2026-01-28,0.0,0.0,-7.7875,6.333333333333333,7
2026-01-29,0.0,0.0,-8.604166666666666,0.4166666666666667,7
2026-01-30,0.0,0.0,-8.208333333333334,49.083333333333336,7
2026-01-31,0.0,0.0,-4.7,57.958333333333336,7
2026-02-01,0.0,0.0,-0.3166666666666666,50.916666666666664,7
2026-02-02,0.0,0.0,-4.929166666666666,0.2916666666666667,7
2026-02-03,0.0,0.0,-5.370833333333334,1.5416666666666667,7
2026-02-04,1.5,0.8999999999999999,1.5666666666666669,96.04166666666669,7
2026-02-05,0.0,0.0,3.2916666666666665,83.25,7
2026-02-06,0.0,0.0,-2.841666666666667,47.291666666666664,7
2026-02-07,0.0,0.0,-8.104166666666666,27.75,7
2026-02-08,0.0,0.0,-9.2875,0.0,7
2026-02-09,0.0,0.0,-5.258333333333334,14.208333333333334,7
2026-02-10,0.1,0.1,-0.8083333333333332,74.79166666666667,7
2026-02-11,0.5,0.0,1.325,52.25,7
2026-02-12,0.0,0.0,-0.1083333333333333,52.25,7
2026-02-13,0.0,0.0,2.6999999999999997,33.791666666666664,7
2026-02-14,0.0,0.0,5.091666666666667,68.75,7
2026-02-15,0.1,0.0,3.7708333333333335,52.083333333333336,7
2026-02-16,0.0,0.0,0.6124999999999999,20.833333333333332,7
2026-02-17,0.0,0.0,-0.425,2.0,7
2026-02-18,0.0,0.0,1.9958333333333333,0.0,7
2026-02-19,0.0,0.0,3.0749999999999997,1.7083333333333333,7
2026-02-20,0.0,0.0,4.770833333333333,32.125,7
2026-02-21,0.0,0.0,5.716666666666666,6.875,7
2026-02-22,0.0,0.0,2.6041666666666665,19.041666666666668,7
2026-02-23,0.0,0.0,0.19999999999999998,29.125,7
2026-02-24,9.200000000000001,1.5,-2.3874999999999997,91.79166666666667,7
2026-02-25,0.0,0.0,-3.0749999999999997,32.458333333333336,7
2026-02-26,0.0,0.0,0.8708333333333332,98.58333333333333,7
2026-02-27,16.5,1.1,5.104166666666667,89.20833333333333,7
2026-02-28,0.0,0.0,5.629166666666666,39.458333333333336,7
2026-03-01,0.0,0.0,6.370833333333334,84.125,7
2026-03-02,1.7000000000000002,0.30000000000000004,5.25,88.91666666666667,7
2026-03-03,0.0,0.0,7.25,65.66666666666667,7
2026-03-04,0.0,0.0,4.1875,34.625,7
2026-03-05,0.9,0.30000000000000004,4.883333333333334,67.95833333333333,7
2026-03-06,7.5,0.0,3.1041666666666665,87.5,7
2026-03-07,0.0,0.0,-0.3166666666666666,0.0,7
2026-03-08,0.0,0.0,0.6916666666666668,49.875,7
2026-03-09,0.0,0.0,2.370833333333333,26.375,7
2026-03-10,0.0,0.0,2.7624999999999997,20.083333333333332,7
2026-03-11,0.0,0.0,2.7624999999999997,69.125,7
2026-03-12,0.0,0.0,4.4875,26.666666666666668,7
2026-03-13,0.0,0.0,5.533333333333334,47.916666666666664,7
2026-03-14,0.0,0.0,4.658333333333333,99.08333333333333,7
2026-03-15,0.5,0.0,5.870833333333334,92.375,7
2026-03-16,0.0,0.0,5.345833333333334,43.083333333333336,7
2026-03-17,0.0,0.0,4.929166666666666,5.083333333333333,7
2026-03-18,0.0,0.0,5.4624999999999995,95.375,7
2026-03-19,0.0,0.0,4.420833333333333,52.291666666666664,7
2026-03-20,0.0,0.0,3.1958333333333333,0.7083333333333334,7
2026-03-21,0.0,0.0,5.579166666666667,30.541666666666668,7
2026-03-22,0.6000000000000001,0.0,7.108333333333333,15.541666666666666,7
2026-03-23,0.0,0.0,8.012500000000001,19.791666666666668,7
2026-03-24,0.0,0.0,8.683333333333334,55.625,7
2026-03-25,0.0,0.0,10.108333333333333,44.666666666666664,7
2026-03-26,0.0,0.0,9.691666666666666,19.958333333333332,7
2026-03-27,0.5,0.3,10.054166666666667,96.54166666666669,7
2026-03-28,0.0,0.0,10.0375,65.45833333333333,7
2026-03-29,0.0,0.0,10.883333333333333,41.541666666666664,7
2026-03-30,1.0,0.0,12.358333333333334,96.91666666666669,7
2026-03-31,15.0,0.0,12.841666666666669,40.958333333333336,7
2026-04-01,2.3,0.3,10.175,24.5,7
2026-04-02,4.7,0.0,7.983333333333333,28.041666666666668,7
2026-04-03,0.4,0.2,11.470833333333331,24.291666666666668,7
2026-04-04,0.9,0.5,12.025,65.20833333333333,7
2026-04-05,1.2999999999999998,0.1,8.929166666666667,73.20833333333333,7
2026-04-06,2.4,0.0,9.820833333333333,68.375,7
2026-04-07,1.2000000000000002,0.0,10.329166666666667,49.375,7
2026-04-08,0.0,0.0,7.679166666666666,3.4166666666666665,7
2026-04-09,0.5,0.3,8.9125,84.0,7
2026-04-10,0.0,0.0,12.558333333333332,60.125,7
2026-04-11,0.0,0.0,13.670833333333334,67.83333333333333,7
2026-04-12,0.0,0.0,13.479166666666666,64.83333333333333,7
2026-04-13,0.0,0.0,15.0,32.333333333333336,7
2026-04-14,0.0,0.0,14.504166666666668,32.375,7
2026-04-15,0.0,0.0,15.3125,67.66666666666667,7
2026-04-16,0.0,0.0,17.150000000000002,60.083333333333336,7
2026-04-17,4.5,0.7000000000000001,13.216666666666667,9.041666666666666,7
2026-04-18,0.0,0.0,15.2125,70.22727272727273,7
2026-04-19,0.0,0.0,16.625,,7
2026-04-20,0.1,0.1,16.295833333333334,91.57142857142856,7
2026-04-21,0.0,0.0,15.616666666666667,45.0,7
2026-04-22,0.0,0.0,14.762500000000001,91.25,7
2026-04-23,1.6,0.6000000000000001,15.708333333333334,88.375,7
2026-04-24,0.0,0.0,15.358333333333334,83.625,7
2026-04-25,0.0,0.0,14.395833333333334,36.333333333333336,7
2026-04-26,2.0,0.6,16.495833333333334,86.0,7
2026-04-27,3.5999999999999996,0.6,14.283333333333333,53.125,7
2026-04-28,6.199999999999999,2.8,14.091666666666667,65.83333333333333,7
2026-04-29,6.0,0.0,16.079166666666666,86.45833333333333,7
2026-04-30,0.0,0.0,16.741666666666667,27.125,7
2026-05-01,0.0,0.0,15.237499999999999,56.625,7
2026-05-02,0.0,0.0,16.495833333333334,96.625,7
2026-05-03,0.0,0.0,16.616666666666667,75.04166666666667,7
2026-05-04,0.0,0.0,16.429166666666667,22.958333333333332,7
2026-05-05,0.0,0.0,17.287499999999998,0.5,7
2026-05-06,0.2,0.0,15.2125,3.4166666666666665,7
2026-05-07,1.4000000000000001,0.6000000000000001,16.258333333333333,87.91666666666667,7
2026-05-08,0.0,0.0,16.879166666666666,69.95833333333333,7
2026-05-09,0.0,0.0,17.791666666666668,4.5,7
2026-05-10,0.0,0.0,17.962500000000002,12.666666666666666,7
2026-05-11,0.0,0.0,18.4,88.54166666666667,7
2026-05-12,0.6000000000000001,0.0,19.004166666666663,82.45833333333333,7
2026-05-13,2.5,0.1,19.341666666666665,98.66666666666669,7
2026-05-14,0.8,0.1,18.1375,50.583333333333336,7
2026-05-15,0.0,0.0,20.925,13.5,7
2026-05-16,0.0,0.0,23.191666666666666,53.541666666666664,7
2026-05-17,0.0,0.0,24.691666666666666,51.833333333333336,7
2026-05-18,0.0,0.0,22.2,82.95833333333333,7
2026-05-19,0.2,0.0,24.133333333333336,93.625,7
2026-05-20,30.1,3.4000000000000004,18.866666666666667,100.0,7
2026-05-21,1.1,0.0,18.216666666666665,81.95833333333333,7
2026-05-22,0.0,0.0,24.954166666666666,37.333333333333336,7
2026-05-23,0.0,0.0,18.400000000000002,70.75,7
2026-05-24,0.0,0.0,21.483333333333334,63.5,7
2026-05-25,0.2,0.0,24.608333333333334,74.75,7
2026-05-26,4.3,0.4,23.116666666666664,71.625,7
2026-05-27,0.0,0.0,22.325,69.70833333333333,7
2026-05-28,1.7,0.2,19.8625,70.625,7
2026-05-29,0.0,0.0,20.533333333333335,8.0,7
2026-05-30,0.0,0.0,20.3875,2.2916666666666665,7
2026-05-31,0.0,0.0,20.820833333333333,23.875,7
2026-06-01,2.2,0.0,23.3625,93.08333333333333,7
2026-06-02,6.9,0.0,24.458333333333332,44.833333333333336,7
2026-06-03,0.0,0.0,23.90833333333333,91.91666666666667,7
2026-06-04,0.0,0.0,23.645833333333332,25.041666666666668,7
2026-06-05,2.3,0.8999999999999999,21.366666666666664,62.375,7
2026-06-06,0.0,0.0,22.35,99.625,7
2026-06-07,0.0,0.0,22.208333333333332,38.208333333333336,7
2026-06-08,8.9,1.8,18.083333333333332,70.5,7
2026-06-09,1.1,0.3,19.983333333333334,10.916666666666666,7
2026-06-10,0.1,0.0,21.1875,39.0,7
2026-06-11,4.7,0.8999999999999999,19.304166666666667,42.208333333333336,7
2026-06-12,0.0,0.0,22.09166666666667,16.791666666666668,7
2026-06-13,0.5,0.3,23.7,35.833333333333336,7
2026-06-14,2.3,0.3,23.0375,49.166666666666664,7
2026-06-15,4.5,2.7,25.1375,50.291666666666664,7
2026-06-16,2.4,0.3,22.59166666666667,65.04166666666667,7
2026-06-17,1.6,0.0,26.4875,75.75,7
2026-06-18,6.9,0.2,25.295833333333334,60.958333333333336,7
2026-06-19,0.0,0.0,29.833333333333332,61.083333333333336,7
2026-06-20,0.1,0.1,31.170833333333334,45.25,7
2026-06-21,0.3,0.3,29.333333333333332,25.791666666666668,7
2026-06-22,8.7,4.7,26.495833333333337,53.708333333333336,7
2026-06-23,0.0,0.0,24.741666666666664,46.708333333333336,7
2026-06-24,2.0,0.6,22.9875,15.458333333333334,7
2026-06-25,4.8,0.0,23.433333333333334,82.16666666666667,7
2026-06-26,3.5,0.0,23.833333333333332,89.08333333333333,7
2026-06-27,0.0,0.0,22.75,53.75,7
2026-06-28,0.1,0.1,22.9,37.333333333333336,7
2026-06-29,0.0,0.0,24.5875,45.708333333333336,7
2026-06-30,0.0,0.0,25.9125,39.125,7
2026-07-01,0.0,0.0,26.920833333333334,67.125,7
2026-07-02,0.7000000000000001,0.5,27.045833333333334,28.958333333333332,7
2026-07-03,0.9,0.1,27.849999999999998,42.0,7
2026-07-04,5.1000000000000005,0.6000000000000001,25.599999999999998,76.04166666666667,7
2026-07-05,1.3,0.4,26.291666666666668,68.75,7
2026-07-06,9.1,2.4,26.03333333333333,83.04166666666667,7
2026-07-07,28.5,2.2,23.433333333333337,87.125,7
2026-07-08,24.900000000000002,1.0,23.837500000000002,100.0,7
2026-07-09,53.2,0.4,24.8375,86.29166666666667,7
2026-07-10,1.2000000000000002,0.1,26.212500000000002,61.375,7
2026-07-11,0.6000000000000001,0.0,27.35,41.166666666666664,7
2026-07-12,0.0,0.0,28.270833333333332,62.583333333333336,7
2026-07-13,0.0,0.0,27.59583333333333,76.625,7
2026-07-14,0.9,0.1,27.016666666666666,86.75,7
2026-07-15,22.4,3.3000000000000003,25.241666666666664,87.75,7
2026-07-16,0.0,0.0,24.666666666666668,15.916666666666666,7
2026-07-17,0.1,0.0,26.575,54.375,7
2026-07-18,3.3000000000000003,0.5,25.575,88.625,7
2026-07-19,19.5,1.3,25.833333333333332,90.41666666666667,7
2026-07-20,5.3,0.0,25.7375,77.375,7
2026-07-21,2.8,0.6000000000000001,26.400000000000002,42.416666666666664,7
2026-07-22,0.0,0.0,26.870833333333337,54.0,7
2026-07-23,2.3,0.3,26.5125,79.29166666666667,7
2026-07-24,6.9,3.0,26.491666666666664,72.20833333333333,7
2026-07-25,8.299999999999999,1.0,25.120833333333334,84.08333333333333,7
2026-07-26,0.5,0.1,26.754166666666663,48.958333333333336,7
2026-07-27,7.300000000000001,2.3000000000000003,26.129166666666666,91.54166666666667,7
2026-07-28,9.0,1.2,26.162499999999998,96.33333333333333,7
2026-07-29,5.0,0.0,27.02916666666667,52.125,7
2026-07-30,3.0,0.4,27.983333333333334,74.58333333333333,7
2026-07-31,0.8,0.0,28.120833333333337,47.5,7
2026-08-01,0.9,0.0,28.758333333333336,86.41666666666667,7
2026-08-02,1.8,0.0,28.712500000000002,49.5,7
2026-08-03,0.1,0.1,29.025,66.75,7
2026-08-04,6.8,1.6,30.383333333333336,27.375,7
2026-08-05,0.5,0.30000000000000004,32.4,9.708333333333334,7
2026-08-06,0.6,0.6,32.12916666666667,14.291666666666666,7
2026-08-07,0.0,0.0,31.829166666666666,4.541666666666667,7
2026-08-08,1.0,0.6000000000000001,32.079166666666666,20.083333333333332,7
2026-08-09,8.200000000000001,5.0,29.929166666666664,62.291666666666664,7
2026-08-10,0.0,0.0,27.320833333333336,16.333333333333332,7
2026-08-11,0.0,0.0,26.666666666666668,8.666666666666666,7
2026-08-12,0.0,0.0,25.925,93.20833333333333,7
2026-08-13,0.0,0.0,25.9375,50.208333333333336,7
2026-08-14,2.3,0.5,28.02916666666667,97.08333333333333,7
2026-08-15,4.3,2.7,28.875,60.958333333333336,7
2026-08-16,0.3,0.3,27.900000000000002,79.41666666666667,7
2026-08-17,6.2,3.6,26.90833333333333,71.33333333333333,7
2026-08-18,7.5,0.0,25.71666666666667,80.125,7
2026-08-19,0.5,0.0,26.366666666666664,46.208333333333336,7
2026-08-20,12.1,0.0,25.85,73.91666666666667,7
2026-08-21,1.1,0.3,27.858333333333334,47.875,7
2026-08-22,10.1,2.6,27.316666666666666,70.83333333333333,7
2026-08-23,75.9,13.8,24.22083333333333,99.125,7
2026-08-24,17.3,0.0,25.991666666666664,81.33333333333333,7
2026-08-25,15.3,2.7,25.933333333333337,95.125,7
2026-08-26,0.9,0.0,26.679166666666664,34.208333333333336,7
2026-08-27,2.4,0.4,26.4625,69.54166666666667,7
2026-08-28,29.7,8.9,24.28333333333333,100.0,7
2026-08-29,26.5,4.1,24.97083333333333,100.0,7
